{"type":"FeatureCollection","name":"Hong Kong Tramways routes and stops","license":"ODbL-1.0","attribution":"© OpenStreetMap contributors","source":"https://www.openstreetmap.org/copyright","extractedAt":"2026-10-05T09:36:34Z","extractionQuery":"[out:json][timeout:90];relation[route=tram][\"operator:en\"~\"Hongkong Tramways\"](22.15,114.05,22.35,114.35)->.routes;(.routes;node(r.routes););out body geom;","features":[{"type":"Feature","properties":{"kind":"route","serviceName":"Happy Valley to Kennedy Town","name":"Hong Kong Tramways — Happy Valley to Kennedy Town","color":"#309AD0","osmRelationIds":[3263757,4088000],"osmWayCount":52},"geometry":{"type":"MultiLineString","coordinates":[[[114.1262105,22.2829676],[114.1265978,22.2830352],[114.1266247,22.2830391],[114.1267503,22.2830534],[114.1268289,22.2830614],[114.1268559,22.2830634],[114.126878,22.283066],[114.1271621,22.2831153],[114.1279501,22.2832506],[114.1280675,22.2832693]],[[114.1280675,22.2832693],[114.1281478,22.2832824],[114.1287509,22.2833866],[114.1288527,22.283404],[114.128929,22.2834194],[114.1290461,22.2834426],[114.1291634,22.2834659],[114.1292031,22.2834751],[114.1292335,22.2834843],[114.1292617,22.283495],[114.1292859,22.2835058],[114.1293137,22.2835202],[114.1293372,22.283534],[114.1293548,22.2835465],[114.1294808,22.2836479],[114.1294989,22.283664],[114.1295191,22.283686],[114.1295539,22.2837296],[114.1295779,22.2837568],[114.129608,22.283787],[114.1296373,22.2838135],[114.1296715,22.2838414],[114.1303557,22.2843975],[114.1306052,22.2846],[114.1306763,22.2846583],[114.1309269,22.2848619],[114.1313873,22.285236],[114.1314493,22.2852867]],[[114.1314493,22.2852867],[114.1315503,22.2853683],[114.1315895,22.2854025],[114.1316231,22.2854351],[114.1316453,22.2854594],[114.1316689,22.2854886],[114.1316916,22.2855206],[114.1317155,22.2855565],[114.131739,22.2855937],[114.1317631,22.2856354],[114.1319144,22.285916],[114.1322113,22.2864665],[114.1322847,22.2866042],[114.1323485,22.2867222]],[[114.1323485,22.2867222],[114.1324533,22.2869159],[114.1324967,22.2869955],[114.1325245,22.2870395],[114.1325496,22.2870752],[114.1325739,22.2871042],[114.1326105,22.2871416],[114.1326594,22.2871842],[114.1327061,22.2872192],[114.1327512,22.2872481],[114.1328001,22.287274],[114.13285,22.2872957],[114.1329074,22.287315],[114.1329555,22.2873277],[114.1330078,22.287337],[114.1330563,22.2873423],[114.1331077,22.287344],[114.1331594,22.2873431],[114.1332029,22.2873399],[114.1332464,22.2873324],[114.1333011,22.2873206],[114.1336263,22.2872489],[114.1336872,22.2872377]],[[114.1336872,22.2872377],[114.1338488,22.2872198],[114.1338837,22.2872151],[114.1339118,22.2872101],[114.134056,22.287178],[114.1342183,22.2871401],[114.1343586,22.2871088],[114.1347581,22.2870173],[114.1348695,22.2869913],[114.1349093,22.2869798],[114.1349443,22.2869675],[114.1349697,22.2869574],[114.1350055,22.2869421],[114.1350457,22.2869275],[114.1350738,22.2869193],[114.1352773,22.2868728]],[[114.1352773,22.2868728],[114.1353412,22.2868582],[114.1354393,22.2868358],[114.1356548,22.286785],[114.1359132,22.2867244],[114.1359482,22.2867176],[114.135985,22.2867126],[114.1360259,22.2867092],[114.1360613,22.2867106],[114.1360991,22.2867159],[114.1364386,22.2867962],[114.1365203,22.2868212],[114.1365417,22.2868277],[114.1365591,22.2868335],[114.1365828,22.2868398],[114.1367919,22.2868982],[114.1370046,22.2869576],[114.1374245,22.2870772],[114.137522,22.2871028],[114.1375968,22.2871224],[114.1379556,22.2872206],[114.1384856,22.2873635],[114.1386509,22.2874114],[114.1386958,22.2874236],[114.1387088,22.2874272],[114.1388141,22.287455],[114.1389253,22.287484],[114.1389534,22.2874913],[114.1390517,22.2875169],[114.1393324,22.28759],[114.1394153,22.2876104],[114.1394545,22.2876225],[114.1395212,22.2876413],[114.1396504,22.2876752],[114.1400572,22.2877858],[114.1403365,22.2878618],[114.1404374,22.2878891],[114.1405923,22.2879384],[114.1406624,22.2879556],[114.1407336,22.2879683],[114.1407783,22.2879739],[114.1408233,22.2879779],[114.1409077,22.2879781],[114.1412492,22.2879673],[114.1418745,22.2879476],[114.1422496,22.2879357],[114.1423345,22.287933],[114.1424437,22.2879295],[114.1430018,22.2879118],[114.1431563,22.2879069],[114.1435081,22.2878958],[114.1436834,22.2878902],[114.1437731,22.2878874],[114.1438629,22.2878846],[114.1447611,22.2878562],[114.1448533,22.2878532],[114.1451124,22.2878442],[114.1452594,22.2878354],[114.1458358,22.2877843],[114.1459167,22.2877779],[114.1468969,22.2876897],[114.1471279,22.28767],[114.1471739,22.2876672],[114.1472052,22.2876663],[114.1472354,22.2876664],[114.1472648,22.2876717],[114.1472882,22.287677],[114.1473142,22.2876847],[114.1473332,22.2876923],[114.1473504,22.2877016],[114.147367,22.2877127],[114.1475017,22.2878124],[114.1479094,22.2881144],[114.1479736,22.2881604],[114.1480106,22.2881842],[114.1480327,22.288195]],[[114.1480327,22.288195],[114.1480502,22.2882018],[114.1480677,22.2882066],[114.148092,22.288211],[114.1481193,22.2882143],[114.1481461,22.2882156],[114.1481694,22.2882146],[114.1481974,22.2882112],[114.1482257,22.2882056],[114.1498675,22.2877949],[114.1500937,22.2877383],[114.15063,22.2876064],[114.1508193,22.2875586]],[[114.1508193,22.2875586],[114.1513545,22.2874242]],[[114.1513545,22.2874242],[114.1514074,22.287411],[114.1514159,22.2874082],[114.1514254,22.2874052],[114.151439,22.2873989],[114.1514526,22.28739],[114.1514593,22.2873842],[114.1514651,22.2873793],[114.1514738,22.2873705],[114.1514817,22.2873602],[114.1514888,22.2873485],[114.1514941,22.2873361],[114.1514967,22.2873275],[114.1514989,22.2873203],[114.1515011,22.2873074],[114.1515015,22.2872942],[114.1514999,22.2872793],[114.1514974,22.287267]],[[114.1514974,22.287267],[114.1513832,22.2868755],[114.1513804,22.286864],[114.1513786,22.2868513],[114.1513778,22.2868382],[114.1513789,22.286823],[114.151382,22.286806],[114.1513878,22.286789],[114.1513979,22.2867709],[114.1514128,22.2867524],[114.1514257,22.2867389],[114.1514378,22.2867288],[114.1514505,22.2867205],[114.1514635,22.286715]],[[114.1514635,22.286715],[114.1518901,22.2866093],[114.151986,22.2865857],[114.1520754,22.2865614],[114.1530885,22.2863135],[114.1531311,22.2863007],[114.1532079,22.2862775],[114.1532495,22.2862626],[114.1532886,22.2862478],[114.1533756,22.2862074],[114.1534208,22.2861817],[114.1540474,22.285815],[114.1546269,22.2854763],[114.1547111,22.2854269],[114.1552294,22.2851241],[114.1552876,22.2850837],[114.1553425,22.2850409],[114.1553851,22.2850009],[114.155423,22.2849591],[114.1556398,22.2846944],[114.1556614,22.2846687],[114.1556816,22.2846446],[114.1557425,22.2845713]],[[114.1557425,22.2845713],[114.1557931,22.2845093],[114.1558104,22.2844883],[114.1558563,22.2844328],[114.1559846,22.2842773],[114.156007,22.2842502],[114.1560748,22.284168],[114.1561091,22.2841266],[114.1564504,22.2837144],[114.156472,22.2836882],[114.1565002,22.2836534],[114.1565257,22.2836214],[114.1571163,22.2828787],[114.1573254,22.2826146],[114.1573397,22.2825948],[114.1573505,22.2825777],[114.157407,22.2824806],[114.1574227,22.2824565],[114.1574361,22.2824378],[114.1576056,22.2822258],[114.1576324,22.2821926],[114.1576496,22.2821708],[114.1577296,22.2820704],[114.1577444,22.282053],[114.157762,22.2820346],[114.1577896,22.2820089],[114.1578405,22.2819617],[114.157861,22.2819417],[114.1578808,22.28192],[114.1579336,22.2818555],[114.1580428,22.2817185],[114.1583045,22.2813903],[114.1585684,22.2810609],[114.1586025,22.2810196],[114.1586228,22.2809979],[114.1586481,22.2809747],[114.1586666,22.2809597],[114.1586876,22.2809447],[114.1587075,22.2809316],[114.1587315,22.2809184],[114.1587579,22.2809063],[114.1587786,22.2808975],[114.1587976,22.280891],[114.1588142,22.2808859],[114.1590839,22.2808127],[114.1593618,22.2807416],[114.1594049,22.2807305],[114.1599693,22.2805845],[114.1601298,22.2805417],[114.1602491,22.2805105],[114.1602755,22.2805026],[114.1602986,22.2804941],[114.1603252,22.2804811],[114.1603522,22.2804653],[114.1603749,22.2804489],[114.1603917,22.2804347],[114.16041,22.2804167],[114.1604264,22.2803968],[114.1604429,22.2803733],[114.1604551,22.2803515],[114.1604675,22.2803246],[114.1604964,22.2802554],[114.1605098,22.2802273],[114.1605243,22.2802],[114.1605372,22.2801783],[114.1605513,22.2801562],[114.160567,22.2801345]],[[114.160567,22.2801345],[114.1605833,22.2801154],[114.1606038,22.2800947],[114.1606275,22.2800741],[114.1606517,22.2800563],[114.1606788,22.280039],[114.1607088,22.2800224],[114.160739,22.2800072],[114.1607827,22.2799889],[114.1608171,22.279977],[114.1608486,22.2799678],[114.1608831,22.27996],[114.1609295,22.2799519],[114.1610851,22.2799298],[114.1612647,22.2799041],[114.1613721,22.2798859],[114.1614041,22.2798798],[114.1615176,22.2798503],[114.1615915,22.2798261],[114.1617302,22.2797752],[114.1621778,22.2796113],[114.1623174,22.2795573],[114.162432,22.2795114],[114.1624825,22.279489],[114.1625444,22.2794593],[114.1626885,22.2793824],[114.162761,22.2793404],[114.1628292,22.2792977],[114.1628917,22.2792551],[114.1630364,22.2791542],[114.1631832,22.2790467],[114.1633697,22.2789101],[114.1634563,22.2788489],[114.1635143,22.2788092],[114.163594,22.2787576],[114.1637022,22.2786932],[114.1638143,22.2786309],[114.1639104,22.2785804],[114.1640189,22.2785277],[114.1641064,22.2784884],[114.164199,22.27845],[114.1642758,22.2784192],[114.1643304,22.2783988],[114.1644107,22.2783713],[114.164452,22.2783583],[114.164518,22.2783374],[114.1646288,22.2783063],[114.1648198,22.2782583],[114.1649194,22.2782374],[114.1649905,22.2782243],[114.1651341,22.2782007],[114.1662682,22.2780327],[114.1663209,22.2780262],[114.1672325,22.2779498],[114.1672717,22.2779455]],[[114.1672717,22.2779455],[114.1673726,22.2779327],[114.1676821,22.2778865],[114.1677587,22.2778771],[114.1678273,22.2778699],[114.168197,22.2778394],[114.1690542,22.2777672],[114.1690925,22.2777627],[114.1691299,22.2777578],[114.1691881,22.277747],[114.1692332,22.2777345],[114.1692696,22.2777216],[114.1692972,22.27771]],[[114.1692972,22.27771],[114.1693272,22.2776949],[114.1693648,22.2776739],[114.1693976,22.2776536],[114.1695958,22.2775311],[114.1698789,22.2773563],[114.1700535,22.2772484],[114.1701304,22.2771992],[114.1702883,22.2771018],[114.1705995,22.2769093],[114.1707576,22.2768114],[114.1711646,22.2765595],[114.1712095,22.276533],[114.1712479,22.2765116],[114.171283,22.2764939],[114.1713106,22.2764821],[114.1713818,22.2764554],[114.1714125,22.2764464],[114.1714513,22.2764367],[114.1715011,22.2764269],[114.171554,22.2764188],[114.1715958,22.2764151],[114.1716333,22.2764131],[114.1716674,22.276413],[114.1717385,22.2764161],[114.1717796,22.2764193],[114.1719788,22.2764398],[114.1722341,22.2764662],[114.1727954,22.2765243],[114.1731412,22.276562],[114.173316,22.2765809],[114.1740049,22.2766568],[114.1743069,22.2766901],[114.1743785,22.276698],[114.1744136,22.2767013],[114.1747845,22.276743],[114.1748096,22.2767455],[114.1748427,22.2767495],[114.1748606,22.2767519],[114.1748784,22.2767549]],[[114.1748784,22.2767549],[114.1749286,22.2767671],[114.1749503,22.2767741],[114.174976,22.2767829],[114.1750041,22.2767945],[114.1750257,22.2768039],[114.1750479,22.2768145],[114.1750812,22.2768313],[114.1751411,22.2768642],[114.1751989,22.2768983],[114.1752229,22.2769125],[114.1753516,22.2769883],[114.175575,22.2771195],[114.1759158,22.2773205],[114.1762437,22.2775126],[114.176783,22.277832],[114.1769647,22.2779386]],[[114.1769647,22.2779386],[114.1770901,22.2780125],[114.1771259,22.278032],[114.1771654,22.2780516],[114.1772161,22.2780747],[114.1772981,22.2781052],[114.1773365,22.2781177]],[[114.1773365,22.2781177],[114.1778314,22.2782634],[114.1779422,22.2782967],[114.1780461,22.2783272],[114.1794057,22.278725],[114.1795721,22.2787749],[114.1796146,22.2787891],[114.1796746,22.2788096],[114.1797147,22.2788236]],[[114.1797147,22.2788236],[114.1797729,22.2788452],[114.1807835,22.2792254],[114.1810841,22.2793353],[114.1814257,22.2794647],[114.1824525,22.2798467]],[[114.1824525,22.2798467],[114.1824885,22.2798562],[114.1825114,22.279861],[114.182551,22.2798658],[114.1825727,22.2798661],[114.1825894,22.2798662],[114.1826123,22.2798644],[114.1826478,22.2798556],[114.1826766,22.279844],[114.1827058,22.2798265],[114.1827264,22.2798106],[114.1827468,22.2797882],[114.1827526,22.279781],[114.1827623,22.2797671],[114.1827717,22.2797495]],[[114.1827717,22.2797495],[114.1827788,22.279733],[114.1828088,22.2796636],[114.182865,22.2795339],[114.1830536,22.279096],[114.1830626,22.279075],[114.1830764,22.2790424],[114.1831817,22.2787923],[114.1831976,22.278755],[114.1832309,22.2786761],[114.1832684,22.2785871],[114.1834882,22.2780662],[114.1835202,22.2779874],[114.1835489,22.2779004],[114.1835472,22.2778814],[114.1835439,22.2778635],[114.1835367,22.2778393],[114.1835252,22.2778144],[114.1835149,22.2777982],[114.1835043,22.2777833],[114.1834897,22.2777681],[114.1834619,22.2777449]],[[114.1834619,22.2777449],[114.1825262,22.2771593],[114.1824841,22.2771319],[114.182454,22.2771104],[114.1824271,22.2770892],[114.1824029,22.2770687],[114.1823818,22.2770468],[114.1823634,22.2770245],[114.1823444,22.276998],[114.1823124,22.276932],[114.1823016,22.276873],[114.1823043,22.2768141],[114.1823116,22.2767598],[114.1823358,22.2766987]],[[114.1823358,22.2766987],[114.1827014,22.2759125],[114.182712,22.2758871],[114.1827494,22.2758102]],[[114.1827494,22.2758102],[114.1832092,22.2748674],[114.1832983,22.2746847],[114.1835778,22.2740681],[114.1836035,22.2740156],[114.1836522,22.2739122],[114.183666,22.2738855],[114.1836962,22.2738265],[114.1840312,22.2731229],[114.1843078,22.2725414],[114.1844531,22.2722351],[114.1846888,22.2717388],[114.1847046,22.2717012],[114.1847194,22.2716602],[114.1847313,22.2716243],[114.1847712,22.2714877],[114.1847834,22.2714331],[114.1847928,22.2713735],[114.1847991,22.2713107],[114.1848024,22.2712348],[114.1848083,22.2708415],[114.1848085,22.2707865],[114.184806,22.2707351],[114.1848012,22.2706959],[114.1847927,22.2706473],[114.1847834,22.2706061],[114.184772,22.2705648],[114.1847598,22.270525],[114.1847453,22.2704851],[114.1847246,22.2704368],[114.1846992,22.2703861],[114.1846751,22.2703437],[114.1846503,22.2703045],[114.1845638,22.270178],[114.1844954,22.2700794],[114.1844816,22.2700616],[114.1844486,22.2700259],[114.1844278,22.2700063],[114.1843966,22.2699797]],[[114.1843966,22.2699797],[114.1843827,22.2699684],[114.1843697,22.2699586],[114.1843558,22.2699493],[114.1843003,22.269916],[114.1842795,22.2699051],[114.1842566,22.2698949]],[[114.1842566,22.2698949],[114.1841742,22.2698599],[114.1840769,22.2698189],[114.1839861,22.2697911]],[[114.1839861,22.2697911],[114.1839331,22.2697761],[114.1838787,22.2697624],[114.1838164,22.2697538],[114.1837821,22.2697508],[114.183752,22.2697502],[114.1837015,22.2697517],[114.1836773,22.2697536],[114.1836564,22.2697557],[114.1835376,22.2697741],[114.1834432,22.2697952],[114.1833941,22.2698086],[114.1833221,22.2698319],[114.1831858,22.2698906],[114.1830693,22.2699517],[114.1830061,22.269992],[114.1829341,22.2700423],[114.1828548,22.2701024],[114.1823226,22.2705258],[114.1822485,22.2705757],[114.1822404,22.2705811],[114.1821438,22.2706399],[114.182044,22.2706945],[114.1819446,22.2707402],[114.1817077,22.2708382],[114.1816136,22.2708767],[114.1815295,22.2709144],[114.1814843,22.2709376],[114.1814242,22.2709707],[114.181341,22.2710214],[114.181308,22.2710439],[114.1803595,22.2716897],[114.180232,22.2717735],[114.1801989,22.2717981],[114.1801641,22.2718286],[114.1801308,22.2718628],[114.1801014,22.2718987],[114.1800814,22.2719271],[114.1800648,22.2719537],[114.180052,22.2719764],[114.1800384,22.2720035],[114.1800305,22.2720231],[114.1798966,22.2723873],[114.1795083,22.2734494],[114.1794847,22.2735234]],[[114.1794847,22.2735234],[114.1794713,22.2735699],[114.1794545,22.273635],[114.1794426,22.2736858],[114.1794329,22.2737344],[114.1794238,22.2737844],[114.1794143,22.2738418],[114.1794103,22.2738839],[114.1794041,22.2739676],[114.1794024,22.2740189],[114.1794034,22.2740874],[114.1794084,22.2741549],[114.1794216,22.2742614],[114.1794256,22.2742862],[114.1794494,22.2743981],[114.1794625,22.2744499],[114.1794927,22.2745462],[114.179506,22.2745815],[114.1795217,22.2746191],[114.1795382,22.2746562],[114.1795772,22.27474],[114.1796036,22.2747931],[114.1796236,22.2748313],[114.1796392,22.2748585],[114.1796578,22.2748879],[114.1796953,22.2749426],[114.1797255,22.274984],[114.179778,22.2750521],[114.1798054,22.2750851],[114.1798674,22.2751547],[114.1799478,22.2752411],[114.1805443,22.2758504],[114.1806666,22.2759761],[114.1806862,22.2759993],[114.1807,22.2760204],[114.1807133,22.2760478],[114.1807211,22.2760759],[114.1807274,22.276108],[114.18073,22.2761379],[114.1807288,22.27616],[114.1807244,22.27619],[114.1807166,22.2762151],[114.1807051,22.2762385],[114.1806894,22.2762619],[114.1806197,22.2763351],[114.1805528,22.2764008],[114.1804888,22.2764597],[114.1804804,22.2764678],[114.1803995,22.276546],[114.180377,22.2765706],[114.1803513,22.276608],[114.1803383,22.2766331],[114.1803256,22.2766619],[114.1803129,22.2766984],[114.1802148,22.2770136],[114.1801869,22.277102],[114.1801405,22.2772206],[114.1801287,22.2772481],[114.1800341,22.2774476],[114.1800188,22.2774799],[114.1799786,22.2775736],[114.1799576,22.2776283],[114.1798567,22.2779053],[114.1798531,22.2779152],[114.1798038,22.2780548],[114.179789,22.278096],[114.17978,22.2781224],[114.1797343,22.2782544],[114.1797159,22.2783121],[114.1796979,22.2783754],[114.1796878,22.2784066],[114.1796517,22.278505],[114.1796355,22.2785512],[114.1796266,22.2785771],[114.1796257,22.2785799]],[[114.1796257,22.2785799],[114.1796226,22.2785865],[114.1796197,22.2785918],[114.1796154,22.2785983],[114.1796082,22.2786078],[114.1795999,22.2786174],[114.1795917,22.2786258],[114.1795679,22.2786463],[114.1795437,22.2786607],[114.1795027,22.2786772],[114.1794633,22.2786859],[114.179416,22.2786901],[114.1793858,22.2786896],[114.1793424,22.2786817]],[[114.1793424,22.2786817],[114.1793018,22.2786704],[114.1780623,22.2783071],[114.1779503,22.278274],[114.1773838,22.2781068],[114.1772889,22.2780765],[114.1772489,22.2780616]],[[114.1772489,22.2780616],[114.1772028,22.2780423],[114.1771597,22.278021],[114.1771002,22.2779893],[114.1770254,22.2779453]],[[114.1770254,22.2779453],[114.176797,22.277811],[114.1762578,22.2774926],[114.1759892,22.2773347],[114.175934,22.2773019],[114.1755802,22.2770942],[114.1752796,22.2769163],[114.1752374,22.2768917],[114.1752168,22.2768795],[114.1751486,22.2768393],[114.1750951,22.2768102],[114.1750635,22.276794],[114.1750359,22.2767807],[114.1750137,22.2767706],[114.1749956,22.2767634],[114.1749756,22.2767564],[114.1749555,22.2767499],[114.1749258,22.2767408],[114.1748849,22.2767317]],[[114.1748849,22.2767317],[114.1748742,22.2767301],[114.1748609,22.2767277],[114.1748463,22.2767256],[114.1748314,22.2767239],[114.1748181,22.2767224],[114.1747876,22.2767189],[114.1747503,22.2767148],[114.1744174,22.2766784],[114.1740084,22.2766334],[114.1735092,22.2765796],[114.1733192,22.2765581],[114.1727983,22.2765023],[114.1722379,22.2764436],[114.1720986,22.276429],[114.1718133,22.2763998],[114.1717394,22.2763942],[114.1717019,22.2763906],[114.1716422,22.2763889],[114.1716052,22.2763898],[114.1715786,22.2763912],[114.1715518,22.2763943],[114.1714924,22.276403],[114.1714482,22.2764107],[114.1714058,22.2764216],[114.1713723,22.2764318],[114.171346,22.2764418],[114.1713092,22.2764575],[114.1712653,22.276478],[114.1712209,22.2765002],[114.1711837,22.2765204],[114.1711513,22.2765397],[114.170744,22.276792],[114.1704763,22.2769578],[114.1702744,22.2770828],[114.170194,22.2771326],[114.1701175,22.2771806],[114.1694284,22.2776078],[114.1693576,22.2776517],[114.1693452,22.2776589],[114.1693322,22.2776665],[114.1693094,22.2776781]],[[114.1693094,22.2776781],[114.1692905,22.2776871],[114.1692573,22.2777009],[114.1692277,22.2777111],[114.1692007,22.2777188],[114.1691724,22.2777259],[114.1691438,22.2777318],[114.1691119,22.2777367],[114.169043,22.277745],[114.1684408,22.2777947],[114.1677776,22.277851],[114.1676914,22.2778614],[114.1676292,22.2778701],[114.1673983,22.2779053]],[[114.1673983,22.2779053],[114.1672616,22.2779241],[114.1672163,22.2779287],[114.1662871,22.2780071],[114.166255,22.2780108],[114.1651232,22.278178],[114.1649647,22.2782046],[114.1648027,22.2782372],[114.164628,22.278281],[114.1645745,22.2782951],[114.1644978,22.2783179],[114.1644426,22.2783354],[114.1644077,22.2783465],[114.1643323,22.2783716],[114.1642486,22.2784027],[114.1641744,22.278433],[114.164087,22.2784698],[114.1640053,22.2785069],[114.1639378,22.2785389],[114.1638673,22.2785743],[114.1638017,22.2786095],[114.1637457,22.2786401],[114.1636882,22.2786732],[114.1635794,22.2787389],[114.1635009,22.278789],[114.1634392,22.2788313],[114.1633373,22.2789028],[114.1631612,22.2790329],[114.1629914,22.2791578],[114.1628236,22.2792746],[114.1627622,22.2793136],[114.1626696,22.2793678],[114.1625267,22.2794452],[114.1624231,22.2794927],[114.1623054,22.2795408],[114.162169,22.2795927],[114.1617444,22.2797424],[114.1615526,22.2798122],[114.1614708,22.2798389],[114.1613664,22.2798625],[114.1612888,22.2798753],[114.1610813,22.2799066],[114.1609161,22.27993],[114.1608826,22.279936],[114.1608494,22.2799433],[114.1608119,22.279953],[114.1607814,22.2799619],[114.1607495,22.2799729],[114.1607216,22.279984],[114.1606964,22.2799957],[114.1606694,22.280011],[114.160645,22.2800268],[114.1606196,22.280046],[114.1605978,22.2800645]],[[114.1605978,22.2800645],[114.1605725,22.2800892],[114.1605499,22.2801147],[114.1605308,22.2801382],[114.1605162,22.2801593],[114.1605022,22.280182],[114.1604881,22.2802084],[114.1604749,22.2802365],[114.1604578,22.2802781],[114.160443,22.2803132],[114.1604343,22.280331],[114.1604222,22.2803521],[114.1604118,22.2803681],[114.1603994,22.2803839],[114.1603854,22.2803996],[114.1603679,22.2804165],[114.1603504,22.2804315],[114.1603316,22.2804454],[114.1603142,22.2804565],[114.1602959,22.2804668],[114.1602766,22.2804756],[114.1602562,22.2804837],[114.1602333,22.2804911],[114.159963,22.280562],[114.1598735,22.2805851],[114.1594265,22.2807011],[114.1593986,22.2807084]],[[114.1593986,22.2807084],[114.1590788,22.2807901],[114.1588094,22.2808627],[114.1587713,22.2808746],[114.1587439,22.2808852],[114.1587184,22.280897],[114.1586952,22.28091],[114.1586706,22.2809244],[114.1586493,22.2809398],[114.1586286,22.2809569],[114.1586118,22.2809728],[114.1585923,22.2809937],[114.1585748,22.2810141],[114.1581594,22.2815314],[114.158034,22.2816864],[114.1579692,22.2817697],[114.1579333,22.2818166],[114.1579127,22.2818427],[114.1578667,22.2819003],[114.1578535,22.2819146],[114.1578378,22.2819296],[114.157767,22.2819942],[114.1577415,22.2820207],[114.1577193,22.2820457],[114.15763,22.2821577],[114.1573923,22.2824551],[114.1573748,22.2824787],[114.1573565,22.2825064],[114.1573376,22.2825371],[114.1573199,22.28257],[114.1573034,22.2825984],[114.1572889,22.2826202],[114.1572742,22.2826393],[114.1570948,22.2828648],[114.1566317,22.2834492],[114.1565292,22.2835754],[114.1565045,22.283606],[114.1564785,22.2836383],[114.1564504,22.2836728],[114.156087,22.2841126],[114.1560535,22.2841532],[114.155986,22.284235],[114.1559628,22.284263],[114.1558356,22.2844167],[114.1557877,22.2844753],[114.1557718,22.2844947],[114.1557213,22.2845555],[114.1556604,22.2846288],[114.1556384,22.2846554],[114.1553828,22.2849648],[114.155369,22.2849801],[114.1553339,22.2850136],[114.1552897,22.28505],[114.1552504,22.2850789],[114.1551874,22.2851208],[114.1548514,22.2853169],[114.1546974,22.2854063],[114.1545361,22.2855023],[114.1544529,22.2855505],[114.1540323,22.2857941],[114.1533616,22.2861857],[114.1533183,22.28621],[114.1532829,22.2862262],[114.1532386,22.2862433],[114.1532,22.2862561],[114.153124,22.2862782],[114.1531077,22.2862829],[114.1529173,22.2863302],[114.1520739,22.2865373],[114.1519809,22.28656],[114.1513254,22.2867215],[114.1511475,22.286765],[114.1510583,22.2867876]],[[114.1510583,22.2867876],[114.1507667,22.2868599],[114.1505958,22.2869022],[114.1505529,22.2869129],[114.1505381,22.2869173],[114.150525,22.2869226],[114.1505145,22.2869288],[114.1505044,22.286936],[114.1504958,22.2869438],[114.1504881,22.2869519]],[[114.1504881,22.2869519],[114.1504819,22.2869598],[114.1504771,22.2869673],[114.1504712,22.2869788],[114.1504666,22.286991],[114.1504638,22.2870023],[114.1504621,22.2870154],[114.1504619,22.2870274],[114.150463,22.2870393],[114.1504646,22.2870509],[114.1504677,22.2870642],[114.1504777,22.2871007],[114.1505746,22.2874304]],[[114.1505746,22.2874304],[114.150582,22.2874616],[114.1505855,22.2874812],[114.1505866,22.2874939],[114.1505863,22.287505],[114.1505848,22.2875163],[114.1505814,22.2875295],[114.1505769,22.2875415],[114.1505708,22.2875527],[114.1505652,22.2875615],[114.1505554,22.2875731],[114.1505477,22.287581],[114.1505368,22.2875892],[114.1505242,22.2875971],[114.1505134,22.2876025],[114.1505014,22.2876069],[114.1504873,22.2876109]],[[114.1504873,22.2876109],[114.1500873,22.2877112],[114.150033,22.2877248],[114.1487641,22.2880427],[114.1484009,22.2881322],[114.1482605,22.2881721],[114.1482245,22.2881804],[114.1481882,22.2881867],[114.1481472,22.2881896],[114.1481042,22.2881871],[114.1480755,22.2881822],[114.1480496,22.288174]],[[114.1480496,22.288174],[114.1480314,22.2881662],[114.1480133,22.2881557],[114.1479901,22.2881408],[114.1479249,22.2880926],[114.147521,22.287794],[114.1473987,22.2877036],[114.147371,22.2876849],[114.1473439,22.2876692],[114.1473214,22.2876593],[114.1472987,22.2876518],[114.1472838,22.287648],[114.1472686,22.2876455],[114.1472336,22.2876417],[114.1472076,22.2876414],[114.1471711,22.2876425],[114.1471265,22.2876457],[114.1461433,22.2877334],[114.1459143,22.2877546],[114.1458339,22.2877614],[114.1452695,22.2878106],[114.145195,22.2878162],[114.1448523,22.2878275],[114.1447601,22.2878305],[114.1440366,22.2878534],[114.143862,22.2878589],[114.1437722,22.2878618],[114.1436824,22.2878646],[114.1435072,22.2878701],[114.1430009,22.2878862],[114.1429566,22.2878877],[114.1424427,22.2879039],[114.1423336,22.2879073],[114.1422487,22.28791],[114.1418735,22.2879219],[114.1412483,22.2879417],[114.1410815,22.287947],[114.1409068,22.2879525],[114.1408189,22.2879522],[114.1407756,22.2879483],[114.1407326,22.2879426],[114.1406658,22.2879303],[114.1406,22.2879138],[114.1404476,22.2878674],[114.1400627,22.2877621],[114.1396602,22.287652],[114.1395278,22.2876158],[114.1394646,22.2875985],[114.1394237,22.2875872],[114.1393378,22.2875645],[114.1390632,22.2874915],[114.1389599,22.2874635],[114.1389353,22.2874568],[114.1388227,22.2874262],[114.1387195,22.2873979],[114.1387054,22.2873941],[114.1384945,22.2873369],[114.137606,22.2870966],[114.1375633,22.2870871],[114.1375312,22.2870783],[114.1374335,22.2870539],[114.1370105,22.2869349],[114.1368029,22.2868794],[114.1365907,22.2868232],[114.1365644,22.286816],[114.1365488,22.2868108],[114.1365261,22.2868032],[114.1362041,22.2867172],[114.1361219,22.2866986],[114.1360808,22.2866906],[114.1360501,22.2866864],[114.1360202,22.286686],[114.1359791,22.28669],[114.135943,22.2866957],[114.1359165,22.2867009],[114.1356705,22.286758],[114.135649,22.2867628],[114.1354333,22.2868121],[114.1353867,22.2868223],[114.1349609,22.2869197],[114.1348491,22.2869451]],[[114.1348491,22.2869451],[114.1347565,22.2869662],[114.1347323,22.2869734],[114.1347036,22.2869828],[114.1346169,22.2870174],[114.1345898,22.2870262],[114.1345626,22.2870338],[114.134356,22.287081],[114.1343113,22.2870907],[114.1342828,22.2870942],[114.134182,22.2871014],[114.1341416,22.2871066],[114.1341168,22.2871114],[114.1336981,22.2872059],[114.1335566,22.2872379],[114.1332589,22.2873061],[114.1332272,22.2873122],[114.1331954,22.2873165]],[[114.1331954,22.2873165],[114.1331522,22.287321],[114.1331111,22.2873214],[114.1330567,22.2873198],[114.1330073,22.2873139],[114.1329601,22.2873049],[114.1329114,22.2872924],[114.1328633,22.287276],[114.1328192,22.2872576],[114.1327742,22.2872349],[114.1327268,22.2872061],[114.1326799,22.2871727],[114.1326396,22.2871383],[114.1326041,22.2871029],[114.1325774,22.2870705],[114.1325508,22.2870322],[114.1325265,22.2869909],[114.1324792,22.2869047],[114.1323774,22.2867143]],[[114.1323774,22.2867143],[114.1323115,22.2865916],[114.1322375,22.2864549],[114.1319413,22.2859037],[114.1317647,22.2855765],[114.1317454,22.2855441],[114.1317237,22.2855113],[114.1316983,22.2854773],[114.1316648,22.2854371],[114.1316298,22.2854002],[114.1315972,22.2853696],[114.1315569,22.285334],[114.1314716,22.2852645]],[[114.1314716,22.2852645],[114.1314102,22.2852147],[114.1306966,22.2846363],[114.1306254,22.2845781],[114.1303747,22.2843747],[114.1296928,22.2838214],[114.1296568,22.2837923],[114.1296272,22.2837661],[114.129602,22.2837406],[114.1295794,22.2837152],[114.1295395,22.2836657],[114.1295202,22.2836455],[114.129497,22.283624],[114.12947,22.2836011],[114.129385,22.2835336],[114.1293574,22.2835144],[114.1293289,22.2834974],[114.1292945,22.28348],[114.1292558,22.2834635],[114.1292146,22.2834496],[114.1291769,22.2834406],[114.129053,22.283418],[114.128934,22.2833959],[114.1288572,22.2833814],[114.1281526,22.2832593],[114.1280721,22.2832465]],[[114.1280721,22.2832465],[114.1279543,22.2832281],[114.1277626,22.2831951],[114.1270265,22.2830679],[114.1269427,22.2830536],[114.1268353,22.283035],[114.1268018,22.2830279],[114.1267779,22.283017],[114.1267621,22.283006]],[[114.1267621,22.283006],[114.1267482,22.2829935],[114.1267365,22.2829778],[114.126729,22.2829643],[114.1267227,22.2829476],[114.1267191,22.282929],[114.1267184,22.2829124],[114.1267202,22.2828967],[114.1267768,22.2826195],[114.1267817,22.282599],[114.1268165,22.2824716],[114.1268179,22.2824632],[114.1268185,22.2824549],[114.1268181,22.2824464],[114.1268174,22.2824383],[114.126816,22.2824309],[114.1268126,22.2824191],[114.1268074,22.2824057],[114.1268005,22.2823939]],[[114.1268005,22.2823939],[114.1267927,22.2823832],[114.1267832,22.2823724],[114.1267716,22.2823625],[114.1267596,22.2823547],[114.1267481,22.2823487],[114.126737,22.2823443],[114.1267276,22.2823418],[114.1265819,22.2823176]],[[114.1265819,22.2823176],[114.1262652,22.2822644],[114.1262423,22.2822606],[114.1262308,22.2822581],[114.1262066,22.2822561],[114.1261872,22.2822574]],[[114.1261872,22.2822574],[114.126168,22.2822613],[114.1261544,22.2822653],[114.1261376,22.2822723],[114.1261205,22.2822826],[114.1261084,22.2822925],[114.1261019,22.2822986],[114.1260864,22.2823131],[114.126079,22.2823307],[114.1260747,22.2823412],[114.1260637,22.282392],[114.1260494,22.2824639],[114.1259808,22.2828078],[114.1259789,22.2828245],[114.125979,22.2828377],[114.1259824,22.2828562],[114.1259878,22.2828723],[114.1259938,22.2828845],[114.1260014,22.2828962],[114.12601,22.2829063],[114.1260176,22.2829138],[114.1260271,22.2829218]],[[114.1260271,22.2829218],[114.1260377,22.2829289],[114.12605,22.2829352],[114.1260656,22.282941],[114.1260836,22.2829455],[114.1262105,22.2829676]]]}},{"type":"Feature","properties":{"kind":"route","serviceName":"Causeway Bay to Whitty Street","name":"Hong Kong Tramways — Causeway Bay to Whitty Street","color":"#E48F47","osmRelationIds":[4088086,4088087],"osmWayCount":39},"geometry":{"type":"MultiLineString","coordinates":[[[114.1870578,22.2792612],[114.1870299,22.279306],[114.1870165,22.2793256],[114.1870053,22.2793402],[114.1869918,22.279355],[114.1869759,22.2793698],[114.1869607,22.2793817],[114.1869427,22.2793946],[114.1869252,22.2794046],[114.1869021,22.279416]],[[114.1869021,22.279416],[114.1868995,22.279417],[114.1865618,22.2795252],[114.185874,22.2797481],[114.1858578,22.2797532],[114.1858437,22.2797577],[114.185788,22.2797755],[114.1856238,22.2798278],[114.1847969,22.2800922]],[[114.1847969,22.2800922],[114.1847686,22.2801009],[114.1847379,22.2801103],[114.1846866,22.2801232],[114.1846475,22.2801302],[114.1846018,22.2801343],[114.1845599,22.2801353],[114.1832108,22.2800812],[114.18317,22.2800776],[114.1831231,22.280068],[114.1830949,22.2800597],[114.1828718,22.2799767]],[[114.1828718,22.2799767],[114.1826704,22.2799014]],[[114.1826704,22.2799014],[114.1825727,22.2798661],[114.182518,22.2798461],[114.181432,22.2794433],[114.1813086,22.2793972],[114.1810916,22.2793174],[114.1807912,22.2792051],[114.1797812,22.2788259],[114.179669,22.2787841],[114.1796533,22.2787784],[114.1795772,22.278752],[114.179412,22.2787025],[114.1793424,22.2786817]],[[114.1793424,22.2786817],[114.1793018,22.2786704],[114.1780623,22.2783071],[114.1779503,22.278274],[114.1773838,22.2781068],[114.1772889,22.2780765],[114.1772489,22.2780616]],[[114.1772489,22.2780616],[114.1772028,22.2780423],[114.1771597,22.278021],[114.1771002,22.2779893],[114.1770254,22.2779453]],[[114.1770254,22.2779453],[114.176797,22.277811],[114.1762578,22.2774926],[114.1759892,22.2773347],[114.175934,22.2773019],[114.1755802,22.2770942],[114.1752796,22.2769163],[114.1752374,22.2768917],[114.1752168,22.2768795],[114.1751486,22.2768393],[114.1750951,22.2768102],[114.1750635,22.276794],[114.1750359,22.2767807],[114.1750137,22.2767706],[114.1749956,22.2767634],[114.1749756,22.2767564],[114.1749555,22.2767499],[114.1749258,22.2767408],[114.1748849,22.2767317]],[[114.1748849,22.2767317],[114.1748742,22.2767301],[114.1748609,22.2767277],[114.1748463,22.2767256],[114.1748314,22.2767239],[114.1748181,22.2767224],[114.1747876,22.2767189],[114.1747503,22.2767148],[114.1744174,22.2766784],[114.1740084,22.2766334],[114.1735092,22.2765796],[114.1733192,22.2765581],[114.1727983,22.2765023],[114.1722379,22.2764436],[114.1720986,22.276429],[114.1718133,22.2763998],[114.1717394,22.2763942],[114.1717019,22.2763906],[114.1716422,22.2763889],[114.1716052,22.2763898],[114.1715786,22.2763912],[114.1715518,22.2763943],[114.1714924,22.276403],[114.1714482,22.2764107],[114.1714058,22.2764216],[114.1713723,22.2764318],[114.171346,22.2764418],[114.1713092,22.2764575],[114.1712653,22.276478],[114.1712209,22.2765002],[114.1711837,22.2765204],[114.1711513,22.2765397],[114.170744,22.276792],[114.1704763,22.2769578],[114.1702744,22.2770828],[114.170194,22.2771326],[114.1701175,22.2771806],[114.1694284,22.2776078],[114.1693576,22.2776517],[114.1693452,22.2776589],[114.1693322,22.2776665],[114.1693094,22.2776781]],[[114.1693094,22.2776781],[114.1692905,22.2776871],[114.1692573,22.2777009],[114.1692277,22.2777111],[114.1692007,22.2777188],[114.1691724,22.2777259],[114.1691438,22.2777318],[114.1691119,22.2777367],[114.169043,22.277745],[114.1684408,22.2777947],[114.1677776,22.277851],[114.1676914,22.2778614],[114.1676292,22.2778701],[114.1673983,22.2779053]],[[114.1673983,22.2779053],[114.1672616,22.2779241],[114.1672163,22.2779287],[114.1662871,22.2780071],[114.166255,22.2780108],[114.1651232,22.278178],[114.1649647,22.2782046],[114.1648027,22.2782372],[114.164628,22.278281],[114.1645745,22.2782951],[114.1644978,22.2783179],[114.1644426,22.2783354],[114.1644077,22.2783465],[114.1643323,22.2783716],[114.1642486,22.2784027],[114.1641744,22.278433],[114.164087,22.2784698],[114.1640053,22.2785069],[114.1639378,22.2785389],[114.1638673,22.2785743],[114.1638017,22.2786095],[114.1637457,22.2786401],[114.1636882,22.2786732],[114.1635794,22.2787389],[114.1635009,22.278789],[114.1634392,22.2788313],[114.1633373,22.2789028],[114.1631612,22.2790329],[114.1629914,22.2791578],[114.1628236,22.2792746],[114.1627622,22.2793136],[114.1626696,22.2793678],[114.1625267,22.2794452],[114.1624231,22.2794927],[114.1623054,22.2795408],[114.162169,22.2795927],[114.1617444,22.2797424],[114.1615526,22.2798122],[114.1614708,22.2798389],[114.1613664,22.2798625],[114.1612888,22.2798753],[114.1610813,22.2799066],[114.1609161,22.27993],[114.1608826,22.279936],[114.1608494,22.2799433],[114.1608119,22.279953],[114.1607814,22.2799619],[114.1607495,22.2799729],[114.1607216,22.279984],[114.1606964,22.2799957],[114.1606694,22.280011],[114.160645,22.2800268],[114.1606196,22.280046],[114.1605978,22.2800645]],[[114.1605978,22.2800645],[114.1605725,22.2800892],[114.1605499,22.2801147],[114.1605308,22.2801382],[114.1605162,22.2801593],[114.1605022,22.280182],[114.1604881,22.2802084],[114.1604749,22.2802365],[114.1604578,22.2802781],[114.160443,22.2803132],[114.1604343,22.280331],[114.1604222,22.2803521],[114.1604118,22.2803681],[114.1603994,22.2803839],[114.1603854,22.2803996],[114.1603679,22.2804165],[114.1603504,22.2804315],[114.1603316,22.2804454],[114.1603142,22.2804565],[114.1602959,22.2804668],[114.1602766,22.2804756],[114.1602562,22.2804837],[114.1602333,22.2804911],[114.159963,22.280562],[114.1598735,22.2805851],[114.1594265,22.2807011],[114.1593986,22.2807084]],[[114.1593986,22.2807084],[114.1590788,22.2807901],[114.1588094,22.2808627],[114.1587713,22.2808746],[114.1587439,22.2808852],[114.1587184,22.280897],[114.1586952,22.28091],[114.1586706,22.2809244],[114.1586493,22.2809398],[114.1586286,22.2809569],[114.1586118,22.2809728],[114.1585923,22.2809937],[114.1585748,22.2810141],[114.1581594,22.2815314],[114.158034,22.2816864],[114.1579692,22.2817697],[114.1579333,22.2818166],[114.1579127,22.2818427],[114.1578667,22.2819003],[114.1578535,22.2819146],[114.1578378,22.2819296],[114.157767,22.2819942],[114.1577415,22.2820207],[114.1577193,22.2820457],[114.15763,22.2821577],[114.1573923,22.2824551],[114.1573748,22.2824787],[114.1573565,22.2825064],[114.1573376,22.2825371],[114.1573199,22.28257],[114.1573034,22.2825984],[114.1572889,22.2826202],[114.1572742,22.2826393],[114.1570948,22.2828648],[114.1566317,22.2834492],[114.1565292,22.2835754],[114.1565045,22.283606],[114.1564785,22.2836383],[114.1564504,22.2836728],[114.156087,22.2841126],[114.1560535,22.2841532],[114.155986,22.284235],[114.1559628,22.284263],[114.1558356,22.2844167],[114.1557877,22.2844753],[114.1557718,22.2844947],[114.1557213,22.2845555],[114.1556604,22.2846288],[114.1556384,22.2846554],[114.1553828,22.2849648],[114.155369,22.2849801],[114.1553339,22.2850136],[114.1552897,22.28505],[114.1552504,22.2850789],[114.1551874,22.2851208],[114.1548514,22.2853169],[114.1546974,22.2854063],[114.1545361,22.2855023],[114.1544529,22.2855505],[114.1540323,22.2857941],[114.1533616,22.2861857],[114.1533183,22.28621],[114.1532829,22.2862262],[114.1532386,22.2862433],[114.1532,22.2862561],[114.153124,22.2862782],[114.1531077,22.2862829],[114.1529173,22.2863302],[114.1520739,22.2865373],[114.1519809,22.28656],[114.1513254,22.2867215],[114.1511475,22.286765],[114.1510583,22.2867876]],[[114.1510583,22.2867876],[114.1507667,22.2868599],[114.1505958,22.2869022],[114.1505529,22.2869129],[114.1505381,22.2869173],[114.150525,22.2869226],[114.1505145,22.2869288],[114.1505044,22.286936],[114.1504958,22.2869438],[114.1504881,22.2869519]],[[114.1504881,22.2869519],[114.1504819,22.2869598],[114.1504771,22.2869673],[114.1504712,22.2869788],[114.1504666,22.286991],[114.1504638,22.2870023],[114.1504621,22.2870154],[114.1504619,22.2870274],[114.150463,22.2870393],[114.1504646,22.2870509],[114.1504677,22.2870642],[114.1504777,22.2871007],[114.1505746,22.2874304]],[[114.1505746,22.2874304],[114.150582,22.2874616],[114.1505855,22.2874812],[114.1505866,22.2874939],[114.1505863,22.287505],[114.1505848,22.2875163],[114.1505814,22.2875295],[114.1505769,22.2875415],[114.1505708,22.2875527],[114.1505652,22.2875615],[114.1505554,22.2875731],[114.1505477,22.287581],[114.1505368,22.2875892],[114.1505242,22.2875971],[114.1505134,22.2876025],[114.1505014,22.2876069],[114.1504873,22.2876109]],[[114.1504873,22.2876109],[114.1500873,22.2877112],[114.150033,22.2877248],[114.1487641,22.2880427],[114.1484009,22.2881322],[114.1482605,22.2881721],[114.1482245,22.2881804],[114.1481882,22.2881867],[114.1481472,22.2881896],[114.1481042,22.2881871],[114.1480755,22.2881822],[114.1480496,22.288174]],[[114.1480496,22.288174],[114.1480314,22.2881662],[114.1480133,22.2881557],[114.1479901,22.2881408],[114.1479249,22.2880926],[114.147521,22.287794],[114.1473987,22.2877036],[114.147371,22.2876849],[114.1473439,22.2876692],[114.1473214,22.2876593],[114.1472987,22.2876518],[114.1472838,22.287648],[114.1472686,22.2876455],[114.1472336,22.2876417],[114.1472076,22.2876414],[114.1471711,22.2876425],[114.1471265,22.2876457],[114.1461433,22.2877334],[114.1459143,22.2877546],[114.1458339,22.2877614],[114.1452695,22.2878106],[114.145195,22.2878162],[114.1448523,22.2878275],[114.1447601,22.2878305],[114.1440366,22.2878534],[114.143862,22.2878589],[114.1437722,22.2878618],[114.1436824,22.2878646],[114.1435072,22.2878701],[114.1430009,22.2878862],[114.1429566,22.2878877],[114.1424427,22.2879039],[114.1423336,22.2879073],[114.1422487,22.28791],[114.1418735,22.2879219],[114.1412483,22.2879417],[114.1410815,22.287947],[114.1409068,22.2879525],[114.1408189,22.2879522],[114.1407756,22.2879483],[114.1407326,22.2879426],[114.1406658,22.2879303],[114.1406,22.2879138],[114.1404476,22.2878674],[114.1400627,22.2877621],[114.1396602,22.287652],[114.1395278,22.2876158],[114.1394646,22.2875985],[114.1394237,22.2875872],[114.1393378,22.2875645],[114.1390632,22.2874915],[114.1389599,22.2874635],[114.1389353,22.2874568],[114.1388227,22.2874262],[114.1387195,22.2873979],[114.1387054,22.2873941],[114.1384945,22.2873369],[114.137606,22.2870966],[114.1375633,22.2870871],[114.1375312,22.2870783],[114.1374335,22.2870539],[114.1370105,22.2869349],[114.1368029,22.2868794],[114.1365907,22.2868232],[114.1365644,22.286816],[114.1365488,22.2868108],[114.1365261,22.2868032],[114.1362041,22.2867172],[114.1361219,22.2866986],[114.1360808,22.2866906],[114.1360501,22.2866864],[114.1360202,22.286686],[114.1359791,22.28669],[114.135943,22.2866957],[114.1359165,22.2867009],[114.1356705,22.286758],[114.135649,22.2867628],[114.1354333,22.2868121],[114.1353867,22.2868223],[114.1349609,22.2869197],[114.1348491,22.2869451]],[[114.1348491,22.2869451],[114.1348333,22.286951],[114.1348216,22.2869564],[114.134806,22.2869657],[114.1347901,22.2869781],[114.1347768,22.2869911],[114.1347662,22.2870045],[114.1347581,22.2870173],[114.1347514,22.2870303],[114.1347458,22.2870474],[114.1347419,22.2870666],[114.1347409,22.2870818],[114.1347409,22.2870947],[114.1347433,22.2871101],[114.134747,22.2871244],[114.1347545,22.2871424],[114.134763,22.2871574],[114.1347733,22.2871715],[114.1347849,22.2871846],[114.1347969,22.2871958],[114.1348119,22.2872056],[114.1348326,22.2872155],[114.1348547,22.287223],[114.1348772,22.2872279],[114.1348962,22.2872294],[114.1349164,22.287228],[114.1349374,22.2872233],[114.1349536,22.2872179],[114.1349715,22.2872103],[114.1349847,22.2872033],[114.1349996,22.2871926],[114.1350166,22.2871757],[114.1350299,22.2871584],[114.1350409,22.287138],[114.1350468,22.2871203]],[[114.1350468,22.2871203],[114.1350584,22.2870665],[114.1350625,22.2870469],[114.1350663,22.2870287],[114.1350712,22.2870131],[114.1350774,22.286999],[114.1350871,22.2869818],[114.1350968,22.2869686],[114.1351097,22.2869535],[114.1351237,22.286941],[114.1351417,22.286928],[114.1351639,22.2869162],[114.1352773,22.2868728]],[[114.1352773,22.2868728],[114.1353412,22.2868582],[114.1354393,22.2868358],[114.1356548,22.286785],[114.1359132,22.2867244],[114.1359482,22.2867176],[114.135985,22.2867126],[114.1360259,22.2867092],[114.1360613,22.2867106],[114.1360991,22.2867159],[114.1364386,22.2867962],[114.1365203,22.2868212],[114.1365417,22.2868277],[114.1365591,22.2868335],[114.1365828,22.2868398],[114.1367919,22.2868982],[114.1370046,22.2869576],[114.1374245,22.2870772],[114.137522,22.2871028],[114.1375968,22.2871224],[114.1379556,22.2872206],[114.1384856,22.2873635],[114.1386509,22.2874114],[114.1386958,22.2874236],[114.1387088,22.2874272],[114.1388141,22.287455],[114.1389253,22.287484],[114.1389534,22.2874913],[114.1390517,22.2875169],[114.1393324,22.28759],[114.1394153,22.2876104],[114.1394545,22.2876225],[114.1395212,22.2876413],[114.1396504,22.2876752],[114.1400572,22.2877858],[114.1403365,22.2878618],[114.1404374,22.2878891],[114.1405923,22.2879384],[114.1406624,22.2879556],[114.1407336,22.2879683],[114.1407783,22.2879739],[114.1408233,22.2879779],[114.1409077,22.2879781],[114.1412492,22.2879673],[114.1418745,22.2879476],[114.1422496,22.2879357],[114.1423345,22.287933],[114.1424437,22.2879295],[114.1430018,22.2879118],[114.1431563,22.2879069],[114.1435081,22.2878958],[114.1436834,22.2878902],[114.1437731,22.2878874],[114.1438629,22.2878846],[114.1447611,22.2878562],[114.1448533,22.2878532],[114.1451124,22.2878442],[114.1452594,22.2878354],[114.1458358,22.2877843],[114.1459167,22.2877779],[114.1468969,22.2876897],[114.1471279,22.28767],[114.1471739,22.2876672],[114.1472052,22.2876663],[114.1472354,22.2876664],[114.1472648,22.2876717],[114.1472882,22.287677],[114.1473142,22.2876847],[114.1473332,22.2876923],[114.1473504,22.2877016],[114.147367,22.2877127],[114.1475017,22.2878124],[114.1479094,22.2881144],[114.1479736,22.2881604],[114.1480106,22.2881842],[114.1480327,22.288195]],[[114.1480327,22.288195],[114.1480502,22.2882018],[114.1480677,22.2882066],[114.148092,22.288211],[114.1481193,22.2882143],[114.1481461,22.2882156],[114.1481694,22.2882146],[114.1481974,22.2882112],[114.1482257,22.2882056],[114.1498675,22.2877949],[114.1500937,22.2877383],[114.15063,22.2876064],[114.1508193,22.2875586]],[[114.1508193,22.2875586],[114.1513545,22.2874242]],[[114.1513545,22.2874242],[114.1514074,22.287411],[114.1514159,22.2874082],[114.1514254,22.2874052],[114.151439,22.2873989],[114.1514526,22.28739],[114.1514593,22.2873842],[114.1514651,22.2873793],[114.1514738,22.2873705],[114.1514817,22.2873602],[114.1514888,22.2873485],[114.1514941,22.2873361],[114.1514967,22.2873275],[114.1514989,22.2873203],[114.1515011,22.2873074],[114.1515015,22.2872942],[114.1514999,22.2872793],[114.1514974,22.287267]],[[114.1514974,22.287267],[114.1513832,22.2868755],[114.1513804,22.286864],[114.1513786,22.2868513],[114.1513778,22.2868382],[114.1513789,22.286823],[114.151382,22.286806],[114.1513878,22.286789],[114.1513979,22.2867709],[114.1514128,22.2867524],[114.1514257,22.2867389],[114.1514378,22.2867288],[114.1514505,22.2867205],[114.1514635,22.286715]],[[114.1514635,22.286715],[114.1518901,22.2866093],[114.151986,22.2865857],[114.1520754,22.2865614],[114.1530885,22.2863135],[114.1531311,22.2863007],[114.1532079,22.2862775],[114.1532495,22.2862626],[114.1532886,22.2862478],[114.1533756,22.2862074],[114.1534208,22.2861817],[114.1540474,22.285815],[114.1546269,22.2854763],[114.1547111,22.2854269],[114.1552294,22.2851241],[114.1552876,22.2850837],[114.1553425,22.2850409],[114.1553851,22.2850009],[114.155423,22.2849591],[114.1556398,22.2846944],[114.1556614,22.2846687],[114.1556816,22.2846446],[114.1557425,22.2845713]],[[114.1557425,22.2845713],[114.1557931,22.2845093],[114.1558104,22.2844883],[114.1558563,22.2844328],[114.1559846,22.2842773],[114.156007,22.2842502],[114.1560748,22.284168],[114.1561091,22.2841266],[114.1564504,22.2837144],[114.156472,22.2836882],[114.1565002,22.2836534],[114.1565257,22.2836214],[114.1571163,22.2828787],[114.1573254,22.2826146],[114.1573397,22.2825948],[114.1573505,22.2825777],[114.157407,22.2824806],[114.1574227,22.2824565],[114.1574361,22.2824378],[114.1576056,22.2822258],[114.1576324,22.2821926],[114.1576496,22.2821708],[114.1577296,22.2820704],[114.1577444,22.282053],[114.157762,22.2820346],[114.1577896,22.2820089],[114.1578405,22.2819617],[114.157861,22.2819417],[114.1578808,22.28192],[114.1579336,22.2818555],[114.1580428,22.2817185],[114.1583045,22.2813903],[114.1585684,22.2810609],[114.1586025,22.2810196],[114.1586228,22.2809979],[114.1586481,22.2809747],[114.1586666,22.2809597],[114.1586876,22.2809447],[114.1587075,22.2809316],[114.1587315,22.2809184],[114.1587579,22.2809063],[114.1587786,22.2808975],[114.1587976,22.280891],[114.1588142,22.2808859],[114.1590839,22.2808127],[114.1593618,22.2807416],[114.1594049,22.2807305],[114.1599693,22.2805845],[114.1601298,22.2805417],[114.1602491,22.2805105],[114.1602755,22.2805026],[114.1602986,22.2804941],[114.1603252,22.2804811],[114.1603522,22.2804653],[114.1603749,22.2804489],[114.1603917,22.2804347],[114.16041,22.2804167],[114.1604264,22.2803968],[114.1604429,22.2803733],[114.1604551,22.2803515],[114.1604675,22.2803246],[114.1604964,22.2802554],[114.1605098,22.2802273],[114.1605243,22.2802],[114.1605372,22.2801783],[114.1605513,22.2801562],[114.160567,22.2801345]],[[114.160567,22.2801345],[114.1605833,22.2801154],[114.1606038,22.2800947],[114.1606275,22.2800741],[114.1606517,22.2800563],[114.1606788,22.280039],[114.1607088,22.2800224],[114.160739,22.2800072],[114.1607827,22.2799889],[114.1608171,22.279977],[114.1608486,22.2799678],[114.1608831,22.27996],[114.1609295,22.2799519],[114.1610851,22.2799298],[114.1612647,22.2799041],[114.1613721,22.2798859],[114.1614041,22.2798798],[114.1615176,22.2798503],[114.1615915,22.2798261],[114.1617302,22.2797752],[114.1621778,22.2796113],[114.1623174,22.2795573],[114.162432,22.2795114],[114.1624825,22.279489],[114.1625444,22.2794593],[114.1626885,22.2793824],[114.162761,22.2793404],[114.1628292,22.2792977],[114.1628917,22.2792551],[114.1630364,22.2791542],[114.1631832,22.2790467],[114.1633697,22.2789101],[114.1634563,22.2788489],[114.1635143,22.2788092],[114.163594,22.2787576],[114.1637022,22.2786932],[114.1638143,22.2786309],[114.1639104,22.2785804],[114.1640189,22.2785277],[114.1641064,22.2784884],[114.164199,22.27845],[114.1642758,22.2784192],[114.1643304,22.2783988],[114.1644107,22.2783713],[114.164452,22.2783583],[114.164518,22.2783374],[114.1646288,22.2783063],[114.1648198,22.2782583],[114.1649194,22.2782374],[114.1649905,22.2782243],[114.1651341,22.2782007],[114.1662682,22.2780327],[114.1663209,22.2780262],[114.1672325,22.2779498],[114.1672717,22.2779455]],[[114.1672717,22.2779455],[114.1673726,22.2779327],[114.1676821,22.2778865],[114.1677587,22.2778771],[114.1678273,22.2778699],[114.168197,22.2778394],[114.1690542,22.2777672],[114.1690925,22.2777627],[114.1691299,22.2777578],[114.1691881,22.277747],[114.1692332,22.2777345],[114.1692696,22.2777216],[114.1692972,22.27771]],[[114.1692972,22.27771],[114.1693272,22.2776949],[114.1693648,22.2776739],[114.1693976,22.2776536],[114.1695958,22.2775311],[114.1698789,22.2773563],[114.1700535,22.2772484],[114.1701304,22.2771992],[114.1702883,22.2771018],[114.1705995,22.2769093],[114.1707576,22.2768114],[114.1711646,22.2765595],[114.1712095,22.276533],[114.1712479,22.2765116],[114.171283,22.2764939],[114.1713106,22.2764821],[114.1713818,22.2764554],[114.1714125,22.2764464],[114.1714513,22.2764367],[114.1715011,22.2764269],[114.171554,22.2764188],[114.1715958,22.2764151],[114.1716333,22.2764131],[114.1716674,22.276413],[114.1717385,22.2764161],[114.1717796,22.2764193],[114.1719788,22.2764398],[114.1722341,22.2764662],[114.1727954,22.2765243],[114.1731412,22.276562],[114.173316,22.2765809],[114.1740049,22.2766568],[114.1743069,22.2766901],[114.1743785,22.276698],[114.1744136,22.2767013],[114.1747845,22.276743],[114.1748096,22.2767455],[114.1748427,22.2767495],[114.1748606,22.2767519],[114.1748784,22.2767549]],[[114.1748784,22.2767549],[114.1749286,22.2767671],[114.1749503,22.2767741],[114.174976,22.2767829],[114.1750041,22.2767945],[114.1750257,22.2768039],[114.1750479,22.2768145],[114.1750812,22.2768313],[114.1751411,22.2768642],[114.1751989,22.2768983],[114.1752229,22.2769125],[114.1753516,22.2769883],[114.175575,22.2771195],[114.1759158,22.2773205],[114.1762437,22.2775126],[114.176783,22.277832],[114.1769647,22.2779386]],[[114.1769647,22.2779386],[114.1770901,22.2780125],[114.1771259,22.278032],[114.1771654,22.2780516],[114.1772161,22.2780747],[114.1772981,22.2781052],[114.1773365,22.2781177]],[[114.1773365,22.2781177],[114.1778314,22.2782634],[114.1779422,22.2782967],[114.1780461,22.2783272],[114.1794057,22.278725],[114.1795721,22.2787749],[114.1796146,22.2787891],[114.1796746,22.2788096],[114.1797147,22.2788236]],[[114.1797147,22.2788236],[114.1797729,22.2788452],[114.1807835,22.2792254],[114.1810841,22.2793353],[114.1814257,22.2794647],[114.1824525,22.2798467]],[[114.1824525,22.2798467],[114.1825087,22.2798669],[114.1826561,22.2799204]],[[114.1826561,22.2799204],[114.1829275,22.2800234],[114.1830712,22.2800767],[114.1831089,22.280088],[114.18314,22.2800961],[114.1831554,22.2800991],[114.1831727,22.2801016],[114.1832136,22.2801049],[114.1845533,22.2801593],[114.184579,22.2801595],[114.1846069,22.2801582],[114.1846316,22.2801561],[114.1846635,22.2801521],[114.184696,22.280146],[114.1847267,22.2801388],[114.1847579,22.2801302],[114.1848245,22.2801095]],[[114.1848245,22.2801095],[114.1856801,22.2798357],[114.1857053,22.2798277],[114.185797,22.2797983],[114.1858528,22.2797805],[114.1858658,22.2797763],[114.18588,22.2797718],[114.1861371,22.2796898],[114.1867809,22.2794787]],[[114.1867809,22.2794787],[114.1868539,22.2794554],[114.1869184,22.2794348],[114.1869281,22.279432]],[[114.1869281,22.279432],[114.1870477,22.2794041],[114.1870815,22.279397],[114.1871125,22.2793942],[114.1871736,22.2793886],[114.1871907,22.2793861],[114.1872059,22.2793828],[114.1872205,22.279378],[114.187232,22.2793727],[114.1872427,22.2793659],[114.1872523,22.2793571],[114.187262,22.279346],[114.1872713,22.2793336],[114.1872782,22.2793187],[114.1872819,22.2793056],[114.187284,22.2792924],[114.1872848,22.2792791],[114.1872835,22.2792669],[114.1872803,22.2792555],[114.1872758,22.2792442],[114.1872699,22.2792332],[114.187262,22.2792231],[114.1872538,22.2792143],[114.1872429,22.2792051],[114.1872301,22.279196],[114.1872147,22.2791887],[114.1871987,22.2791834],[114.1871805,22.2791804],[114.1871636,22.2791801],[114.1871456,22.2791823],[114.1871301,22.2791873],[114.187115,22.2791946],[114.1871012,22.279205],[114.1870873,22.2792183],[114.1870774,22.2792313],[114.1870578,22.2792612]]]}},{"type":"Feature","properties":{"kind":"route","serviceName":"Shau Kei Wan to Kennedy Town","name":"Hong Kong Tramways — Shau Kei Wan to Kennedy Town","color":"#5D3379","osmRelationIds":[4088262,4088263],"osmWayCount":85},"geometry":{"type":"MultiLineString","coordinates":[[[114.1262105,22.2829676],[114.1265978,22.2830352],[114.1266247,22.2830391],[114.1267503,22.2830534],[114.1268289,22.2830614],[114.1268559,22.2830634],[114.126878,22.283066],[114.1271621,22.2831153],[114.1279501,22.2832506],[114.1280675,22.2832693]],[[114.1280675,22.2832693],[114.1281478,22.2832824],[114.1287509,22.2833866],[114.1288527,22.283404],[114.128929,22.2834194],[114.1290461,22.2834426],[114.1291634,22.2834659],[114.1292031,22.2834751],[114.1292335,22.2834843],[114.1292617,22.283495],[114.1292859,22.2835058],[114.1293137,22.2835202],[114.1293372,22.283534],[114.1293548,22.2835465],[114.1294808,22.2836479],[114.1294989,22.283664],[114.1295191,22.283686],[114.1295539,22.2837296],[114.1295779,22.2837568],[114.129608,22.283787],[114.1296373,22.2838135],[114.1296715,22.2838414],[114.1303557,22.2843975],[114.1306052,22.2846],[114.1306763,22.2846583],[114.1309269,22.2848619],[114.1313873,22.285236],[114.1314493,22.2852867]],[[114.1314493,22.2852867],[114.1315503,22.2853683],[114.1315895,22.2854025],[114.1316231,22.2854351],[114.1316453,22.2854594],[114.1316689,22.2854886],[114.1316916,22.2855206],[114.1317155,22.2855565],[114.131739,22.2855937],[114.1317631,22.2856354],[114.1319144,22.285916],[114.1322113,22.2864665],[114.1322847,22.2866042],[114.1323485,22.2867222]],[[114.1323485,22.2867222],[114.1324533,22.2869159],[114.1324967,22.2869955],[114.1325245,22.2870395],[114.1325496,22.2870752],[114.1325739,22.2871042],[114.1326105,22.2871416],[114.1326594,22.2871842],[114.1327061,22.2872192],[114.1327512,22.2872481],[114.1328001,22.287274],[114.13285,22.2872957],[114.1329074,22.287315],[114.1329555,22.2873277],[114.1330078,22.287337],[114.1330563,22.2873423],[114.1331077,22.287344],[114.1331594,22.2873431],[114.1332029,22.2873399],[114.1332464,22.2873324],[114.1333011,22.2873206],[114.1336263,22.2872489],[114.1336872,22.2872377]],[[114.1336872,22.2872377],[114.1338488,22.2872198],[114.1338837,22.2872151],[114.1339118,22.2872101],[114.134056,22.287178],[114.1342183,22.2871401],[114.1343586,22.2871088],[114.1347581,22.2870173],[114.1348695,22.2869913],[114.1349093,22.2869798],[114.1349443,22.2869675],[114.1349697,22.2869574],[114.1350055,22.2869421],[114.1350457,22.2869275],[114.1350738,22.2869193],[114.1352773,22.2868728]],[[114.1352773,22.2868728],[114.1353412,22.2868582],[114.1354393,22.2868358],[114.1356548,22.286785],[114.1359132,22.2867244],[114.1359482,22.2867176],[114.135985,22.2867126],[114.1360259,22.2867092],[114.1360613,22.2867106],[114.1360991,22.2867159],[114.1364386,22.2867962],[114.1365203,22.2868212],[114.1365417,22.2868277],[114.1365591,22.2868335],[114.1365828,22.2868398],[114.1367919,22.2868982],[114.1370046,22.2869576],[114.1374245,22.2870772],[114.137522,22.2871028],[114.1375968,22.2871224],[114.1379556,22.2872206],[114.1384856,22.2873635],[114.1386509,22.2874114],[114.1386958,22.2874236],[114.1387088,22.2874272],[114.1388141,22.287455],[114.1389253,22.287484],[114.1389534,22.2874913],[114.1390517,22.2875169],[114.1393324,22.28759],[114.1394153,22.2876104],[114.1394545,22.2876225],[114.1395212,22.2876413],[114.1396504,22.2876752],[114.1400572,22.2877858],[114.1403365,22.2878618],[114.1404374,22.2878891],[114.1405923,22.2879384],[114.1406624,22.2879556],[114.1407336,22.2879683],[114.1407783,22.2879739],[114.1408233,22.2879779],[114.1409077,22.2879781],[114.1412492,22.2879673],[114.1418745,22.2879476],[114.1422496,22.2879357],[114.1423345,22.287933],[114.1424437,22.2879295],[114.1430018,22.2879118],[114.1431563,22.2879069],[114.1435081,22.2878958],[114.1436834,22.2878902],[114.1437731,22.2878874],[114.1438629,22.2878846],[114.1447611,22.2878562],[114.1448533,22.2878532],[114.1451124,22.2878442],[114.1452594,22.2878354],[114.1458358,22.2877843],[114.1459167,22.2877779],[114.1468969,22.2876897],[114.1471279,22.28767],[114.1471739,22.2876672],[114.1472052,22.2876663],[114.1472354,22.2876664],[114.1472648,22.2876717],[114.1472882,22.287677],[114.1473142,22.2876847],[114.1473332,22.2876923],[114.1473504,22.2877016],[114.147367,22.2877127],[114.1475017,22.2878124],[114.1479094,22.2881144],[114.1479736,22.2881604],[114.1480106,22.2881842],[114.1480327,22.288195]],[[114.1480327,22.288195],[114.1480502,22.2882018],[114.1480677,22.2882066],[114.148092,22.288211],[114.1481193,22.2882143],[114.1481461,22.2882156],[114.1481694,22.2882146],[114.1481974,22.2882112],[114.1482257,22.2882056],[114.1498675,22.2877949],[114.1500937,22.2877383],[114.15063,22.2876064],[114.1508193,22.2875586]],[[114.1508193,22.2875586],[114.1513545,22.2874242]],[[114.1513545,22.2874242],[114.1514074,22.287411],[114.1514159,22.2874082],[114.1514254,22.2874052],[114.151439,22.2873989],[114.1514526,22.28739],[114.1514593,22.2873842],[114.1514651,22.2873793],[114.1514738,22.2873705],[114.1514817,22.2873602],[114.1514888,22.2873485],[114.1514941,22.2873361],[114.1514967,22.2873275],[114.1514989,22.2873203],[114.1515011,22.2873074],[114.1515015,22.2872942],[114.1514999,22.2872793],[114.1514974,22.287267]],[[114.1514974,22.287267],[114.1513832,22.2868755],[114.1513804,22.286864],[114.1513786,22.2868513],[114.1513778,22.2868382],[114.1513789,22.286823],[114.151382,22.286806],[114.1513878,22.286789],[114.1513979,22.2867709],[114.1514128,22.2867524],[114.1514257,22.2867389],[114.1514378,22.2867288],[114.1514505,22.2867205],[114.1514635,22.286715]],[[114.1514635,22.286715],[114.1518901,22.2866093],[114.151986,22.2865857],[114.1520754,22.2865614],[114.1530885,22.2863135],[114.1531311,22.2863007],[114.1532079,22.2862775],[114.1532495,22.2862626],[114.1532886,22.2862478],[114.1533756,22.2862074],[114.1534208,22.2861817],[114.1540474,22.285815],[114.1546269,22.2854763],[114.1547111,22.2854269],[114.1552294,22.2851241],[114.1552876,22.2850837],[114.1553425,22.2850409],[114.1553851,22.2850009],[114.155423,22.2849591],[114.1556398,22.2846944],[114.1556614,22.2846687],[114.1556816,22.2846446],[114.1557425,22.2845713]],[[114.1557425,22.2845713],[114.1557931,22.2845093],[114.1558104,22.2844883],[114.1558563,22.2844328],[114.1559846,22.2842773],[114.156007,22.2842502],[114.1560748,22.284168],[114.1561091,22.2841266],[114.1564504,22.2837144],[114.156472,22.2836882],[114.1565002,22.2836534],[114.1565257,22.2836214],[114.1571163,22.2828787],[114.1573254,22.2826146],[114.1573397,22.2825948],[114.1573505,22.2825777],[114.157407,22.2824806],[114.1574227,22.2824565],[114.1574361,22.2824378],[114.1576056,22.2822258],[114.1576324,22.2821926],[114.1576496,22.2821708],[114.1577296,22.2820704],[114.1577444,22.282053],[114.157762,22.2820346],[114.1577896,22.2820089],[114.1578405,22.2819617],[114.157861,22.2819417],[114.1578808,22.28192],[114.1579336,22.2818555],[114.1580428,22.2817185],[114.1583045,22.2813903],[114.1585684,22.2810609],[114.1586025,22.2810196],[114.1586228,22.2809979],[114.1586481,22.2809747],[114.1586666,22.2809597],[114.1586876,22.2809447],[114.1587075,22.2809316],[114.1587315,22.2809184],[114.1587579,22.2809063],[114.1587786,22.2808975],[114.1587976,22.280891],[114.1588142,22.2808859],[114.1590839,22.2808127],[114.1593618,22.2807416],[114.1594049,22.2807305],[114.1599693,22.2805845],[114.1601298,22.2805417],[114.1602491,22.2805105],[114.1602755,22.2805026],[114.1602986,22.2804941],[114.1603252,22.2804811],[114.1603522,22.2804653],[114.1603749,22.2804489],[114.1603917,22.2804347],[114.16041,22.2804167],[114.1604264,22.2803968],[114.1604429,22.2803733],[114.1604551,22.2803515],[114.1604675,22.2803246],[114.1604964,22.2802554],[114.1605098,22.2802273],[114.1605243,22.2802],[114.1605372,22.2801783],[114.1605513,22.2801562],[114.160567,22.2801345]],[[114.160567,22.2801345],[114.1605833,22.2801154],[114.1606038,22.2800947],[114.1606275,22.2800741],[114.1606517,22.2800563],[114.1606788,22.280039],[114.1607088,22.2800224],[114.160739,22.2800072],[114.1607827,22.2799889],[114.1608171,22.279977],[114.1608486,22.2799678],[114.1608831,22.27996],[114.1609295,22.2799519],[114.1610851,22.2799298],[114.1612647,22.2799041],[114.1613721,22.2798859],[114.1614041,22.2798798],[114.1615176,22.2798503],[114.1615915,22.2798261],[114.1617302,22.2797752],[114.1621778,22.2796113],[114.1623174,22.2795573],[114.162432,22.2795114],[114.1624825,22.279489],[114.1625444,22.2794593],[114.1626885,22.2793824],[114.162761,22.2793404],[114.1628292,22.2792977],[114.1628917,22.2792551],[114.1630364,22.2791542],[114.1631832,22.2790467],[114.1633697,22.2789101],[114.1634563,22.2788489],[114.1635143,22.2788092],[114.163594,22.2787576],[114.1637022,22.2786932],[114.1638143,22.2786309],[114.1639104,22.2785804],[114.1640189,22.2785277],[114.1641064,22.2784884],[114.164199,22.27845],[114.1642758,22.2784192],[114.1643304,22.2783988],[114.1644107,22.2783713],[114.164452,22.2783583],[114.164518,22.2783374],[114.1646288,22.2783063],[114.1648198,22.2782583],[114.1649194,22.2782374],[114.1649905,22.2782243],[114.1651341,22.2782007],[114.1662682,22.2780327],[114.1663209,22.2780262],[114.1672325,22.2779498],[114.1672717,22.2779455]],[[114.1672717,22.2779455],[114.1673726,22.2779327],[114.1676821,22.2778865],[114.1677587,22.2778771],[114.1678273,22.2778699],[114.168197,22.2778394],[114.1690542,22.2777672],[114.1690925,22.2777627],[114.1691299,22.2777578],[114.1691881,22.277747],[114.1692332,22.2777345],[114.1692696,22.2777216],[114.1692972,22.27771]],[[114.1692972,22.27771],[114.1693272,22.2776949],[114.1693648,22.2776739],[114.1693976,22.2776536],[114.1695958,22.2775311],[114.1698789,22.2773563],[114.1700535,22.2772484],[114.1701304,22.2771992],[114.1702883,22.2771018],[114.1705995,22.2769093],[114.1707576,22.2768114],[114.1711646,22.2765595],[114.1712095,22.276533],[114.1712479,22.2765116],[114.171283,22.2764939],[114.1713106,22.2764821],[114.1713818,22.2764554],[114.1714125,22.2764464],[114.1714513,22.2764367],[114.1715011,22.2764269],[114.171554,22.2764188],[114.1715958,22.2764151],[114.1716333,22.2764131],[114.1716674,22.276413],[114.1717385,22.2764161],[114.1717796,22.2764193],[114.1719788,22.2764398],[114.1722341,22.2764662],[114.1727954,22.2765243],[114.1731412,22.276562],[114.173316,22.2765809],[114.1740049,22.2766568],[114.1743069,22.2766901],[114.1743785,22.276698],[114.1744136,22.2767013],[114.1747845,22.276743],[114.1748096,22.2767455],[114.1748427,22.2767495],[114.1748606,22.2767519],[114.1748784,22.2767549]],[[114.1748784,22.2767549],[114.1749286,22.2767671],[114.1749503,22.2767741],[114.174976,22.2767829],[114.1750041,22.2767945],[114.1750257,22.2768039],[114.1750479,22.2768145],[114.1750812,22.2768313],[114.1751411,22.2768642],[114.1751989,22.2768983],[114.1752229,22.2769125],[114.1753516,22.2769883],[114.175575,22.2771195],[114.1759158,22.2773205],[114.1762437,22.2775126],[114.176783,22.277832],[114.1769647,22.2779386]],[[114.1769647,22.2779386],[114.1770901,22.2780125],[114.1771259,22.278032],[114.1771654,22.2780516],[114.1772161,22.2780747],[114.1772981,22.2781052],[114.1773365,22.2781177]],[[114.1773365,22.2781177],[114.1778314,22.2782634],[114.1779422,22.2782967],[114.1780461,22.2783272],[114.1794057,22.278725],[114.1795721,22.2787749],[114.1796146,22.2787891],[114.1796746,22.2788096],[114.1797147,22.2788236]],[[114.1797147,22.2788236],[114.1797729,22.2788452],[114.1807835,22.2792254],[114.1810841,22.2793353],[114.1814257,22.2794647],[114.1824525,22.2798467]],[[114.1824525,22.2798467],[114.1825087,22.2798669],[114.1826561,22.2799204]],[[114.1826561,22.2799204],[114.1829275,22.2800234],[114.1830712,22.2800767],[114.1831089,22.280088],[114.18314,22.2800961],[114.1831554,22.2800991],[114.1831727,22.2801016],[114.1832136,22.2801049],[114.1845533,22.2801593],[114.184579,22.2801595],[114.1846069,22.2801582],[114.1846316,22.2801561],[114.1846635,22.2801521],[114.184696,22.280146],[114.1847267,22.2801388],[114.1847579,22.2801302],[114.1848245,22.2801095]],[[114.1848245,22.2801095],[114.1856801,22.2798357],[114.1857053,22.2798277],[114.185797,22.2797983],[114.1858528,22.2797805],[114.1858658,22.2797763],[114.18588,22.2797718],[114.1861371,22.2796898],[114.1867809,22.2794787]],[[114.1867809,22.2794787],[114.1868539,22.2794554],[114.1869184,22.2794348],[114.1869281,22.279432]],[[114.1869281,22.279432],[114.1870854,22.2793823],[114.1871247,22.2793703],[114.1871633,22.2793605],[114.1872004,22.2793532],[114.187228,22.2793484],[114.187262,22.279346],[114.1872955,22.2793437],[114.1873295,22.2793432],[114.1873644,22.2793451],[114.1874052,22.2793495],[114.1874448,22.2793558],[114.1874831,22.2793638],[114.1875119,22.2793718],[114.1875426,22.2793818],[114.1875693,22.2793919],[114.1876003,22.2794056],[114.1876354,22.2794232],[114.1876759,22.2794458],[114.1877099,22.2794668]],[[114.1877099,22.2794668],[114.1879382,22.2796138],[114.1880036,22.2796548],[114.1882775,22.2798257],[114.188632,22.2800659],[114.1892456,22.2804816],[114.1894397,22.280613],[114.1898124,22.2808649],[114.1911081,22.2817408],[114.1912655,22.2818466],[114.1913256,22.2818873]],[[114.1913256,22.2818873],[114.1916407,22.2820985],[114.1916974,22.2821366],[114.1917587,22.2821829],[114.1918167,22.2822303],[114.1918637,22.2822747],[114.1919129,22.2823236],[114.1919602,22.2823773],[114.1920025,22.2824293],[114.1920508,22.2824969],[114.1920823,22.2825467],[114.1921168,22.2826091],[114.1921469,22.2826676],[114.1922627,22.2829103],[114.1922798,22.2829446]],[[114.1922798,22.2829446],[114.1924033,22.2832082],[114.1924568,22.2833435],[114.1925041,22.2834794],[114.1925326,22.2835777],[114.1925592,22.2836807],[114.1926662,22.2842327],[114.1926877,22.2843291],[114.1927256,22.2845026],[114.1927785,22.2847423],[114.1928383,22.2850051],[114.1928725,22.2851705],[114.1928836,22.2852452],[114.1928949,22.2853213],[114.1929017,22.2853875],[114.1929112,22.2854805],[114.1929176,22.2855834],[114.1929216,22.2856914],[114.1929203,22.2858696],[114.1929132,22.2860723],[114.1928947,22.2864134],[114.19289,22.2865],[114.1928689,22.2868964],[114.1928678,22.2869107],[114.1928642,22.2870244],[114.192868,22.2871431],[114.1928725,22.2872083],[114.1928809,22.2872698],[114.1928977,22.287359],[114.1929184,22.2874402],[114.192948,22.2875326],[114.1929653,22.287578],[114.1929854,22.2876236],[114.1930166,22.2876858],[114.1930696,22.2877747],[114.193122,22.2878529],[114.1931761,22.2879276],[114.1932131,22.2879745],[114.1932436,22.2880103],[114.1933007,22.2880739],[114.1933759,22.2881583],[114.1942595,22.2891424],[114.1943452,22.2892369],[114.1943533,22.2892457],[114.1943613,22.2892546],[114.1945419,22.2894561],[114.1945812,22.2895]],[[114.1945812,22.2895],[114.194643,22.2895684],[114.1949348,22.2898833],[114.1949741,22.289921],[114.195011,22.2899523],[114.1950678,22.2899972],[114.1951238,22.2900367],[114.1951782,22.290072],[114.1952176,22.2900949],[114.1953469,22.2901557]],[[114.1953469,22.2901557],[114.19541,22.2901788],[114.1954421,22.2901906],[114.1955008,22.2902099],[114.195609,22.2902375],[114.1957327,22.2902627],[114.1962866,22.2903767],[114.1965341,22.2904318]],[[114.1965341,22.2904318],[114.1971209,22.2905516],[114.1975746,22.2906452],[114.1984996,22.2908361],[114.1986379,22.2908646],[114.1987349,22.2908846],[114.1988843,22.2909156],[114.1989217,22.2909239],[114.1989407,22.2909288],[114.1989964,22.2909443],[114.1990963,22.2909684],[114.1996184,22.2910749],[114.1996313,22.2910769],[114.1997106,22.2910861],[114.1997236,22.2910881],[114.2002952,22.2912063],[114.2004384,22.2912347],[114.2008106,22.291311],[114.2016514,22.2914833],[114.2017575,22.2915049],[114.2030089,22.2917601],[114.2030889,22.2917757]],[[114.2030889,22.2917757],[114.2033965,22.2918398],[114.2035297,22.2918675],[114.2040648,22.2919752],[114.2041496,22.291994],[114.2044144,22.2920597],[114.2045057,22.2920776],[114.2045708,22.2920879],[114.2046336,22.2920935],[114.2047115,22.2920985],[114.2048063,22.2921024],[114.2052014,22.2921101],[114.2056048,22.2921174],[114.2056782,22.2921161],[114.2057258,22.2921151],[114.2057755,22.2921116],[114.2058365,22.2921047],[114.2060372,22.2920769],[114.2061871,22.2920598],[114.2062697,22.292051],[114.2066712,22.2920171],[114.2067154,22.2920115],[114.2067598,22.2920031],[114.2068119,22.2919919],[114.2068559,22.2919802],[114.2068956,22.2919679],[114.2071926,22.2918601],[114.2073174,22.291814],[114.2075229,22.2917386],[114.2081778,22.2914997],[114.2082178,22.291485],[114.2083097,22.29145],[114.2083709,22.2914243],[114.2084218,22.2914002],[114.2084843,22.2913671],[114.2085446,22.2913323],[114.2086,22.2912977],[114.208656,22.2912606],[114.2087192,22.2912142],[114.2087688,22.2911744],[114.2088169,22.2911324],[114.2088709,22.2910799],[114.208917,22.2910313],[114.2089545,22.2909884],[114.208969,22.2909706],[114.2090095,22.2909186],[114.2090507,22.2908613],[114.2090957,22.2907928],[114.2091218,22.2907474],[114.2091539,22.2906864],[114.2091924,22.2906057],[114.2092184,22.2905392],[114.2092407,22.2904778],[114.2093278,22.2902165],[114.2096181,22.2893462],[114.2098138,22.2887505],[114.2098593,22.288612],[114.2099127,22.2884509],[114.2100352,22.2880738],[114.2101749,22.2876416],[114.2101974,22.2875705],[114.2102663,22.2873584],[114.2104037,22.2869346],[114.2104247,22.2868754],[114.2104446,22.2868233],[114.2104639,22.2867798],[114.2104874,22.2867287],[114.2105115,22.2866826],[114.2105351,22.2866405],[114.2105604,22.2865988],[114.2110328,22.2858592],[114.211049,22.2858341],[114.2111993,22.2856],[114.2114107,22.2852688],[114.2114318,22.285237],[114.2114495,22.2852135],[114.2114717,22.2851869],[114.211496,22.2851606],[114.2115187,22.2851388],[114.2115385,22.2851208],[114.2115615,22.2851013],[114.2115837,22.2850841],[114.2116091,22.2850662],[114.2116399,22.2850466],[114.2116685,22.2850305],[114.2117056,22.2850122],[114.2117352,22.2849991],[114.2117711,22.2849856],[114.2122792,22.28482],[114.212306,22.2848114],[114.2125351,22.284737],[114.2125942,22.2847187],[114.2126449,22.2847051],[114.2126975,22.2846926],[114.2127618,22.28468],[114.2128341,22.2846693],[114.2128947,22.2846627],[114.2129335,22.28466],[114.2129782,22.2846578],[114.2130245,22.2846568],[114.2130963,22.2846578],[114.2135533,22.284673],[114.2136705,22.2846772],[114.2138397,22.2846833],[114.2144451,22.2847054],[114.2145879,22.284709],[114.2147144,22.284704],[114.2153012,22.2846661],[114.2155584,22.2846501],[114.215652,22.2846453],[114.2157532,22.2846456],[114.2160725,22.2846465]],[[114.2160725,22.2846465],[114.2170211,22.2846478],[114.2171497,22.2846554],[114.2172672,22.2846668],[114.2174739,22.2846971],[114.2176959,22.2847459],[114.2182123,22.2848723],[114.2183043,22.2848932],[114.2184356,22.2849171],[114.2185035,22.2849266],[114.2185691,22.2849345],[114.2186759,22.2849438],[114.2188201,22.2849458],[114.2189038,22.2849447],[114.2189896,22.2849405],[114.219107,22.2849281],[114.2192003,22.2849127],[114.219282,22.284897],[114.2193966,22.2848689],[114.2194601,22.2848493],[114.2195184,22.2848298],[114.2195793,22.284805],[114.219627,22.2847831],[114.2197174,22.2847378],[114.219791,22.2846959],[114.2198302,22.2846701],[114.2198702,22.2846412],[114.2199437,22.2845851],[114.2200025,22.2845327]],[[114.2200025,22.2845327],[114.2200167,22.2845193],[114.2200765,22.2844551]],[[114.2200765,22.2844551],[114.2201602,22.2843588],[114.2203849,22.2840727],[114.2206136,22.2837807]],[[114.2206136,22.2837807],[114.220935,22.283369],[114.2211066,22.2831496],[114.2211954,22.2830369],[114.221268,22.2829439],[114.2213335,22.2828594]],[[114.2213335,22.2828594],[114.2216077,22.2825086],[114.2217399,22.2823366],[114.2218211,22.2822183],[114.2218895,22.282117],[114.221966,22.2820176]],[[114.221966,22.2820176],[114.2219956,22.2819791],[114.2223211,22.2815647],[114.2223548,22.2815246],[114.2224267,22.2814458],[114.2224785,22.2813939],[114.2225356,22.2813431],[114.222586,22.2813],[114.2226622,22.2812399],[114.2227498,22.2811767],[114.2228335,22.2811202],[114.2228985,22.2810816],[114.2229566,22.2810497],[114.2230576,22.2809977],[114.2239044,22.2806003],[114.2239656,22.2805714],[114.2240356,22.2805409],[114.2241373,22.2805038]],[[114.2241373,22.2805038],[114.2242449,22.2804695],[114.2242979,22.2804548],[114.2244223,22.2804269],[114.2245903,22.2803934],[114.2251263,22.280292],[114.2251729,22.2802817],[114.2252028,22.280273],[114.2252625,22.2802526],[114.2253026,22.2802359],[114.2253454,22.2802144],[114.2253881,22.2801887],[114.2254292,22.280161]],[[114.2254292,22.280161],[114.2254682,22.2801238],[114.2255343,22.2800555],[114.2255515,22.2800299],[114.2255913,22.2799636]],[[114.2255913,22.2799636],[114.2257422,22.279718],[114.2257959,22.2796295],[114.2263375,22.2787375],[114.2265587,22.278376],[114.2266078,22.2782968],[114.2269659,22.277708],[114.2269821,22.2776831],[114.2269954,22.277665],[114.2270175,22.2776381],[114.2270507,22.2776049],[114.2270762,22.2775827],[114.2271066,22.2775618],[114.2271419,22.2775406],[114.2271784,22.2775208],[114.2278715,22.2771518],[114.2279405,22.2771177]],[[114.2279405,22.2771177],[114.2280898,22.2770465],[114.2282084,22.2769916],[114.2282904,22.2769532],[114.2283596,22.2769236],[114.2284101,22.2769042],[114.2284362,22.2768947],[114.2284602,22.2768876],[114.2285039,22.2768769],[114.2286515,22.2768452],[114.2288155,22.2768156],[114.2288468,22.27681],[114.2290467,22.2767717],[114.2290554,22.27677],[114.2291201,22.276758],[114.2292689,22.2767287],[114.2293387,22.2767179],[114.2293731,22.276714],[114.2293896,22.2767126],[114.2294062,22.2767121],[114.2294225,22.2767127],[114.2294387,22.2767137],[114.2294552,22.2767156],[114.2294724,22.2767185],[114.2295021,22.2767248],[114.2295288,22.2767322],[114.2295499,22.2767395],[114.2295713,22.2767485],[114.2295906,22.2767591],[114.2296082,22.2767702],[114.2296258,22.2767823],[114.2296449,22.2767985],[114.2296712,22.2768247],[114.2296866,22.276843],[114.2296964,22.2768568],[114.2297101,22.2768786],[114.2297275,22.2769075],[114.2298017,22.2770394],[114.2298335,22.2770963],[114.2298497,22.2771246],[114.2300825,22.2775395],[114.2300893,22.2775541],[114.2300951,22.2775708],[114.2300997,22.2775888],[114.2301014,22.2776017],[114.2301013,22.2776157],[114.2301007,22.2776235],[114.2300996,22.2776397],[114.2300967,22.2776582],[114.230093,22.2776748],[114.2300875,22.2776936],[114.2300828,22.2777064],[114.2300754,22.2777227],[114.2300635,22.2777435],[114.2300591,22.2777521],[114.2300556,22.2777626],[114.2300534,22.2777757],[114.2300531,22.277788],[114.230054,22.2778],[114.2300569,22.2778134],[114.2300618,22.2778264],[114.2300691,22.2778397],[114.2300785,22.2778521],[114.2300906,22.2778639],[114.2300992,22.2778706],[114.2301079,22.277876],[114.2301223,22.2778826],[114.2301392,22.2778872],[114.2301528,22.2778899],[114.2301671,22.2778906]],[[114.2301671,22.2778906],[114.2301777,22.2778901],[114.2301888,22.2778886],[114.2301995,22.2778861],[114.2302095,22.2778825],[114.2302192,22.277878],[114.2302295,22.2778721],[114.2302391,22.2778651],[114.2302487,22.2778562],[114.2302579,22.2778454],[114.2302655,22.2778332],[114.2302705,22.2778227],[114.2302742,22.2778108],[114.2302762,22.277798],[114.2302772,22.2777872],[114.2302766,22.2777751],[114.2302746,22.2777629],[114.2302712,22.2777511],[114.2302671,22.2777409],[114.2302615,22.277731],[114.2302549,22.2777219],[114.2302466,22.277712],[114.2301958,22.2776609],[114.2301892,22.2776531],[114.230181,22.2776434],[114.2301607,22.2776176],[114.230141,22.27759],[114.2301243,22.2775626],[114.229881,22.2771299],[114.2298717,22.2771134],[114.2298244,22.2770287],[114.2297262,22.2768554],[114.2297058,22.2768231],[114.2296964,22.2768107],[114.2296863,22.2767994],[114.2296729,22.2767862],[114.2296563,22.2767715],[114.2296406,22.2767589],[114.2296238,22.276747],[114.229602,22.2767346],[114.22958,22.2767235],[114.2295565,22.2767134],[114.2295327,22.2767041],[114.22951,22.2766975],[114.229486,22.2766923],[114.2294683,22.2766896],[114.2294504,22.276688],[114.2294143,22.2766866],[114.2293959,22.2766871],[114.229366,22.2766894],[114.2293099,22.2766969],[114.2292548,22.276706],[114.22905,22.2767458],[114.2290356,22.2767487],[114.2289547,22.2767644],[114.228864,22.2767817],[114.2288414,22.276786],[114.2288134,22.2767913],[114.2286474,22.2768225],[114.228547,22.2768428],[114.2284445,22.2768668],[114.2284122,22.2768769],[114.2283792,22.276889],[114.2282983,22.2769236],[114.2282042,22.2769673],[114.2280978,22.2770157],[114.2279251,22.2770972]],[[114.2279251,22.2770972],[114.2278839,22.2771181],[114.2271641,22.2775032],[114.2271282,22.2775234],[114.2270932,22.2775446],[114.2270624,22.2775664],[114.227034,22.2775899],[114.2269925,22.2776326],[114.2269811,22.2776473],[114.2269658,22.277667],[114.2269526,22.277686],[114.2265871,22.2782861],[114.2265379,22.2783651],[114.2263175,22.2787284],[114.2258382,22.2795184],[114.2257767,22.2796194],[114.2257274,22.2797003],[114.2255972,22.2799085]],[[114.2255972,22.2799085],[114.2255403,22.2800039],[114.2255179,22.2800369],[114.225481,22.2800779],[114.2254358,22.2801209],[114.2253645,22.280173],[114.2253222,22.2801985],[114.2252852,22.2802167],[114.2252607,22.2802268],[114.2252168,22.2802438],[114.2251754,22.2802562],[114.2251177,22.2802698],[114.224585,22.2803711],[114.2244168,22.2804046],[114.2242387,22.2804471],[114.2241303,22.2804815],[114.2240193,22.2805224],[114.2239551,22.2805507],[114.2238279,22.2806093]],[[114.2238279,22.2806093],[114.2230472,22.2809787],[114.2229422,22.2810305],[114.2228829,22.281064],[114.2228232,22.2811012],[114.2227368,22.2811597],[114.2226481,22.281222],[114.2225693,22.2812836],[114.2225144,22.2813304],[114.2224604,22.2813789],[114.2224085,22.2814302],[114.2223626,22.2814792],[114.2223122,22.2815371],[114.2222734,22.2815849],[114.2219749,22.2819673],[114.2219475,22.2820031]],[[114.2219475,22.2820031],[114.2218646,22.2821122],[114.2218006,22.2822057],[114.2217221,22.2823214],[114.2215875,22.2824954],[114.2213036,22.2828592],[114.2212481,22.2829297]],[[114.2212481,22.2829297],[114.2211742,22.2830225],[114.2210583,22.2831726],[114.2209153,22.2833553],[114.2205935,22.2837672]],[[114.2205935,22.2837672],[114.2203484,22.2840807],[114.2201423,22.2843428],[114.2200585,22.2844398]],[[114.2200585,22.2844398],[114.2200334,22.2844661],[114.2199862,22.2845139]],[[114.2199862,22.2845139],[114.2199306,22.2845642],[114.2198493,22.2846265],[114.2197684,22.2846804],[114.2197033,22.2847174],[114.2196134,22.2847637],[114.2195565,22.2847884],[114.2195096,22.2848068],[114.2194459,22.2848282],[114.2193878,22.2848452],[114.2192779,22.2848732],[114.2191856,22.2848916],[114.2190996,22.2849047],[114.219053,22.2849109],[114.2189622,22.2849189],[114.2188238,22.2849242],[114.2186811,22.2849212],[114.2185725,22.2849126],[114.2184425,22.2848961],[114.2183138,22.2848727],[114.2182411,22.2848568],[114.2176961,22.2847221],[114.2174769,22.2846763],[114.217268,22.2846461],[114.2171483,22.2846342],[114.2170276,22.2846268],[114.216095,22.2846258]],[[114.216095,22.2846258],[114.2157531,22.284625],[114.2156751,22.2846248],[114.2155567,22.2846296],[114.2153011,22.284646],[114.2147231,22.2846832],[114.2145887,22.2846864],[114.2144491,22.2846825],[114.2138435,22.284661],[114.2136717,22.2846546],[114.2135539,22.2846502],[114.2130323,22.2846355],[114.2130105,22.2846353],[114.2129332,22.2846378],[114.2128551,22.2846443],[114.2128052,22.2846504],[114.2127563,22.2846582],[114.2127069,22.2846678],[114.2126607,22.2846783],[114.2126136,22.2846902],[114.2125623,22.2847054],[114.2125143,22.2847211],[114.212299,22.2847903],[114.2117698,22.2849608],[114.2117341,22.2849744],[114.2116994,22.2849893],[114.2116634,22.285007],[114.2116264,22.2850278],[114.2115928,22.2850499],[114.2115597,22.2850739],[114.2115262,22.2851011],[114.2114987,22.285126],[114.2114701,22.2851548],[114.2114437,22.2851845],[114.211425,22.2852079],[114.2114056,22.2852341],[114.2113881,22.2852604],[114.211054,22.285783],[114.2110288,22.2858231],[114.2105536,22.2865613],[114.2105195,22.2866175],[114.2104853,22.2866816],[114.2104612,22.2867294],[114.2104361,22.286783],[114.2104127,22.2868374],[114.2103819,22.2869248],[114.2102564,22.2873108],[114.2102409,22.2873593],[114.2101709,22.2875754],[114.2101496,22.2876403],[114.2101382,22.2876759],[114.210012,22.2880654],[114.2098882,22.2884447],[114.2098354,22.2886064],[114.2097351,22.2889119],[114.2095946,22.2893398],[114.2093039,22.2902104],[114.2092282,22.2904356],[114.2091958,22.2905275],[114.2091684,22.2905977],[114.2091332,22.2906726],[114.2090979,22.2907378],[114.2090632,22.2907964],[114.2090422,22.2908291],[114.209029,22.2908481],[114.2089784,22.2909179],[114.208929,22.2909792],[114.208897,22.291017],[114.2088552,22.2910621],[114.2088072,22.2911087],[114.2087472,22.2911613],[114.208704,22.2911956],[114.2086527,22.2912332],[114.2085958,22.2912722],[114.2085141,22.291323],[114.2084492,22.2913594],[114.2083963,22.2913858],[114.2083418,22.291411],[114.208291,22.2914319],[114.208245,22.2914498],[114.2082083,22.2914636],[114.207516,22.2917159],[114.2073085,22.2917922],[114.2071841,22.2918372],[114.2069004,22.2919405],[114.2068553,22.2919553],[114.2068044,22.2919696],[114.2067557,22.2919802],[114.2067057,22.2919878],[114.2066534,22.2919942],[114.2061827,22.2920365],[114.206037,22.292054],[114.2059052,22.2920726],[114.205833,22.2920828],[114.2057741,22.292089],[114.2056825,22.2920932],[114.2056094,22.2920946],[114.2051537,22.292086],[114.2048069,22.2920794],[114.2046517,22.2920715],[114.2046066,22.2920672],[114.2045562,22.2920593],[114.2045016,22.2920516],[114.2044495,22.2920415],[114.2043517,22.29202],[114.2041527,22.2919696],[114.2040626,22.2919505],[114.2035352,22.2918434],[114.2034015,22.2918156],[114.2031569,22.2917648],[114.203094,22.2917518]],[[114.203094,22.2917518],[114.2017629,22.2914806],[114.2016587,22.2914594],[114.200488,22.2912187],[114.2004445,22.2912098],[114.2003029,22.2911807],[114.1997335,22.2910637],[114.1997105,22.2910597],[114.1996441,22.2910523],[114.1996206,22.2910484],[114.1991023,22.2909429],[114.1990415,22.2909287],[114.1990024,22.2909186],[114.198948,22.2909036],[114.1989285,22.2908989],[114.1986739,22.2908448]],[[114.1986739,22.2908448],[114.1983411,22.2907764],[114.1982863,22.2907651],[114.1975817,22.2906203],[114.1971272,22.2905268],[114.1966248,22.290424],[114.1961013,22.2903169],[114.1957386,22.2902401],[114.1956131,22.2902133],[114.195508,22.2901872],[114.1954483,22.2901679],[114.1954178,22.2901574],[114.195357,22.2901322]],[[114.195357,22.2901322],[114.1952316,22.2900701],[114.1951839,22.290044],[114.1951353,22.290015],[114.1950952,22.2899871],[114.1950622,22.2899627],[114.1950279,22.2899351],[114.1949898,22.2899026],[114.1949363,22.2898496],[114.1946641,22.2895552],[114.1946007,22.2894849]],[[114.1946007,22.2894849],[114.1945606,22.2894403],[114.1944011,22.2892628],[114.1943809,22.2892403],[114.1943726,22.2892312],[114.1943644,22.2892221],[114.1942731,22.2891216],[114.1933971,22.2881395],[114.1933219,22.2880547],[114.1932381,22.2879602],[114.193195,22.2879081],[114.1931575,22.2878579],[114.193121,22.2878061],[114.1930845,22.2877476],[114.1930507,22.2876896],[114.1930222,22.2876347],[114.1929948,22.2875772],[114.1929723,22.2875223],[114.1929441,22.2874355],[114.1929235,22.2873554],[114.1929072,22.2872699],[114.1928983,22.2872078],[114.1928935,22.2871456],[114.1928896,22.2870244],[114.1928929,22.2869138],[114.1928938,22.2868939],[114.1929092,22.2866044],[114.1929145,22.2865007],[114.1929413,22.2859774],[114.192944,22.285871],[114.192945,22.2856969],[114.192942,22.2855879],[114.1929349,22.2854814],[114.1929245,22.2853844],[114.1929175,22.2853187],[114.1929067,22.2852409],[114.1928958,22.285163],[114.1928628,22.2850038],[114.1928034,22.2847449],[114.19275,22.2845042],[114.1927104,22.2843252],[114.1926902,22.2842256],[114.1925823,22.2836733],[114.1925562,22.2835707],[114.1925283,22.2834736],[114.1924809,22.2833356],[114.192455,22.2832675],[114.1924273,22.2832019],[114.1923017,22.2829351]],[[114.1923017,22.2829351],[114.1922846,22.2829006],[114.1922152,22.282755],[114.1921545,22.2826291],[114.1921313,22.282584],[114.1921031,22.2825351],[114.1920693,22.282482],[114.1920222,22.2824161],[114.1919777,22.2823606],[114.1919286,22.2823059],[114.1918796,22.2822561],[114.1918219,22.2822023],[114.1917744,22.2821632],[114.1917196,22.2821212],[114.1916679,22.2820859],[114.1913487,22.2818708]],[[114.1913487,22.2818708],[114.1912822,22.2818265],[114.1909191,22.2815813],[114.1897168,22.2807676],[114.1896072,22.2806934],[114.1894572,22.2805918],[114.1886453,22.2800428],[114.1882586,22.2797813],[114.1880986,22.2796819],[114.1880198,22.279633],[114.1877218,22.2794426]],[[114.1877218,22.2794426],[114.1876728,22.279414],[114.1876179,22.2793843],[114.187588,22.2793702],[114.1875558,22.2793575],[114.1875238,22.2793466],[114.1874911,22.2793374],[114.1874527,22.2793291],[114.1874148,22.2793232],[114.1873712,22.2793192],[114.1873273,22.2793174],[114.1872782,22.2793187],[114.1872388,22.2793212],[114.1872035,22.2793259],[114.1871675,22.2793335],[114.1871315,22.2793426],[114.1871147,22.2793479],[114.1870475,22.2793688],[114.1869021,22.279416]],[[114.1869021,22.279416],[114.1868995,22.279417],[114.1865618,22.2795252],[114.185874,22.2797481],[114.1858578,22.2797532],[114.1858437,22.2797577],[114.185788,22.2797755],[114.1856238,22.2798278],[114.1847969,22.2800922]],[[114.1847969,22.2800922],[114.1847686,22.2801009],[114.1847379,22.2801103],[114.1846866,22.2801232],[114.1846475,22.2801302],[114.1846018,22.2801343],[114.1845599,22.2801353],[114.1832108,22.2800812],[114.18317,22.2800776],[114.1831231,22.280068],[114.1830949,22.2800597],[114.1828718,22.2799767]],[[114.1828718,22.2799767],[114.1826704,22.2799014]],[[114.1826704,22.2799014],[114.1825727,22.2798661],[114.182518,22.2798461],[114.181432,22.2794433],[114.1813086,22.2793972],[114.1810916,22.2793174],[114.1807912,22.2792051],[114.1797812,22.2788259],[114.179669,22.2787841],[114.1796533,22.2787784],[114.1795772,22.278752],[114.179412,22.2787025],[114.1793424,22.2786817]],[[114.1793424,22.2786817],[114.1793018,22.2786704],[114.1780623,22.2783071],[114.1779503,22.278274],[114.1773838,22.2781068],[114.1772889,22.2780765],[114.1772489,22.2780616]],[[114.1772489,22.2780616],[114.1772028,22.2780423],[114.1771597,22.278021],[114.1771002,22.2779893],[114.1770254,22.2779453]],[[114.1770254,22.2779453],[114.176797,22.277811],[114.1762578,22.2774926],[114.1759892,22.2773347],[114.175934,22.2773019],[114.1755802,22.2770942],[114.1752796,22.2769163],[114.1752374,22.2768917],[114.1752168,22.2768795],[114.1751486,22.2768393],[114.1750951,22.2768102],[114.1750635,22.276794],[114.1750359,22.2767807],[114.1750137,22.2767706],[114.1749956,22.2767634],[114.1749756,22.2767564],[114.1749555,22.2767499],[114.1749258,22.2767408],[114.1748849,22.2767317]],[[114.1748849,22.2767317],[114.1748742,22.2767301],[114.1748609,22.2767277],[114.1748463,22.2767256],[114.1748314,22.2767239],[114.1748181,22.2767224],[114.1747876,22.2767189],[114.1747503,22.2767148],[114.1744174,22.2766784],[114.1740084,22.2766334],[114.1735092,22.2765796],[114.1733192,22.2765581],[114.1727983,22.2765023],[114.1722379,22.2764436],[114.1720986,22.276429],[114.1718133,22.2763998],[114.1717394,22.2763942],[114.1717019,22.2763906],[114.1716422,22.2763889],[114.1716052,22.2763898],[114.1715786,22.2763912],[114.1715518,22.2763943],[114.1714924,22.276403],[114.1714482,22.2764107],[114.1714058,22.2764216],[114.1713723,22.2764318],[114.171346,22.2764418],[114.1713092,22.2764575],[114.1712653,22.276478],[114.1712209,22.2765002],[114.1711837,22.2765204],[114.1711513,22.2765397],[114.170744,22.276792],[114.1704763,22.2769578],[114.1702744,22.2770828],[114.170194,22.2771326],[114.1701175,22.2771806],[114.1694284,22.2776078],[114.1693576,22.2776517],[114.1693452,22.2776589],[114.1693322,22.2776665],[114.1693094,22.2776781]],[[114.1693094,22.2776781],[114.1692905,22.2776871],[114.1692573,22.2777009],[114.1692277,22.2777111],[114.1692007,22.2777188],[114.1691724,22.2777259],[114.1691438,22.2777318],[114.1691119,22.2777367],[114.169043,22.277745],[114.1684408,22.2777947],[114.1677776,22.277851],[114.1676914,22.2778614],[114.1676292,22.2778701],[114.1673983,22.2779053]],[[114.1673983,22.2779053],[114.1672616,22.2779241],[114.1672163,22.2779287],[114.1662871,22.2780071],[114.166255,22.2780108],[114.1651232,22.278178],[114.1649647,22.2782046],[114.1648027,22.2782372],[114.164628,22.278281],[114.1645745,22.2782951],[114.1644978,22.2783179],[114.1644426,22.2783354],[114.1644077,22.2783465],[114.1643323,22.2783716],[114.1642486,22.2784027],[114.1641744,22.278433],[114.164087,22.2784698],[114.1640053,22.2785069],[114.1639378,22.2785389],[114.1638673,22.2785743],[114.1638017,22.2786095],[114.1637457,22.2786401],[114.1636882,22.2786732],[114.1635794,22.2787389],[114.1635009,22.278789],[114.1634392,22.2788313],[114.1633373,22.2789028],[114.1631612,22.2790329],[114.1629914,22.2791578],[114.1628236,22.2792746],[114.1627622,22.2793136],[114.1626696,22.2793678],[114.1625267,22.2794452],[114.1624231,22.2794927],[114.1623054,22.2795408],[114.162169,22.2795927],[114.1617444,22.2797424],[114.1615526,22.2798122],[114.1614708,22.2798389],[114.1613664,22.2798625],[114.1612888,22.2798753],[114.1610813,22.2799066],[114.1609161,22.27993],[114.1608826,22.279936],[114.1608494,22.2799433],[114.1608119,22.279953],[114.1607814,22.2799619],[114.1607495,22.2799729],[114.1607216,22.279984],[114.1606964,22.2799957],[114.1606694,22.280011],[114.160645,22.2800268],[114.1606196,22.280046],[114.1605978,22.2800645]],[[114.1605978,22.2800645],[114.1605725,22.2800892],[114.1605499,22.2801147],[114.1605308,22.2801382],[114.1605162,22.2801593],[114.1605022,22.280182],[114.1604881,22.2802084],[114.1604749,22.2802365],[114.1604578,22.2802781],[114.160443,22.2803132],[114.1604343,22.280331],[114.1604222,22.2803521],[114.1604118,22.2803681],[114.1603994,22.2803839],[114.1603854,22.2803996],[114.1603679,22.2804165],[114.1603504,22.2804315],[114.1603316,22.2804454],[114.1603142,22.2804565],[114.1602959,22.2804668],[114.1602766,22.2804756],[114.1602562,22.2804837],[114.1602333,22.2804911],[114.159963,22.280562],[114.1598735,22.2805851],[114.1594265,22.2807011],[114.1593986,22.2807084]],[[114.1593986,22.2807084],[114.1590788,22.2807901],[114.1588094,22.2808627],[114.1587713,22.2808746],[114.1587439,22.2808852],[114.1587184,22.280897],[114.1586952,22.28091],[114.1586706,22.2809244],[114.1586493,22.2809398],[114.1586286,22.2809569],[114.1586118,22.2809728],[114.1585923,22.2809937],[114.1585748,22.2810141],[114.1581594,22.2815314],[114.158034,22.2816864],[114.1579692,22.2817697],[114.1579333,22.2818166],[114.1579127,22.2818427],[114.1578667,22.2819003],[114.1578535,22.2819146],[114.1578378,22.2819296],[114.157767,22.2819942],[114.1577415,22.2820207],[114.1577193,22.2820457],[114.15763,22.2821577],[114.1573923,22.2824551],[114.1573748,22.2824787],[114.1573565,22.2825064],[114.1573376,22.2825371],[114.1573199,22.28257],[114.1573034,22.2825984],[114.1572889,22.2826202],[114.1572742,22.2826393],[114.1570948,22.2828648],[114.1566317,22.2834492],[114.1565292,22.2835754],[114.1565045,22.283606],[114.1564785,22.2836383],[114.1564504,22.2836728],[114.156087,22.2841126],[114.1560535,22.2841532],[114.155986,22.284235],[114.1559628,22.284263],[114.1558356,22.2844167],[114.1557877,22.2844753],[114.1557718,22.2844947],[114.1557213,22.2845555],[114.1556604,22.2846288],[114.1556384,22.2846554],[114.1553828,22.2849648],[114.155369,22.2849801],[114.1553339,22.2850136],[114.1552897,22.28505],[114.1552504,22.2850789],[114.1551874,22.2851208],[114.1548514,22.2853169],[114.1546974,22.2854063],[114.1545361,22.2855023],[114.1544529,22.2855505],[114.1540323,22.2857941],[114.1533616,22.2861857],[114.1533183,22.28621],[114.1532829,22.2862262],[114.1532386,22.2862433],[114.1532,22.2862561],[114.153124,22.2862782],[114.1531077,22.2862829],[114.1529173,22.2863302],[114.1520739,22.2865373],[114.1519809,22.28656],[114.1513254,22.2867215],[114.1511475,22.286765],[114.1510583,22.2867876]],[[114.1510583,22.2867876],[114.1507667,22.2868599],[114.1505958,22.2869022],[114.1505529,22.2869129],[114.1505381,22.2869173],[114.150525,22.2869226],[114.1505145,22.2869288],[114.1505044,22.286936],[114.1504958,22.2869438],[114.1504881,22.2869519]],[[114.1504881,22.2869519],[114.1504819,22.2869598],[114.1504771,22.2869673],[114.1504712,22.2869788],[114.1504666,22.286991],[114.1504638,22.2870023],[114.1504621,22.2870154],[114.1504619,22.2870274],[114.150463,22.2870393],[114.1504646,22.2870509],[114.1504677,22.2870642],[114.1504777,22.2871007],[114.1505746,22.2874304]],[[114.1505746,22.2874304],[114.150582,22.2874616],[114.1505855,22.2874812],[114.1505866,22.2874939],[114.1505863,22.287505],[114.1505848,22.2875163],[114.1505814,22.2875295],[114.1505769,22.2875415],[114.1505708,22.2875527],[114.1505652,22.2875615],[114.1505554,22.2875731],[114.1505477,22.287581],[114.1505368,22.2875892],[114.1505242,22.2875971],[114.1505134,22.2876025],[114.1505014,22.2876069],[114.1504873,22.2876109]],[[114.1504873,22.2876109],[114.1500873,22.2877112],[114.150033,22.2877248],[114.1487641,22.2880427],[114.1484009,22.2881322],[114.1482605,22.2881721],[114.1482245,22.2881804],[114.1481882,22.2881867],[114.1481472,22.2881896],[114.1481042,22.2881871],[114.1480755,22.2881822],[114.1480496,22.288174]],[[114.1480496,22.288174],[114.1480314,22.2881662],[114.1480133,22.2881557],[114.1479901,22.2881408],[114.1479249,22.2880926],[114.147521,22.287794],[114.1473987,22.2877036],[114.147371,22.2876849],[114.1473439,22.2876692],[114.1473214,22.2876593],[114.1472987,22.2876518],[114.1472838,22.287648],[114.1472686,22.2876455],[114.1472336,22.2876417],[114.1472076,22.2876414],[114.1471711,22.2876425],[114.1471265,22.2876457],[114.1461433,22.2877334],[114.1459143,22.2877546],[114.1458339,22.2877614],[114.1452695,22.2878106],[114.145195,22.2878162],[114.1448523,22.2878275],[114.1447601,22.2878305],[114.1440366,22.2878534],[114.143862,22.2878589],[114.1437722,22.2878618],[114.1436824,22.2878646],[114.1435072,22.2878701],[114.1430009,22.2878862],[114.1429566,22.2878877],[114.1424427,22.2879039],[114.1423336,22.2879073],[114.1422487,22.28791],[114.1418735,22.2879219],[114.1412483,22.2879417],[114.1410815,22.287947],[114.1409068,22.2879525],[114.1408189,22.2879522],[114.1407756,22.2879483],[114.1407326,22.2879426],[114.1406658,22.2879303],[114.1406,22.2879138],[114.1404476,22.2878674],[114.1400627,22.2877621],[114.1396602,22.287652],[114.1395278,22.2876158],[114.1394646,22.2875985],[114.1394237,22.2875872],[114.1393378,22.2875645],[114.1390632,22.2874915],[114.1389599,22.2874635],[114.1389353,22.2874568],[114.1388227,22.2874262],[114.1387195,22.2873979],[114.1387054,22.2873941],[114.1384945,22.2873369],[114.137606,22.2870966],[114.1375633,22.2870871],[114.1375312,22.2870783],[114.1374335,22.2870539],[114.1370105,22.2869349],[114.1368029,22.2868794],[114.1365907,22.2868232],[114.1365644,22.286816],[114.1365488,22.2868108],[114.1365261,22.2868032],[114.1362041,22.2867172],[114.1361219,22.2866986],[114.1360808,22.2866906],[114.1360501,22.2866864],[114.1360202,22.286686],[114.1359791,22.28669],[114.135943,22.2866957],[114.1359165,22.2867009],[114.1356705,22.286758],[114.135649,22.2867628],[114.1354333,22.2868121],[114.1353867,22.2868223],[114.1349609,22.2869197],[114.1348491,22.2869451]],[[114.1348491,22.2869451],[114.1347565,22.2869662],[114.1347323,22.2869734],[114.1347036,22.2869828],[114.1346169,22.2870174],[114.1345898,22.2870262],[114.1345626,22.2870338],[114.134356,22.287081],[114.1343113,22.2870907],[114.1342828,22.2870942],[114.134182,22.2871014],[114.1341416,22.2871066],[114.1341168,22.2871114],[114.1336981,22.2872059],[114.1335566,22.2872379],[114.1332589,22.2873061],[114.1332272,22.2873122],[114.1331954,22.2873165]],[[114.1331954,22.2873165],[114.1331522,22.287321],[114.1331111,22.2873214],[114.1330567,22.2873198],[114.1330073,22.2873139],[114.1329601,22.2873049],[114.1329114,22.2872924],[114.1328633,22.287276],[114.1328192,22.2872576],[114.1327742,22.2872349],[114.1327268,22.2872061],[114.1326799,22.2871727],[114.1326396,22.2871383],[114.1326041,22.2871029],[114.1325774,22.2870705],[114.1325508,22.2870322],[114.1325265,22.2869909],[114.1324792,22.2869047],[114.1323774,22.2867143]],[[114.1323774,22.2867143],[114.1323115,22.2865916],[114.1322375,22.2864549],[114.1319413,22.2859037],[114.1317647,22.2855765],[114.1317454,22.2855441],[114.1317237,22.2855113],[114.1316983,22.2854773],[114.1316648,22.2854371],[114.1316298,22.2854002],[114.1315972,22.2853696],[114.1315569,22.285334],[114.1314716,22.2852645]],[[114.1314716,22.2852645],[114.1314102,22.2852147],[114.1306966,22.2846363],[114.1306254,22.2845781],[114.1303747,22.2843747],[114.1296928,22.2838214],[114.1296568,22.2837923],[114.1296272,22.2837661],[114.129602,22.2837406],[114.1295794,22.2837152],[114.1295395,22.2836657],[114.1295202,22.2836455],[114.129497,22.283624],[114.12947,22.2836011],[114.129385,22.2835336],[114.1293574,22.2835144],[114.1293289,22.2834974],[114.1292945,22.28348],[114.1292558,22.2834635],[114.1292146,22.2834496],[114.1291769,22.2834406],[114.129053,22.283418],[114.128934,22.2833959],[114.1288572,22.2833814],[114.1281526,22.2832593],[114.1280721,22.2832465]],[[114.1280721,22.2832465],[114.1279543,22.2832281],[114.1277626,22.2831951],[114.1270265,22.2830679],[114.1269427,22.2830536],[114.1268353,22.283035],[114.1268018,22.2830279],[114.1267779,22.283017],[114.1267621,22.283006]],[[114.1267621,22.283006],[114.1267482,22.2829935],[114.1267365,22.2829778],[114.126729,22.2829643],[114.1267227,22.2829476],[114.1267191,22.282929],[114.1267184,22.2829124],[114.1267202,22.2828967],[114.1267768,22.2826195],[114.1267817,22.282599],[114.1268165,22.2824716],[114.1268179,22.2824632],[114.1268185,22.2824549],[114.1268181,22.2824464],[114.1268174,22.2824383],[114.126816,22.2824309],[114.1268126,22.2824191],[114.1268074,22.2824057],[114.1268005,22.2823939]],[[114.1268005,22.2823939],[114.1267927,22.2823832],[114.1267832,22.2823724],[114.1267716,22.2823625],[114.1267596,22.2823547],[114.1267481,22.2823487],[114.126737,22.2823443],[114.1267276,22.2823418],[114.1265819,22.2823176]],[[114.1265819,22.2823176],[114.1262652,22.2822644],[114.1262423,22.2822606],[114.1262308,22.2822581],[114.1262066,22.2822561],[114.1261872,22.2822574]],[[114.1261872,22.2822574],[114.126168,22.2822613],[114.1261544,22.2822653],[114.1261376,22.2822723],[114.1261205,22.2822826],[114.1261084,22.2822925],[114.1261019,22.2822986],[114.1260864,22.2823131],[114.126079,22.2823307],[114.1260747,22.2823412],[114.1260637,22.282392],[114.1260494,22.2824639],[114.1259808,22.2828078],[114.1259789,22.2828245],[114.125979,22.2828377],[114.1259824,22.2828562],[114.1259878,22.2828723],[114.1259938,22.2828845],[114.1260014,22.2828962],[114.12601,22.2829063],[114.1260176,22.2829138],[114.1260271,22.2829218]],[[114.1260271,22.2829218],[114.1260377,22.2829289],[114.12605,22.2829352],[114.1260656,22.282941],[114.1260836,22.2829455],[114.1262105,22.2829676]]]}},{"type":"Feature","properties":{"kind":"route","serviceName":"Shau Kei Wan to Western Market","name":"Hong Kong Tramways — Shau Kei Wan to Western Market","color":"#ABC657","osmRelationIds":[4088321,4088368],"osmWayCount":68},"geometry":{"type":"MultiLineString","coordinates":[[[114.2301671,22.2778906],[114.2301777,22.2778901],[114.2301888,22.2778886],[114.2301995,22.2778861],[114.2302095,22.2778825],[114.2302192,22.277878],[114.2302295,22.2778721],[114.2302391,22.2778651],[114.2302487,22.2778562],[114.2302579,22.2778454],[114.2302655,22.2778332],[114.2302705,22.2778227],[114.2302742,22.2778108],[114.2302762,22.277798],[114.2302772,22.2777872],[114.2302766,22.2777751],[114.2302746,22.2777629],[114.2302712,22.2777511],[114.2302671,22.2777409],[114.2302615,22.277731],[114.2302549,22.2777219],[114.2302466,22.277712],[114.2301958,22.2776609],[114.2301892,22.2776531],[114.230181,22.2776434],[114.2301607,22.2776176],[114.230141,22.27759],[114.2301243,22.2775626],[114.229881,22.2771299],[114.2298717,22.2771134],[114.2298244,22.2770287],[114.2297262,22.2768554],[114.2297058,22.2768231],[114.2296964,22.2768107],[114.2296863,22.2767994],[114.2296729,22.2767862],[114.2296563,22.2767715],[114.2296406,22.2767589],[114.2296238,22.276747],[114.229602,22.2767346],[114.22958,22.2767235],[114.2295565,22.2767134],[114.2295327,22.2767041],[114.22951,22.2766975],[114.229486,22.2766923],[114.2294683,22.2766896],[114.2294504,22.276688],[114.2294143,22.2766866],[114.2293959,22.2766871],[114.229366,22.2766894],[114.2293099,22.2766969],[114.2292548,22.276706],[114.22905,22.2767458],[114.2290356,22.2767487],[114.2289547,22.2767644],[114.228864,22.2767817],[114.2288414,22.276786],[114.2288134,22.2767913],[114.2286474,22.2768225],[114.228547,22.2768428],[114.2284445,22.2768668],[114.2284122,22.2768769],[114.2283792,22.276889],[114.2282983,22.2769236],[114.2282042,22.2769673],[114.2280978,22.2770157],[114.2279251,22.2770972]],[[114.2279251,22.2770972],[114.2278839,22.2771181],[114.2271641,22.2775032],[114.2271282,22.2775234],[114.2270932,22.2775446],[114.2270624,22.2775664],[114.227034,22.2775899],[114.2269925,22.2776326],[114.2269811,22.2776473],[114.2269658,22.277667],[114.2269526,22.277686],[114.2265871,22.2782861],[114.2265379,22.2783651],[114.2263175,22.2787284],[114.2258382,22.2795184],[114.2257767,22.2796194],[114.2257274,22.2797003],[114.2255972,22.2799085]],[[114.2255972,22.2799085],[114.2255403,22.2800039],[114.2255179,22.2800369],[114.225481,22.2800779],[114.2254358,22.2801209],[114.2253645,22.280173],[114.2253222,22.2801985],[114.2252852,22.2802167],[114.2252607,22.2802268],[114.2252168,22.2802438],[114.2251754,22.2802562],[114.2251177,22.2802698],[114.224585,22.2803711],[114.2244168,22.2804046],[114.2242387,22.2804471],[114.2241303,22.2804815],[114.2240193,22.2805224],[114.2239551,22.2805507],[114.2238279,22.2806093]],[[114.2238279,22.2806093],[114.2230472,22.2809787],[114.2229422,22.2810305],[114.2228829,22.281064],[114.2228232,22.2811012],[114.2227368,22.2811597],[114.2226481,22.281222],[114.2225693,22.2812836],[114.2225144,22.2813304],[114.2224604,22.2813789],[114.2224085,22.2814302],[114.2223626,22.2814792],[114.2223122,22.2815371],[114.2222734,22.2815849],[114.2219749,22.2819673],[114.2219475,22.2820031]],[[114.2219475,22.2820031],[114.2218646,22.2821122],[114.2218006,22.2822057],[114.2217221,22.2823214],[114.2215875,22.2824954],[114.2213036,22.2828592],[114.2212481,22.2829297]],[[114.2212481,22.2829297],[114.2211742,22.2830225],[114.2210583,22.2831726],[114.2209153,22.2833553],[114.2205935,22.2837672]],[[114.2205935,22.2837672],[114.2203484,22.2840807],[114.2201423,22.2843428],[114.2200585,22.2844398]],[[114.2200585,22.2844398],[114.2200334,22.2844661],[114.2199862,22.2845139]],[[114.2199862,22.2845139],[114.2199306,22.2845642],[114.2198493,22.2846265],[114.2197684,22.2846804],[114.2197033,22.2847174],[114.2196134,22.2847637],[114.2195565,22.2847884],[114.2195096,22.2848068],[114.2194459,22.2848282],[114.2193878,22.2848452],[114.2192779,22.2848732],[114.2191856,22.2848916],[114.2190996,22.2849047],[114.219053,22.2849109],[114.2189622,22.2849189],[114.2188238,22.2849242],[114.2186811,22.2849212],[114.2185725,22.2849126],[114.2184425,22.2848961],[114.2183138,22.2848727],[114.2182411,22.2848568],[114.2176961,22.2847221],[114.2174769,22.2846763],[114.217268,22.2846461],[114.2171483,22.2846342],[114.2170276,22.2846268],[114.216095,22.2846258]],[[114.216095,22.2846258],[114.2157531,22.284625],[114.2156751,22.2846248],[114.2155567,22.2846296],[114.2153011,22.284646],[114.2147231,22.2846832],[114.2145887,22.2846864],[114.2144491,22.2846825],[114.2138435,22.284661],[114.2136717,22.2846546],[114.2135539,22.2846502],[114.2130323,22.2846355],[114.2130105,22.2846353],[114.2129332,22.2846378],[114.2128551,22.2846443],[114.2128052,22.2846504],[114.2127563,22.2846582],[114.2127069,22.2846678],[114.2126607,22.2846783],[114.2126136,22.2846902],[114.2125623,22.2847054],[114.2125143,22.2847211],[114.212299,22.2847903],[114.2117698,22.2849608],[114.2117341,22.2849744],[114.2116994,22.2849893],[114.2116634,22.285007],[114.2116264,22.2850278],[114.2115928,22.2850499],[114.2115597,22.2850739],[114.2115262,22.2851011],[114.2114987,22.285126],[114.2114701,22.2851548],[114.2114437,22.2851845],[114.211425,22.2852079],[114.2114056,22.2852341],[114.2113881,22.2852604],[114.211054,22.285783],[114.2110288,22.2858231],[114.2105536,22.2865613],[114.2105195,22.2866175],[114.2104853,22.2866816],[114.2104612,22.2867294],[114.2104361,22.286783],[114.2104127,22.2868374],[114.2103819,22.2869248],[114.2102564,22.2873108],[114.2102409,22.2873593],[114.2101709,22.2875754],[114.2101496,22.2876403],[114.2101382,22.2876759],[114.210012,22.2880654],[114.2098882,22.2884447],[114.2098354,22.2886064],[114.2097351,22.2889119],[114.2095946,22.2893398],[114.2093039,22.2902104],[114.2092282,22.2904356],[114.2091958,22.2905275],[114.2091684,22.2905977],[114.2091332,22.2906726],[114.2090979,22.2907378],[114.2090632,22.2907964],[114.2090422,22.2908291],[114.209029,22.2908481],[114.2089784,22.2909179],[114.208929,22.2909792],[114.208897,22.291017],[114.2088552,22.2910621],[114.2088072,22.2911087],[114.2087472,22.2911613],[114.208704,22.2911956],[114.2086527,22.2912332],[114.2085958,22.2912722],[114.2085141,22.291323],[114.2084492,22.2913594],[114.2083963,22.2913858],[114.2083418,22.291411],[114.208291,22.2914319],[114.208245,22.2914498],[114.2082083,22.2914636],[114.207516,22.2917159],[114.2073085,22.2917922],[114.2071841,22.2918372],[114.2069004,22.2919405],[114.2068553,22.2919553],[114.2068044,22.2919696],[114.2067557,22.2919802],[114.2067057,22.2919878],[114.2066534,22.2919942],[114.2061827,22.2920365],[114.206037,22.292054],[114.2059052,22.2920726],[114.205833,22.2920828],[114.2057741,22.292089],[114.2056825,22.2920932],[114.2056094,22.2920946],[114.2051537,22.292086],[114.2048069,22.2920794],[114.2046517,22.2920715],[114.2046066,22.2920672],[114.2045562,22.2920593],[114.2045016,22.2920516],[114.2044495,22.2920415],[114.2043517,22.29202],[114.2041527,22.2919696],[114.2040626,22.2919505],[114.2035352,22.2918434],[114.2034015,22.2918156],[114.2031569,22.2917648],[114.203094,22.2917518]],[[114.203094,22.2917518],[114.2017629,22.2914806],[114.2016587,22.2914594],[114.200488,22.2912187],[114.2004445,22.2912098],[114.2003029,22.2911807],[114.1997335,22.2910637],[114.1997105,22.2910597],[114.1996441,22.2910523],[114.1996206,22.2910484],[114.1991023,22.2909429],[114.1990415,22.2909287],[114.1990024,22.2909186],[114.198948,22.2909036],[114.1989285,22.2908989],[114.1986739,22.2908448]],[[114.1986739,22.2908448],[114.1983411,22.2907764],[114.1982863,22.2907651],[114.1975817,22.2906203],[114.1971272,22.2905268],[114.1966248,22.290424],[114.1961013,22.2903169],[114.1957386,22.2902401],[114.1956131,22.2902133],[114.195508,22.2901872],[114.1954483,22.2901679],[114.1954178,22.2901574],[114.195357,22.2901322]],[[114.195357,22.2901322],[114.1952316,22.2900701],[114.1951839,22.290044],[114.1951353,22.290015],[114.1950952,22.2899871],[114.1950622,22.2899627],[114.1950279,22.2899351],[114.1949898,22.2899026],[114.1949363,22.2898496],[114.1946641,22.2895552],[114.1946007,22.2894849]],[[114.1946007,22.2894849],[114.1945606,22.2894403],[114.1944011,22.2892628],[114.1943809,22.2892403],[114.1943726,22.2892312],[114.1943644,22.2892221],[114.1942731,22.2891216],[114.1933971,22.2881395],[114.1933219,22.2880547],[114.1932381,22.2879602],[114.193195,22.2879081],[114.1931575,22.2878579],[114.193121,22.2878061],[114.1930845,22.2877476],[114.1930507,22.2876896],[114.1930222,22.2876347],[114.1929948,22.2875772],[114.1929723,22.2875223],[114.1929441,22.2874355],[114.1929235,22.2873554],[114.1929072,22.2872699],[114.1928983,22.2872078],[114.1928935,22.2871456],[114.1928896,22.2870244],[114.1928929,22.2869138],[114.1928938,22.2868939],[114.1929092,22.2866044],[114.1929145,22.2865007],[114.1929413,22.2859774],[114.192944,22.285871],[114.192945,22.2856969],[114.192942,22.2855879],[114.1929349,22.2854814],[114.1929245,22.2853844],[114.1929175,22.2853187],[114.1929067,22.2852409],[114.1928958,22.285163],[114.1928628,22.2850038],[114.1928034,22.2847449],[114.19275,22.2845042],[114.1927104,22.2843252],[114.1926902,22.2842256],[114.1925823,22.2836733],[114.1925562,22.2835707],[114.1925283,22.2834736],[114.1924809,22.2833356],[114.192455,22.2832675],[114.1924273,22.2832019],[114.1923017,22.2829351]],[[114.1923017,22.2829351],[114.1922846,22.2829006],[114.1922152,22.282755],[114.1921545,22.2826291],[114.1921313,22.282584],[114.1921031,22.2825351],[114.1920693,22.282482],[114.1920222,22.2824161],[114.1919777,22.2823606],[114.1919286,22.2823059],[114.1918796,22.2822561],[114.1918219,22.2822023],[114.1917744,22.2821632],[114.1917196,22.2821212],[114.1916679,22.2820859],[114.1913487,22.2818708]],[[114.1913487,22.2818708],[114.1912822,22.2818265],[114.1909191,22.2815813],[114.1897168,22.2807676],[114.1896072,22.2806934],[114.1894572,22.2805918],[114.1886453,22.2800428],[114.1882586,22.2797813],[114.1880986,22.2796819],[114.1880198,22.279633],[114.1877218,22.2794426]],[[114.1877218,22.2794426],[114.1876728,22.279414],[114.1876179,22.2793843],[114.187588,22.2793702],[114.1875558,22.2793575],[114.1875238,22.2793466],[114.1874911,22.2793374],[114.1874527,22.2793291],[114.1874148,22.2793232],[114.1873712,22.2793192],[114.1873273,22.2793174],[114.1872782,22.2793187],[114.1872388,22.2793212],[114.1872035,22.2793259],[114.1871675,22.2793335],[114.1871315,22.2793426],[114.1871147,22.2793479],[114.1870475,22.2793688],[114.1869021,22.279416]],[[114.1869021,22.279416],[114.1868995,22.279417],[114.1865618,22.2795252],[114.185874,22.2797481],[114.1858578,22.2797532],[114.1858437,22.2797577],[114.185788,22.2797755],[114.1856238,22.2798278],[114.1847969,22.2800922]],[[114.1847969,22.2800922],[114.1847686,22.2801009],[114.1847379,22.2801103],[114.1846866,22.2801232],[114.1846475,22.2801302],[114.1846018,22.2801343],[114.1845599,22.2801353],[114.1832108,22.2800812],[114.18317,22.2800776],[114.1831231,22.280068],[114.1830949,22.2800597],[114.1828718,22.2799767]],[[114.1828718,22.2799767],[114.1826704,22.2799014]],[[114.1826704,22.2799014],[114.1825727,22.2798661],[114.182518,22.2798461],[114.181432,22.2794433],[114.1813086,22.2793972],[114.1810916,22.2793174],[114.1807912,22.2792051],[114.1797812,22.2788259],[114.179669,22.2787841],[114.1796533,22.2787784],[114.1795772,22.278752],[114.179412,22.2787025],[114.1793424,22.2786817]],[[114.1793424,22.2786817],[114.1793018,22.2786704],[114.1780623,22.2783071],[114.1779503,22.278274],[114.1773838,22.2781068],[114.1772889,22.2780765],[114.1772489,22.2780616]],[[114.1772489,22.2780616],[114.1772028,22.2780423],[114.1771597,22.278021],[114.1771002,22.2779893],[114.1770254,22.2779453]],[[114.1770254,22.2779453],[114.176797,22.277811],[114.1762578,22.2774926],[114.1759892,22.2773347],[114.175934,22.2773019],[114.1755802,22.2770942],[114.1752796,22.2769163],[114.1752374,22.2768917],[114.1752168,22.2768795],[114.1751486,22.2768393],[114.1750951,22.2768102],[114.1750635,22.276794],[114.1750359,22.2767807],[114.1750137,22.2767706],[114.1749956,22.2767634],[114.1749756,22.2767564],[114.1749555,22.2767499],[114.1749258,22.2767408],[114.1748849,22.2767317]],[[114.1748849,22.2767317],[114.1748742,22.2767301],[114.1748609,22.2767277],[114.1748463,22.2767256],[114.1748314,22.2767239],[114.1748181,22.2767224],[114.1747876,22.2767189],[114.1747503,22.2767148],[114.1744174,22.2766784],[114.1740084,22.2766334],[114.1735092,22.2765796],[114.1733192,22.2765581],[114.1727983,22.2765023],[114.1722379,22.2764436],[114.1720986,22.276429],[114.1718133,22.2763998],[114.1717394,22.2763942],[114.1717019,22.2763906],[114.1716422,22.2763889],[114.1716052,22.2763898],[114.1715786,22.2763912],[114.1715518,22.2763943],[114.1714924,22.276403],[114.1714482,22.2764107],[114.1714058,22.2764216],[114.1713723,22.2764318],[114.171346,22.2764418],[114.1713092,22.2764575],[114.1712653,22.276478],[114.1712209,22.2765002],[114.1711837,22.2765204],[114.1711513,22.2765397],[114.170744,22.276792],[114.1704763,22.2769578],[114.1702744,22.2770828],[114.170194,22.2771326],[114.1701175,22.2771806],[114.1694284,22.2776078],[114.1693576,22.2776517],[114.1693452,22.2776589],[114.1693322,22.2776665],[114.1693094,22.2776781]],[[114.1693094,22.2776781],[114.1692905,22.2776871],[114.1692573,22.2777009],[114.1692277,22.2777111],[114.1692007,22.2777188],[114.1691724,22.2777259],[114.1691438,22.2777318],[114.1691119,22.2777367],[114.169043,22.277745],[114.1684408,22.2777947],[114.1677776,22.277851],[114.1676914,22.2778614],[114.1676292,22.2778701],[114.1673983,22.2779053]],[[114.1673983,22.2779053],[114.1672616,22.2779241],[114.1672163,22.2779287],[114.1662871,22.2780071],[114.166255,22.2780108],[114.1651232,22.278178],[114.1649647,22.2782046],[114.1648027,22.2782372],[114.164628,22.278281],[114.1645745,22.2782951],[114.1644978,22.2783179],[114.1644426,22.2783354],[114.1644077,22.2783465],[114.1643323,22.2783716],[114.1642486,22.2784027],[114.1641744,22.278433],[114.164087,22.2784698],[114.1640053,22.2785069],[114.1639378,22.2785389],[114.1638673,22.2785743],[114.1638017,22.2786095],[114.1637457,22.2786401],[114.1636882,22.2786732],[114.1635794,22.2787389],[114.1635009,22.278789],[114.1634392,22.2788313],[114.1633373,22.2789028],[114.1631612,22.2790329],[114.1629914,22.2791578],[114.1628236,22.2792746],[114.1627622,22.2793136],[114.1626696,22.2793678],[114.1625267,22.2794452],[114.1624231,22.2794927],[114.1623054,22.2795408],[114.162169,22.2795927],[114.1617444,22.2797424],[114.1615526,22.2798122],[114.1614708,22.2798389],[114.1613664,22.2798625],[114.1612888,22.2798753],[114.1610813,22.2799066],[114.1609161,22.27993],[114.1608826,22.279936],[114.1608494,22.2799433],[114.1608119,22.279953],[114.1607814,22.2799619],[114.1607495,22.2799729],[114.1607216,22.279984],[114.1606964,22.2799957],[114.1606694,22.280011],[114.160645,22.2800268],[114.1606196,22.280046],[114.1605978,22.2800645]],[[114.1605978,22.2800645],[114.1605725,22.2800892],[114.1605499,22.2801147],[114.1605308,22.2801382],[114.1605162,22.2801593],[114.1605022,22.280182],[114.1604881,22.2802084],[114.1604749,22.2802365],[114.1604578,22.2802781],[114.160443,22.2803132],[114.1604343,22.280331],[114.1604222,22.2803521],[114.1604118,22.2803681],[114.1603994,22.2803839],[114.1603854,22.2803996],[114.1603679,22.2804165],[114.1603504,22.2804315],[114.1603316,22.2804454],[114.1603142,22.2804565],[114.1602959,22.2804668],[114.1602766,22.2804756],[114.1602562,22.2804837],[114.1602333,22.2804911],[114.159963,22.280562],[114.1598735,22.2805851],[114.1594265,22.2807011],[114.1593986,22.2807084]],[[114.1593986,22.2807084],[114.1590788,22.2807901],[114.1588094,22.2808627],[114.1587713,22.2808746],[114.1587439,22.2808852],[114.1587184,22.280897],[114.1586952,22.28091],[114.1586706,22.2809244],[114.1586493,22.2809398],[114.1586286,22.2809569],[114.1586118,22.2809728],[114.1585923,22.2809937],[114.1585748,22.2810141],[114.1581594,22.2815314],[114.158034,22.2816864],[114.1579692,22.2817697],[114.1579333,22.2818166],[114.1579127,22.2818427],[114.1578667,22.2819003],[114.1578535,22.2819146],[114.1578378,22.2819296],[114.157767,22.2819942],[114.1577415,22.2820207],[114.1577193,22.2820457],[114.15763,22.2821577],[114.1573923,22.2824551],[114.1573748,22.2824787],[114.1573565,22.2825064],[114.1573376,22.2825371],[114.1573199,22.28257],[114.1573034,22.2825984],[114.1572889,22.2826202],[114.1572742,22.2826393],[114.1570948,22.2828648],[114.1566317,22.2834492],[114.1565292,22.2835754],[114.1565045,22.283606],[114.1564785,22.2836383],[114.1564504,22.2836728],[114.156087,22.2841126],[114.1560535,22.2841532],[114.155986,22.284235],[114.1559628,22.284263],[114.1558356,22.2844167],[114.1557877,22.2844753],[114.1557718,22.2844947],[114.1557213,22.2845555],[114.1556604,22.2846288],[114.1556384,22.2846554],[114.1553828,22.2849648],[114.155369,22.2849801],[114.1553339,22.2850136],[114.1552897,22.28505],[114.1552504,22.2850789],[114.1551874,22.2851208],[114.1548514,22.2853169],[114.1546974,22.2854063],[114.1545361,22.2855023],[114.1544529,22.2855505],[114.1540323,22.2857941],[114.1533616,22.2861857],[114.1533183,22.28621],[114.1532829,22.2862262],[114.1532386,22.2862433],[114.1532,22.2862561],[114.153124,22.2862782],[114.1531077,22.2862829],[114.1529173,22.2863302],[114.1520739,22.2865373],[114.1519809,22.28656],[114.1513254,22.2867215],[114.1511475,22.286765],[114.1510583,22.2867876]],[[114.1510583,22.2867876],[114.15083,22.286877]],[[114.15083,22.286877],[114.1507754,22.2868906]],[[114.1507754,22.2868906],[114.1506046,22.2869331],[114.150589,22.286937],[114.1505778,22.286941],[114.1505682,22.2869455],[114.150559,22.2869507],[114.1505493,22.2869577],[114.1505378,22.2869682],[114.1505291,22.286978]],[[114.1505291,22.286978],[114.1505199,22.2869918],[114.1505143,22.287004],[114.1505101,22.2870164],[114.1505077,22.287028],[114.1505069,22.2870396],[114.1505072,22.287052],[114.1505087,22.2870648],[114.1505109,22.287076],[114.1505149,22.2870906],[114.1506099,22.2874222]],[[114.1506099,22.2874222],[114.150619,22.287454],[114.1506241,22.2874725],[114.150628,22.2874838],[114.1506341,22.2874977],[114.1506428,22.2875115],[114.1506519,22.2875223],[114.1506601,22.2875296],[114.1506675,22.2875348],[114.1506839,22.2875455],[114.1507086,22.2875557],[114.1507269,22.2875609],[114.1507437,22.2875638],[114.1507594,22.2875648],[114.15078,22.2875643],[114.1507979,22.2875623],[114.1508193,22.2875586]],[[114.1508193,22.2875586],[114.1513545,22.2874242]],[[114.1513545,22.2874242],[114.1514074,22.287411],[114.1514159,22.2874082],[114.1514254,22.2874052],[114.151439,22.2873989],[114.1514526,22.28739],[114.1514593,22.2873842],[114.1514651,22.2873793],[114.1514738,22.2873705],[114.1514817,22.2873602],[114.1514888,22.2873485],[114.1514941,22.2873361],[114.1514967,22.2873275],[114.1514989,22.2873203],[114.1515011,22.2873074],[114.1515015,22.2872942],[114.1514999,22.2872793],[114.1514974,22.287267]],[[114.1514974,22.287267],[114.1513832,22.2868755],[114.1513804,22.286864],[114.1513786,22.2868513],[114.1513778,22.2868382],[114.1513789,22.286823],[114.151382,22.286806],[114.1513878,22.286789],[114.1513979,22.2867709],[114.1514128,22.2867524],[114.1514257,22.2867389],[114.1514378,22.2867288],[114.1514505,22.2867205],[114.1514635,22.286715]],[[114.1514635,22.286715],[114.1518901,22.2866093],[114.151986,22.2865857],[114.1520754,22.2865614],[114.1530885,22.2863135],[114.1531311,22.2863007],[114.1532079,22.2862775],[114.1532495,22.2862626],[114.1532886,22.2862478],[114.1533756,22.2862074],[114.1534208,22.2861817],[114.1540474,22.285815],[114.1546269,22.2854763],[114.1547111,22.2854269],[114.1552294,22.2851241],[114.1552876,22.2850837],[114.1553425,22.2850409],[114.1553851,22.2850009],[114.155423,22.2849591],[114.1556398,22.2846944],[114.1556614,22.2846687],[114.1556816,22.2846446],[114.1557425,22.2845713]],[[114.1557425,22.2845713],[114.1557931,22.2845093],[114.1558104,22.2844883],[114.1558563,22.2844328],[114.1559846,22.2842773],[114.156007,22.2842502],[114.1560748,22.284168],[114.1561091,22.2841266],[114.1564504,22.2837144],[114.156472,22.2836882],[114.1565002,22.2836534],[114.1565257,22.2836214],[114.1571163,22.2828787],[114.1573254,22.2826146],[114.1573397,22.2825948],[114.1573505,22.2825777],[114.157407,22.2824806],[114.1574227,22.2824565],[114.1574361,22.2824378],[114.1576056,22.2822258],[114.1576324,22.2821926],[114.1576496,22.2821708],[114.1577296,22.2820704],[114.1577444,22.282053],[114.157762,22.2820346],[114.1577896,22.2820089],[114.1578405,22.2819617],[114.157861,22.2819417],[114.1578808,22.28192],[114.1579336,22.2818555],[114.1580428,22.2817185],[114.1583045,22.2813903],[114.1585684,22.2810609],[114.1586025,22.2810196],[114.1586228,22.2809979],[114.1586481,22.2809747],[114.1586666,22.2809597],[114.1586876,22.2809447],[114.1587075,22.2809316],[114.1587315,22.2809184],[114.1587579,22.2809063],[114.1587786,22.2808975],[114.1587976,22.280891],[114.1588142,22.2808859],[114.1590839,22.2808127],[114.1593618,22.2807416],[114.1594049,22.2807305],[114.1599693,22.2805845],[114.1601298,22.2805417],[114.1602491,22.2805105],[114.1602755,22.2805026],[114.1602986,22.2804941],[114.1603252,22.2804811],[114.1603522,22.2804653],[114.1603749,22.2804489],[114.1603917,22.2804347],[114.16041,22.2804167],[114.1604264,22.2803968],[114.1604429,22.2803733],[114.1604551,22.2803515],[114.1604675,22.2803246],[114.1604964,22.2802554],[114.1605098,22.2802273],[114.1605243,22.2802],[114.1605372,22.2801783],[114.1605513,22.2801562],[114.160567,22.2801345]],[[114.160567,22.2801345],[114.1605833,22.2801154],[114.1606038,22.2800947],[114.1606275,22.2800741],[114.1606517,22.2800563],[114.1606788,22.280039],[114.1607088,22.2800224],[114.160739,22.2800072],[114.1607827,22.2799889],[114.1608171,22.279977],[114.1608486,22.2799678],[114.1608831,22.27996],[114.1609295,22.2799519],[114.1610851,22.2799298],[114.1612647,22.2799041],[114.1613721,22.2798859],[114.1614041,22.2798798],[114.1615176,22.2798503],[114.1615915,22.2798261],[114.1617302,22.2797752],[114.1621778,22.2796113],[114.1623174,22.2795573],[114.162432,22.2795114],[114.1624825,22.279489],[114.1625444,22.2794593],[114.1626885,22.2793824],[114.162761,22.2793404],[114.1628292,22.2792977],[114.1628917,22.2792551],[114.1630364,22.2791542],[114.1631832,22.2790467],[114.1633697,22.2789101],[114.1634563,22.2788489],[114.1635143,22.2788092],[114.163594,22.2787576],[114.1637022,22.2786932],[114.1638143,22.2786309],[114.1639104,22.2785804],[114.1640189,22.2785277],[114.1641064,22.2784884],[114.164199,22.27845],[114.1642758,22.2784192],[114.1643304,22.2783988],[114.1644107,22.2783713],[114.164452,22.2783583],[114.164518,22.2783374],[114.1646288,22.2783063],[114.1648198,22.2782583],[114.1649194,22.2782374],[114.1649905,22.2782243],[114.1651341,22.2782007],[114.1662682,22.2780327],[114.1663209,22.2780262],[114.1672325,22.2779498],[114.1672717,22.2779455]],[[114.1672717,22.2779455],[114.1673726,22.2779327],[114.1676821,22.2778865],[114.1677587,22.2778771],[114.1678273,22.2778699],[114.168197,22.2778394],[114.1690542,22.2777672],[114.1690925,22.2777627],[114.1691299,22.2777578],[114.1691881,22.277747],[114.1692332,22.2777345],[114.1692696,22.2777216],[114.1692972,22.27771]],[[114.1692972,22.27771],[114.1693272,22.2776949],[114.1693648,22.2776739],[114.1693976,22.2776536],[114.1695958,22.2775311],[114.1698789,22.2773563],[114.1700535,22.2772484],[114.1701304,22.2771992],[114.1702883,22.2771018],[114.1705995,22.2769093],[114.1707576,22.2768114],[114.1711646,22.2765595],[114.1712095,22.276533],[114.1712479,22.2765116],[114.171283,22.2764939],[114.1713106,22.2764821],[114.1713818,22.2764554],[114.1714125,22.2764464],[114.1714513,22.2764367],[114.1715011,22.2764269],[114.171554,22.2764188],[114.1715958,22.2764151],[114.1716333,22.2764131],[114.1716674,22.276413],[114.1717385,22.2764161],[114.1717796,22.2764193],[114.1719788,22.2764398],[114.1722341,22.2764662],[114.1727954,22.2765243],[114.1731412,22.276562],[114.173316,22.2765809],[114.1740049,22.2766568],[114.1743069,22.2766901],[114.1743785,22.276698],[114.1744136,22.2767013],[114.1747845,22.276743],[114.1748096,22.2767455],[114.1748427,22.2767495],[114.1748606,22.2767519],[114.1748784,22.2767549]],[[114.1748784,22.2767549],[114.1749286,22.2767671],[114.1749503,22.2767741],[114.174976,22.2767829],[114.1750041,22.2767945],[114.1750257,22.2768039],[114.1750479,22.2768145],[114.1750812,22.2768313],[114.1751411,22.2768642],[114.1751989,22.2768983],[114.1752229,22.2769125],[114.1753516,22.2769883],[114.175575,22.2771195],[114.1759158,22.2773205],[114.1762437,22.2775126],[114.176783,22.277832],[114.1769647,22.2779386]],[[114.1769647,22.2779386],[114.1770901,22.2780125],[114.1771259,22.278032],[114.1771654,22.2780516],[114.1772161,22.2780747],[114.1772981,22.2781052],[114.1773365,22.2781177]],[[114.1773365,22.2781177],[114.1778314,22.2782634],[114.1779422,22.2782967],[114.1780461,22.2783272],[114.1794057,22.278725],[114.1795721,22.2787749],[114.1796146,22.2787891],[114.1796746,22.2788096],[114.1797147,22.2788236]],[[114.1797147,22.2788236],[114.1797729,22.2788452],[114.1807835,22.2792254],[114.1810841,22.2793353],[114.1814257,22.2794647],[114.1824525,22.2798467]],[[114.1824525,22.2798467],[114.1825087,22.2798669],[114.1826561,22.2799204]],[[114.1826561,22.2799204],[114.1829275,22.2800234],[114.1830712,22.2800767],[114.1831089,22.280088],[114.18314,22.2800961],[114.1831554,22.2800991],[114.1831727,22.2801016],[114.1832136,22.2801049],[114.1845533,22.2801593],[114.184579,22.2801595],[114.1846069,22.2801582],[114.1846316,22.2801561],[114.1846635,22.2801521],[114.184696,22.280146],[114.1847267,22.2801388],[114.1847579,22.2801302],[114.1848245,22.2801095]],[[114.1848245,22.2801095],[114.1856801,22.2798357],[114.1857053,22.2798277],[114.185797,22.2797983],[114.1858528,22.2797805],[114.1858658,22.2797763],[114.18588,22.2797718],[114.1861371,22.2796898],[114.1867809,22.2794787]],[[114.1867809,22.2794787],[114.1868539,22.2794554],[114.1869184,22.2794348],[114.1869281,22.279432]],[[114.1869281,22.279432],[114.1870854,22.2793823],[114.1871247,22.2793703],[114.1871633,22.2793605],[114.1872004,22.2793532],[114.187228,22.2793484],[114.187262,22.279346],[114.1872955,22.2793437],[114.1873295,22.2793432],[114.1873644,22.2793451],[114.1874052,22.2793495],[114.1874448,22.2793558],[114.1874831,22.2793638],[114.1875119,22.2793718],[114.1875426,22.2793818],[114.1875693,22.2793919],[114.1876003,22.2794056],[114.1876354,22.2794232],[114.1876759,22.2794458],[114.1877099,22.2794668]],[[114.1877099,22.2794668],[114.1879382,22.2796138],[114.1880036,22.2796548],[114.1882775,22.2798257],[114.188632,22.2800659],[114.1892456,22.2804816],[114.1894397,22.280613],[114.1898124,22.2808649],[114.1911081,22.2817408],[114.1912655,22.2818466],[114.1913256,22.2818873]],[[114.1913256,22.2818873],[114.1916407,22.2820985],[114.1916974,22.2821366],[114.1917587,22.2821829],[114.1918167,22.2822303],[114.1918637,22.2822747],[114.1919129,22.2823236],[114.1919602,22.2823773],[114.1920025,22.2824293],[114.1920508,22.2824969],[114.1920823,22.2825467],[114.1921168,22.2826091],[114.1921469,22.2826676],[114.1922627,22.2829103],[114.1922798,22.2829446]],[[114.1922798,22.2829446],[114.1924033,22.2832082],[114.1924568,22.2833435],[114.1925041,22.2834794],[114.1925326,22.2835777],[114.1925592,22.2836807],[114.1926662,22.2842327],[114.1926877,22.2843291],[114.1927256,22.2845026],[114.1927785,22.2847423],[114.1928383,22.2850051],[114.1928725,22.2851705],[114.1928836,22.2852452],[114.1928949,22.2853213],[114.1929017,22.2853875],[114.1929112,22.2854805],[114.1929176,22.2855834],[114.1929216,22.2856914],[114.1929203,22.2858696],[114.1929132,22.2860723],[114.1928947,22.2864134],[114.19289,22.2865],[114.1928689,22.2868964],[114.1928678,22.2869107],[114.1928642,22.2870244],[114.192868,22.2871431],[114.1928725,22.2872083],[114.1928809,22.2872698],[114.1928977,22.287359],[114.1929184,22.2874402],[114.192948,22.2875326],[114.1929653,22.287578],[114.1929854,22.2876236],[114.1930166,22.2876858],[114.1930696,22.2877747],[114.193122,22.2878529],[114.1931761,22.2879276],[114.1932131,22.2879745],[114.1932436,22.2880103],[114.1933007,22.2880739],[114.1933759,22.2881583],[114.1942595,22.2891424],[114.1943452,22.2892369],[114.1943533,22.2892457],[114.1943613,22.2892546],[114.1945419,22.2894561],[114.1945812,22.2895]],[[114.1945812,22.2895],[114.194643,22.2895684],[114.1949348,22.2898833],[114.1949741,22.289921],[114.195011,22.2899523],[114.1950678,22.2899972],[114.1951238,22.2900367],[114.1951782,22.290072],[114.1952176,22.2900949],[114.1953469,22.2901557]],[[114.1953469,22.2901557],[114.19541,22.2901788],[114.1954421,22.2901906],[114.1955008,22.2902099],[114.195609,22.2902375],[114.1957327,22.2902627],[114.1962866,22.2903767],[114.1965341,22.2904318]],[[114.1965341,22.2904318],[114.1971209,22.2905516],[114.1975746,22.2906452],[114.1984996,22.2908361],[114.1986379,22.2908646],[114.1987349,22.2908846],[114.1988843,22.2909156],[114.1989217,22.2909239],[114.1989407,22.2909288],[114.1989964,22.2909443],[114.1990963,22.2909684],[114.1996184,22.2910749],[114.1996313,22.2910769],[114.1997106,22.2910861],[114.1997236,22.2910881],[114.2002952,22.2912063],[114.2004384,22.2912347],[114.2008106,22.291311],[114.2016514,22.2914833],[114.2017575,22.2915049],[114.2030089,22.2917601],[114.2030889,22.2917757]],[[114.2030889,22.2917757],[114.2033965,22.2918398],[114.2035297,22.2918675],[114.2040648,22.2919752],[114.2041496,22.291994],[114.2044144,22.2920597],[114.2045057,22.2920776],[114.2045708,22.2920879],[114.2046336,22.2920935],[114.2047115,22.2920985],[114.2048063,22.2921024],[114.2052014,22.2921101],[114.2056048,22.2921174],[114.2056782,22.2921161],[114.2057258,22.2921151],[114.2057755,22.2921116],[114.2058365,22.2921047],[114.2060372,22.2920769],[114.2061871,22.2920598],[114.2062697,22.292051],[114.2066712,22.2920171],[114.2067154,22.2920115],[114.2067598,22.2920031],[114.2068119,22.2919919],[114.2068559,22.2919802],[114.2068956,22.2919679],[114.2071926,22.2918601],[114.2073174,22.291814],[114.2075229,22.2917386],[114.2081778,22.2914997],[114.2082178,22.291485],[114.2083097,22.29145],[114.2083709,22.2914243],[114.2084218,22.2914002],[114.2084843,22.2913671],[114.2085446,22.2913323],[114.2086,22.2912977],[114.208656,22.2912606],[114.2087192,22.2912142],[114.2087688,22.2911744],[114.2088169,22.2911324],[114.2088709,22.2910799],[114.208917,22.2910313],[114.2089545,22.2909884],[114.208969,22.2909706],[114.2090095,22.2909186],[114.2090507,22.2908613],[114.2090957,22.2907928],[114.2091218,22.2907474],[114.2091539,22.2906864],[114.2091924,22.2906057],[114.2092184,22.2905392],[114.2092407,22.2904778],[114.2093278,22.2902165],[114.2096181,22.2893462],[114.2098138,22.2887505],[114.2098593,22.288612],[114.2099127,22.2884509],[114.2100352,22.2880738],[114.2101749,22.2876416],[114.2101974,22.2875705],[114.2102663,22.2873584],[114.2104037,22.2869346],[114.2104247,22.2868754],[114.2104446,22.2868233],[114.2104639,22.2867798],[114.2104874,22.2867287],[114.2105115,22.2866826],[114.2105351,22.2866405],[114.2105604,22.2865988],[114.2110328,22.2858592],[114.211049,22.2858341],[114.2111993,22.2856],[114.2114107,22.2852688],[114.2114318,22.285237],[114.2114495,22.2852135],[114.2114717,22.2851869],[114.211496,22.2851606],[114.2115187,22.2851388],[114.2115385,22.2851208],[114.2115615,22.2851013],[114.2115837,22.2850841],[114.2116091,22.2850662],[114.2116399,22.2850466],[114.2116685,22.2850305],[114.2117056,22.2850122],[114.2117352,22.2849991],[114.2117711,22.2849856],[114.2122792,22.28482],[114.212306,22.2848114],[114.2125351,22.284737],[114.2125942,22.2847187],[114.2126449,22.2847051],[114.2126975,22.2846926],[114.2127618,22.28468],[114.2128341,22.2846693],[114.2128947,22.2846627],[114.2129335,22.28466],[114.2129782,22.2846578],[114.2130245,22.2846568],[114.2130963,22.2846578],[114.2135533,22.284673],[114.2136705,22.2846772],[114.2138397,22.2846833],[114.2144451,22.2847054],[114.2145879,22.284709],[114.2147144,22.284704],[114.2153012,22.2846661],[114.2155584,22.2846501],[114.215652,22.2846453],[114.2157532,22.2846456],[114.2160725,22.2846465]],[[114.2160725,22.2846465],[114.2170211,22.2846478],[114.2171497,22.2846554],[114.2172672,22.2846668],[114.2174739,22.2846971],[114.2176959,22.2847459],[114.2182123,22.2848723],[114.2183043,22.2848932],[114.2184356,22.2849171],[114.2185035,22.2849266],[114.2185691,22.2849345],[114.2186759,22.2849438],[114.2188201,22.2849458],[114.2189038,22.2849447],[114.2189896,22.2849405],[114.219107,22.2849281],[114.2192003,22.2849127],[114.219282,22.284897],[114.2193966,22.2848689],[114.2194601,22.2848493],[114.2195184,22.2848298],[114.2195793,22.284805],[114.219627,22.2847831],[114.2197174,22.2847378],[114.219791,22.2846959],[114.2198302,22.2846701],[114.2198702,22.2846412],[114.2199437,22.2845851],[114.2200025,22.2845327]],[[114.2200025,22.2845327],[114.2200167,22.2845193],[114.2200765,22.2844551]],[[114.2200765,22.2844551],[114.2201602,22.2843588],[114.2203849,22.2840727],[114.2206136,22.2837807]],[[114.2206136,22.2837807],[114.220935,22.283369],[114.2211066,22.2831496],[114.2211954,22.2830369],[114.221268,22.2829439],[114.2213335,22.2828594]],[[114.2213335,22.2828594],[114.2216077,22.2825086],[114.2217399,22.2823366],[114.2218211,22.2822183],[114.2218895,22.282117],[114.221966,22.2820176]],[[114.221966,22.2820176],[114.2219956,22.2819791],[114.2223211,22.2815647],[114.2223548,22.2815246],[114.2224267,22.2814458],[114.2224785,22.2813939],[114.2225356,22.2813431],[114.222586,22.2813],[114.2226622,22.2812399],[114.2227498,22.2811767],[114.2228335,22.2811202],[114.2228985,22.2810816],[114.2229566,22.2810497],[114.2230576,22.2809977],[114.2239044,22.2806003],[114.2239656,22.2805714],[114.2240356,22.2805409],[114.2241373,22.2805038]],[[114.2241373,22.2805038],[114.2242449,22.2804695],[114.2242979,22.2804548],[114.2244223,22.2804269],[114.2245903,22.2803934],[114.2251263,22.280292],[114.2251729,22.2802817],[114.2252028,22.280273],[114.2252625,22.2802526],[114.2253026,22.2802359],[114.2253454,22.2802144],[114.2253881,22.2801887],[114.2254292,22.280161]],[[114.2254292,22.280161],[114.2254682,22.2801238],[114.2255343,22.2800555],[114.2255515,22.2800299],[114.2255913,22.2799636]],[[114.2255913,22.2799636],[114.2257422,22.279718],[114.2257959,22.2796295],[114.2263375,22.2787375],[114.2265587,22.278376],[114.2266078,22.2782968],[114.2269659,22.277708],[114.2269821,22.2776831],[114.2269954,22.277665],[114.2270175,22.2776381],[114.2270507,22.2776049],[114.2270762,22.2775827],[114.2271066,22.2775618],[114.2271419,22.2775406],[114.2271784,22.2775208],[114.2278715,22.2771518],[114.2279405,22.2771177]],[[114.2279405,22.2771177],[114.2280898,22.2770465],[114.2282084,22.2769916],[114.2282904,22.2769532],[114.2283596,22.2769236],[114.2284101,22.2769042],[114.2284362,22.2768947],[114.2284602,22.2768876],[114.2285039,22.2768769],[114.2286515,22.2768452],[114.2288155,22.2768156],[114.2288468,22.27681],[114.2290467,22.2767717],[114.2290554,22.27677],[114.2291201,22.276758],[114.2292689,22.2767287],[114.2293387,22.2767179],[114.2293731,22.276714],[114.2293896,22.2767126],[114.2294062,22.2767121],[114.2294225,22.2767127],[114.2294387,22.2767137],[114.2294552,22.2767156],[114.2294724,22.2767185],[114.2295021,22.2767248],[114.2295288,22.2767322],[114.2295499,22.2767395],[114.2295713,22.2767485],[114.2295906,22.2767591],[114.2296082,22.2767702],[114.2296258,22.2767823],[114.2296449,22.2767985],[114.2296712,22.2768247],[114.2296866,22.276843],[114.2296964,22.2768568],[114.2297101,22.2768786],[114.2297275,22.2769075],[114.2298017,22.2770394],[114.2298335,22.2770963],[114.2298497,22.2771246],[114.2300825,22.2775395],[114.2300893,22.2775541],[114.2300951,22.2775708],[114.2300997,22.2775888],[114.2301014,22.2776017],[114.2301013,22.2776157],[114.2301007,22.2776235],[114.2300996,22.2776397],[114.2300967,22.2776582],[114.230093,22.2776748],[114.2300875,22.2776936],[114.2300828,22.2777064],[114.2300754,22.2777227],[114.2300635,22.2777435],[114.2300591,22.2777521],[114.2300556,22.2777626],[114.2300534,22.2777757],[114.2300531,22.277788],[114.230054,22.2778],[114.2300569,22.2778134],[114.2300618,22.2778264],[114.2300691,22.2778397],[114.2300785,22.2778521],[114.2300906,22.2778639],[114.2300992,22.2778706],[114.2301079,22.277876],[114.2301223,22.2778826],[114.2301392,22.2778872],[114.2301528,22.2778899],[114.2301671,22.2778906]]]}},{"type":"Feature","properties":{"kind":"route","serviceName":"North Point to Whitty Street","name":"Hong Kong Tramways — North Point to Whitty Street","color":"#3E9D57","osmRelationIds":[4088457,4088481],"osmWayCount":52},"geometry":{"type":"MultiLineString","coordinates":[[[114.1987723,22.2910685],[114.1987822,22.2910277],[114.1987847,22.2910068],[114.1987838,22.2909909],[114.1987811,22.2909625],[114.1987777,22.2909427],[114.1987704,22.2909275],[114.198757,22.2909057],[114.1987349,22.2908846],[114.198709,22.290865],[114.1986739,22.2908448]],[[114.1986739,22.2908448],[114.1983411,22.2907764],[114.1982863,22.2907651],[114.1975817,22.2906203],[114.1971272,22.2905268],[114.1966248,22.290424],[114.1961013,22.2903169],[114.1957386,22.2902401],[114.1956131,22.2902133],[114.195508,22.2901872],[114.1954483,22.2901679],[114.1954178,22.2901574],[114.195357,22.2901322]],[[114.195357,22.2901322],[114.1952316,22.2900701],[114.1951839,22.290044],[114.1951353,22.290015],[114.1950952,22.2899871],[114.1950622,22.2899627],[114.1950279,22.2899351],[114.1949898,22.2899026],[114.1949363,22.2898496],[114.1946641,22.2895552],[114.1946007,22.2894849]],[[114.1946007,22.2894849],[114.1945606,22.2894403],[114.1944011,22.2892628],[114.1943809,22.2892403],[114.1943726,22.2892312],[114.1943644,22.2892221],[114.1942731,22.2891216],[114.1933971,22.2881395],[114.1933219,22.2880547],[114.1932381,22.2879602],[114.193195,22.2879081],[114.1931575,22.2878579],[114.193121,22.2878061],[114.1930845,22.2877476],[114.1930507,22.2876896],[114.1930222,22.2876347],[114.1929948,22.2875772],[114.1929723,22.2875223],[114.1929441,22.2874355],[114.1929235,22.2873554],[114.1929072,22.2872699],[114.1928983,22.2872078],[114.1928935,22.2871456],[114.1928896,22.2870244],[114.1928929,22.2869138],[114.1928938,22.2868939],[114.1929092,22.2866044],[114.1929145,22.2865007],[114.1929413,22.2859774],[114.192944,22.285871],[114.192945,22.2856969],[114.192942,22.2855879],[114.1929349,22.2854814],[114.1929245,22.2853844],[114.1929175,22.2853187],[114.1929067,22.2852409],[114.1928958,22.285163],[114.1928628,22.2850038],[114.1928034,22.2847449],[114.19275,22.2845042],[114.1927104,22.2843252],[114.1926902,22.2842256],[114.1925823,22.2836733],[114.1925562,22.2835707],[114.1925283,22.2834736],[114.1924809,22.2833356],[114.192455,22.2832675],[114.1924273,22.2832019],[114.1923017,22.2829351]],[[114.1923017,22.2829351],[114.1922846,22.2829006],[114.1922152,22.282755],[114.1921545,22.2826291],[114.1921313,22.282584],[114.1921031,22.2825351],[114.1920693,22.282482],[114.1920222,22.2824161],[114.1919777,22.2823606],[114.1919286,22.2823059],[114.1918796,22.2822561],[114.1918219,22.2822023],[114.1917744,22.2821632],[114.1917196,22.2821212],[114.1916679,22.2820859],[114.1913487,22.2818708]],[[114.1913487,22.2818708],[114.1912822,22.2818265],[114.1909191,22.2815813],[114.1897168,22.2807676],[114.1896072,22.2806934],[114.1894572,22.2805918],[114.1886453,22.2800428],[114.1882586,22.2797813],[114.1880986,22.2796819],[114.1880198,22.279633],[114.1877218,22.2794426]],[[114.1877218,22.2794426],[114.1876728,22.279414],[114.1876179,22.2793843],[114.187588,22.2793702],[114.1875558,22.2793575],[114.1875238,22.2793466],[114.1874911,22.2793374],[114.1874527,22.2793291],[114.1874148,22.2793232],[114.1873712,22.2793192],[114.1873273,22.2793174],[114.1872782,22.2793187],[114.1872388,22.2793212],[114.1872035,22.2793259],[114.1871675,22.2793335],[114.1871315,22.2793426],[114.1871147,22.2793479],[114.1870475,22.2793688],[114.1869021,22.279416]],[[114.1869021,22.279416],[114.1868995,22.279417],[114.1865618,22.2795252],[114.185874,22.2797481],[114.1858578,22.2797532],[114.1858437,22.2797577],[114.185788,22.2797755],[114.1856238,22.2798278],[114.1847969,22.2800922]],[[114.1847969,22.2800922],[114.1847686,22.2801009],[114.1847379,22.2801103],[114.1846866,22.2801232],[114.1846475,22.2801302],[114.1846018,22.2801343],[114.1845599,22.2801353],[114.1832108,22.2800812],[114.18317,22.2800776],[114.1831231,22.280068],[114.1830949,22.2800597],[114.1828718,22.2799767]],[[114.1828718,22.2799767],[114.1826704,22.2799014]],[[114.1826704,22.2799014],[114.1825727,22.2798661],[114.182518,22.2798461],[114.181432,22.2794433],[114.1813086,22.2793972],[114.1810916,22.2793174],[114.1807912,22.2792051],[114.1797812,22.2788259],[114.179669,22.2787841],[114.1796533,22.2787784],[114.1795772,22.278752],[114.179412,22.2787025],[114.1793424,22.2786817]],[[114.1793424,22.2786817],[114.1793018,22.2786704],[114.1780623,22.2783071],[114.1779503,22.278274],[114.1773838,22.2781068],[114.1772889,22.2780765],[114.1772489,22.2780616]],[[114.1772489,22.2780616],[114.1772028,22.2780423],[114.1771597,22.278021],[114.1771002,22.2779893],[114.1770254,22.2779453]],[[114.1770254,22.2779453],[114.176797,22.277811],[114.1762578,22.2774926],[114.1759892,22.2773347],[114.175934,22.2773019],[114.1755802,22.2770942],[114.1752796,22.2769163],[114.1752374,22.2768917],[114.1752168,22.2768795],[114.1751486,22.2768393],[114.1750951,22.2768102],[114.1750635,22.276794],[114.1750359,22.2767807],[114.1750137,22.2767706],[114.1749956,22.2767634],[114.1749756,22.2767564],[114.1749555,22.2767499],[114.1749258,22.2767408],[114.1748849,22.2767317]],[[114.1748849,22.2767317],[114.1748742,22.2767301],[114.1748609,22.2767277],[114.1748463,22.2767256],[114.1748314,22.2767239],[114.1748181,22.2767224],[114.1747876,22.2767189],[114.1747503,22.2767148],[114.1744174,22.2766784],[114.1740084,22.2766334],[114.1735092,22.2765796],[114.1733192,22.2765581],[114.1727983,22.2765023],[114.1722379,22.2764436],[114.1720986,22.276429],[114.1718133,22.2763998],[114.1717394,22.2763942],[114.1717019,22.2763906],[114.1716422,22.2763889],[114.1716052,22.2763898],[114.1715786,22.2763912],[114.1715518,22.2763943],[114.1714924,22.276403],[114.1714482,22.2764107],[114.1714058,22.2764216],[114.1713723,22.2764318],[114.171346,22.2764418],[114.1713092,22.2764575],[114.1712653,22.276478],[114.1712209,22.2765002],[114.1711837,22.2765204],[114.1711513,22.2765397],[114.170744,22.276792],[114.1704763,22.2769578],[114.1702744,22.2770828],[114.170194,22.2771326],[114.1701175,22.2771806],[114.1694284,22.2776078],[114.1693576,22.2776517],[114.1693452,22.2776589],[114.1693322,22.2776665],[114.1693094,22.2776781]],[[114.1693094,22.2776781],[114.1692905,22.2776871],[114.1692573,22.2777009],[114.1692277,22.2777111],[114.1692007,22.2777188],[114.1691724,22.2777259],[114.1691438,22.2777318],[114.1691119,22.2777367],[114.169043,22.277745],[114.1684408,22.2777947],[114.1677776,22.277851],[114.1676914,22.2778614],[114.1676292,22.2778701],[114.1673983,22.2779053]],[[114.1673983,22.2779053],[114.1672616,22.2779241],[114.1672163,22.2779287],[114.1662871,22.2780071],[114.166255,22.2780108],[114.1651232,22.278178],[114.1649647,22.2782046],[114.1648027,22.2782372],[114.164628,22.278281],[114.1645745,22.2782951],[114.1644978,22.2783179],[114.1644426,22.2783354],[114.1644077,22.2783465],[114.1643323,22.2783716],[114.1642486,22.2784027],[114.1641744,22.278433],[114.164087,22.2784698],[114.1640053,22.2785069],[114.1639378,22.2785389],[114.1638673,22.2785743],[114.1638017,22.2786095],[114.1637457,22.2786401],[114.1636882,22.2786732],[114.1635794,22.2787389],[114.1635009,22.278789],[114.1634392,22.2788313],[114.1633373,22.2789028],[114.1631612,22.2790329],[114.1629914,22.2791578],[114.1628236,22.2792746],[114.1627622,22.2793136],[114.1626696,22.2793678],[114.1625267,22.2794452],[114.1624231,22.2794927],[114.1623054,22.2795408],[114.162169,22.2795927],[114.1617444,22.2797424],[114.1615526,22.2798122],[114.1614708,22.2798389],[114.1613664,22.2798625],[114.1612888,22.2798753],[114.1610813,22.2799066],[114.1609161,22.27993],[114.1608826,22.279936],[114.1608494,22.2799433],[114.1608119,22.279953],[114.1607814,22.2799619],[114.1607495,22.2799729],[114.1607216,22.279984],[114.1606964,22.2799957],[114.1606694,22.280011],[114.160645,22.2800268],[114.1606196,22.280046],[114.1605978,22.2800645]],[[114.1605978,22.2800645],[114.1605725,22.2800892],[114.1605499,22.2801147],[114.1605308,22.2801382],[114.1605162,22.2801593],[114.1605022,22.280182],[114.1604881,22.2802084],[114.1604749,22.2802365],[114.1604578,22.2802781],[114.160443,22.2803132],[114.1604343,22.280331],[114.1604222,22.2803521],[114.1604118,22.2803681],[114.1603994,22.2803839],[114.1603854,22.2803996],[114.1603679,22.2804165],[114.1603504,22.2804315],[114.1603316,22.2804454],[114.1603142,22.2804565],[114.1602959,22.2804668],[114.1602766,22.2804756],[114.1602562,22.2804837],[114.1602333,22.2804911],[114.159963,22.280562],[114.1598735,22.2805851],[114.1594265,22.2807011],[114.1593986,22.2807084]],[[114.1593986,22.2807084],[114.1590788,22.2807901],[114.1588094,22.2808627],[114.1587713,22.2808746],[114.1587439,22.2808852],[114.1587184,22.280897],[114.1586952,22.28091],[114.1586706,22.2809244],[114.1586493,22.2809398],[114.1586286,22.2809569],[114.1586118,22.2809728],[114.1585923,22.2809937],[114.1585748,22.2810141],[114.1581594,22.2815314],[114.158034,22.2816864],[114.1579692,22.2817697],[114.1579333,22.2818166],[114.1579127,22.2818427],[114.1578667,22.2819003],[114.1578535,22.2819146],[114.1578378,22.2819296],[114.157767,22.2819942],[114.1577415,22.2820207],[114.1577193,22.2820457],[114.15763,22.2821577],[114.1573923,22.2824551],[114.1573748,22.2824787],[114.1573565,22.2825064],[114.1573376,22.2825371],[114.1573199,22.28257],[114.1573034,22.2825984],[114.1572889,22.2826202],[114.1572742,22.2826393],[114.1570948,22.2828648],[114.1566317,22.2834492],[114.1565292,22.2835754],[114.1565045,22.283606],[114.1564785,22.2836383],[114.1564504,22.2836728],[114.156087,22.2841126],[114.1560535,22.2841532],[114.155986,22.284235],[114.1559628,22.284263],[114.1558356,22.2844167],[114.1557877,22.2844753],[114.1557718,22.2844947],[114.1557213,22.2845555],[114.1556604,22.2846288],[114.1556384,22.2846554],[114.1553828,22.2849648],[114.155369,22.2849801],[114.1553339,22.2850136],[114.1552897,22.28505],[114.1552504,22.2850789],[114.1551874,22.2851208],[114.1548514,22.2853169],[114.1546974,22.2854063],[114.1545361,22.2855023],[114.1544529,22.2855505],[114.1540323,22.2857941],[114.1533616,22.2861857],[114.1533183,22.28621],[114.1532829,22.2862262],[114.1532386,22.2862433],[114.1532,22.2862561],[114.153124,22.2862782],[114.1531077,22.2862829],[114.1529173,22.2863302],[114.1520739,22.2865373],[114.1519809,22.28656],[114.1513254,22.2867215],[114.1511475,22.286765],[114.1510583,22.2867876]],[[114.1510583,22.2867876],[114.1507667,22.2868599],[114.1505958,22.2869022],[114.1505529,22.2869129],[114.1505381,22.2869173],[114.150525,22.2869226],[114.1505145,22.2869288],[114.1505044,22.286936],[114.1504958,22.2869438],[114.1504881,22.2869519]],[[114.1504881,22.2869519],[114.1504819,22.2869598],[114.1504771,22.2869673],[114.1504712,22.2869788],[114.1504666,22.286991],[114.1504638,22.2870023],[114.1504621,22.2870154],[114.1504619,22.2870274],[114.150463,22.2870393],[114.1504646,22.2870509],[114.1504677,22.2870642],[114.1504777,22.2871007],[114.1505746,22.2874304]],[[114.1505746,22.2874304],[114.150582,22.2874616],[114.1505855,22.2874812],[114.1505866,22.2874939],[114.1505863,22.287505],[114.1505848,22.2875163],[114.1505814,22.2875295],[114.1505769,22.2875415],[114.1505708,22.2875527],[114.1505652,22.2875615],[114.1505554,22.2875731],[114.1505477,22.287581],[114.1505368,22.2875892],[114.1505242,22.2875971],[114.1505134,22.2876025],[114.1505014,22.2876069],[114.1504873,22.2876109]],[[114.1504873,22.2876109],[114.1500873,22.2877112],[114.150033,22.2877248],[114.1487641,22.2880427],[114.1484009,22.2881322],[114.1482605,22.2881721],[114.1482245,22.2881804],[114.1481882,22.2881867],[114.1481472,22.2881896],[114.1481042,22.2881871],[114.1480755,22.2881822],[114.1480496,22.288174]],[[114.1480496,22.288174],[114.1480314,22.2881662],[114.1480133,22.2881557],[114.1479901,22.2881408],[114.1479249,22.2880926],[114.147521,22.287794],[114.1473987,22.2877036],[114.147371,22.2876849],[114.1473439,22.2876692],[114.1473214,22.2876593],[114.1472987,22.2876518],[114.1472838,22.287648],[114.1472686,22.2876455],[114.1472336,22.2876417],[114.1472076,22.2876414],[114.1471711,22.2876425],[114.1471265,22.2876457],[114.1461433,22.2877334],[114.1459143,22.2877546],[114.1458339,22.2877614],[114.1452695,22.2878106],[114.145195,22.2878162],[114.1448523,22.2878275],[114.1447601,22.2878305],[114.1440366,22.2878534],[114.143862,22.2878589],[114.1437722,22.2878618],[114.1436824,22.2878646],[114.1435072,22.2878701],[114.1430009,22.2878862],[114.1429566,22.2878877],[114.1424427,22.2879039],[114.1423336,22.2879073],[114.1422487,22.28791],[114.1418735,22.2879219],[114.1412483,22.2879417],[114.1410815,22.287947],[114.1409068,22.2879525],[114.1408189,22.2879522],[114.1407756,22.2879483],[114.1407326,22.2879426],[114.1406658,22.2879303],[114.1406,22.2879138],[114.1404476,22.2878674],[114.1400627,22.2877621],[114.1396602,22.287652],[114.1395278,22.2876158],[114.1394646,22.2875985],[114.1394237,22.2875872],[114.1393378,22.2875645],[114.1390632,22.2874915],[114.1389599,22.2874635],[114.1389353,22.2874568],[114.1388227,22.2874262],[114.1387195,22.2873979],[114.1387054,22.2873941],[114.1384945,22.2873369],[114.137606,22.2870966],[114.1375633,22.2870871],[114.1375312,22.2870783],[114.1374335,22.2870539],[114.1370105,22.2869349],[114.1368029,22.2868794],[114.1365907,22.2868232],[114.1365644,22.286816],[114.1365488,22.2868108],[114.1365261,22.2868032],[114.1362041,22.2867172],[114.1361219,22.2866986],[114.1360808,22.2866906],[114.1360501,22.2866864],[114.1360202,22.286686],[114.1359791,22.28669],[114.135943,22.2866957],[114.1359165,22.2867009],[114.1356705,22.286758],[114.135649,22.2867628],[114.1354333,22.2868121],[114.1353867,22.2868223],[114.1349609,22.2869197],[114.1348491,22.2869451]],[[114.1348491,22.2869451],[114.1348333,22.286951],[114.1348216,22.2869564],[114.134806,22.2869657],[114.1347901,22.2869781],[114.1347768,22.2869911],[114.1347662,22.2870045],[114.1347581,22.2870173],[114.1347514,22.2870303],[114.1347458,22.2870474],[114.1347419,22.2870666],[114.1347409,22.2870818],[114.1347409,22.2870947],[114.1347433,22.2871101],[114.134747,22.2871244],[114.1347545,22.2871424],[114.134763,22.2871574],[114.1347733,22.2871715],[114.1347849,22.2871846],[114.1347969,22.2871958],[114.1348119,22.2872056],[114.1348326,22.2872155],[114.1348547,22.287223],[114.1348772,22.2872279],[114.1348962,22.2872294],[114.1349164,22.287228],[114.1349374,22.2872233],[114.1349536,22.2872179],[114.1349715,22.2872103],[114.1349847,22.2872033],[114.1349996,22.2871926],[114.1350166,22.2871757],[114.1350299,22.2871584],[114.1350409,22.287138],[114.1350468,22.2871203]],[[114.1350468,22.2871203],[114.1350584,22.2870665],[114.1350625,22.2870469],[114.1350663,22.2870287],[114.1350712,22.2870131],[114.1350774,22.286999],[114.1350871,22.2869818],[114.1350968,22.2869686],[114.1351097,22.2869535],[114.1351237,22.286941],[114.1351417,22.286928],[114.1351639,22.2869162],[114.1352773,22.2868728]],[[114.1352773,22.2868728],[114.1353412,22.2868582],[114.1354393,22.2868358],[114.1356548,22.286785],[114.1359132,22.2867244],[114.1359482,22.2867176],[114.135985,22.2867126],[114.1360259,22.2867092],[114.1360613,22.2867106],[114.1360991,22.2867159],[114.1364386,22.2867962],[114.1365203,22.2868212],[114.1365417,22.2868277],[114.1365591,22.2868335],[114.1365828,22.2868398],[114.1367919,22.2868982],[114.1370046,22.2869576],[114.1374245,22.2870772],[114.137522,22.2871028],[114.1375968,22.2871224],[114.1379556,22.2872206],[114.1384856,22.2873635],[114.1386509,22.2874114],[114.1386958,22.2874236],[114.1387088,22.2874272],[114.1388141,22.287455],[114.1389253,22.287484],[114.1389534,22.2874913],[114.1390517,22.2875169],[114.1393324,22.28759],[114.1394153,22.2876104],[114.1394545,22.2876225],[114.1395212,22.2876413],[114.1396504,22.2876752],[114.1400572,22.2877858],[114.1403365,22.2878618],[114.1404374,22.2878891],[114.1405923,22.2879384],[114.1406624,22.2879556],[114.1407336,22.2879683],[114.1407783,22.2879739],[114.1408233,22.2879779],[114.1409077,22.2879781],[114.1412492,22.2879673],[114.1418745,22.2879476],[114.1422496,22.2879357],[114.1423345,22.287933],[114.1424437,22.2879295],[114.1430018,22.2879118],[114.1431563,22.2879069],[114.1435081,22.2878958],[114.1436834,22.2878902],[114.1437731,22.2878874],[114.1438629,22.2878846],[114.1447611,22.2878562],[114.1448533,22.2878532],[114.1451124,22.2878442],[114.1452594,22.2878354],[114.1458358,22.2877843],[114.1459167,22.2877779],[114.1468969,22.2876897],[114.1471279,22.28767],[114.1471739,22.2876672],[114.1472052,22.2876663],[114.1472354,22.2876664],[114.1472648,22.2876717],[114.1472882,22.287677],[114.1473142,22.2876847],[114.1473332,22.2876923],[114.1473504,22.2877016],[114.147367,22.2877127],[114.1475017,22.2878124],[114.1479094,22.2881144],[114.1479736,22.2881604],[114.1480106,22.2881842],[114.1480327,22.288195]],[[114.1480327,22.288195],[114.1480502,22.2882018],[114.1480677,22.2882066],[114.148092,22.288211],[114.1481193,22.2882143],[114.1481461,22.2882156],[114.1481694,22.2882146],[114.1481974,22.2882112],[114.1482257,22.2882056],[114.1498675,22.2877949],[114.1500937,22.2877383],[114.15063,22.2876064],[114.1508193,22.2875586]],[[114.1508193,22.2875586],[114.1513545,22.2874242]],[[114.1513545,22.2874242],[114.1514074,22.287411],[114.1514159,22.2874082],[114.1514254,22.2874052],[114.151439,22.2873989],[114.1514526,22.28739],[114.1514593,22.2873842],[114.1514651,22.2873793],[114.1514738,22.2873705],[114.1514817,22.2873602],[114.1514888,22.2873485],[114.1514941,22.2873361],[114.1514967,22.2873275],[114.1514989,22.2873203],[114.1515011,22.2873074],[114.1515015,22.2872942],[114.1514999,22.2872793],[114.1514974,22.287267]],[[114.1514974,22.287267],[114.1513832,22.2868755],[114.1513804,22.286864],[114.1513786,22.2868513],[114.1513778,22.2868382],[114.1513789,22.286823],[114.151382,22.286806],[114.1513878,22.286789],[114.1513979,22.2867709],[114.1514128,22.2867524],[114.1514257,22.2867389],[114.1514378,22.2867288],[114.1514505,22.2867205],[114.1514635,22.286715]],[[114.1514635,22.286715],[114.1518901,22.2866093],[114.151986,22.2865857],[114.1520754,22.2865614],[114.1530885,22.2863135],[114.1531311,22.2863007],[114.1532079,22.2862775],[114.1532495,22.2862626],[114.1532886,22.2862478],[114.1533756,22.2862074],[114.1534208,22.2861817],[114.1540474,22.285815],[114.1546269,22.2854763],[114.1547111,22.2854269],[114.1552294,22.2851241],[114.1552876,22.2850837],[114.1553425,22.2850409],[114.1553851,22.2850009],[114.155423,22.2849591],[114.1556398,22.2846944],[114.1556614,22.2846687],[114.1556816,22.2846446],[114.1557425,22.2845713]],[[114.1557425,22.2845713],[114.1557931,22.2845093],[114.1558104,22.2844883],[114.1558563,22.2844328],[114.1559846,22.2842773],[114.156007,22.2842502],[114.1560748,22.284168],[114.1561091,22.2841266],[114.1564504,22.2837144],[114.156472,22.2836882],[114.1565002,22.2836534],[114.1565257,22.2836214],[114.1571163,22.2828787],[114.1573254,22.2826146],[114.1573397,22.2825948],[114.1573505,22.2825777],[114.157407,22.2824806],[114.1574227,22.2824565],[114.1574361,22.2824378],[114.1576056,22.2822258],[114.1576324,22.2821926],[114.1576496,22.2821708],[114.1577296,22.2820704],[114.1577444,22.282053],[114.157762,22.2820346],[114.1577896,22.2820089],[114.1578405,22.2819617],[114.157861,22.2819417],[114.1578808,22.28192],[114.1579336,22.2818555],[114.1580428,22.2817185],[114.1583045,22.2813903],[114.1585684,22.2810609],[114.1586025,22.2810196],[114.1586228,22.2809979],[114.1586481,22.2809747],[114.1586666,22.2809597],[114.1586876,22.2809447],[114.1587075,22.2809316],[114.1587315,22.2809184],[114.1587579,22.2809063],[114.1587786,22.2808975],[114.1587976,22.280891],[114.1588142,22.2808859],[114.1590839,22.2808127],[114.1593618,22.2807416],[114.1594049,22.2807305],[114.1599693,22.2805845],[114.1601298,22.2805417],[114.1602491,22.2805105],[114.1602755,22.2805026],[114.1602986,22.2804941],[114.1603252,22.2804811],[114.1603522,22.2804653],[114.1603749,22.2804489],[114.1603917,22.2804347],[114.16041,22.2804167],[114.1604264,22.2803968],[114.1604429,22.2803733],[114.1604551,22.2803515],[114.1604675,22.2803246],[114.1604964,22.2802554],[114.1605098,22.2802273],[114.1605243,22.2802],[114.1605372,22.2801783],[114.1605513,22.2801562],[114.160567,22.2801345]],[[114.160567,22.2801345],[114.1605833,22.2801154],[114.1606038,22.2800947],[114.1606275,22.2800741],[114.1606517,22.2800563],[114.1606788,22.280039],[114.1607088,22.2800224],[114.160739,22.2800072],[114.1607827,22.2799889],[114.1608171,22.279977],[114.1608486,22.2799678],[114.1608831,22.27996],[114.1609295,22.2799519],[114.1610851,22.2799298],[114.1612647,22.2799041],[114.1613721,22.2798859],[114.1614041,22.2798798],[114.1615176,22.2798503],[114.1615915,22.2798261],[114.1617302,22.2797752],[114.1621778,22.2796113],[114.1623174,22.2795573],[114.162432,22.2795114],[114.1624825,22.279489],[114.1625444,22.2794593],[114.1626885,22.2793824],[114.162761,22.2793404],[114.1628292,22.2792977],[114.1628917,22.2792551],[114.1630364,22.2791542],[114.1631832,22.2790467],[114.1633697,22.2789101],[114.1634563,22.2788489],[114.1635143,22.2788092],[114.163594,22.2787576],[114.1637022,22.2786932],[114.1638143,22.2786309],[114.1639104,22.2785804],[114.1640189,22.2785277],[114.1641064,22.2784884],[114.164199,22.27845],[114.1642758,22.2784192],[114.1643304,22.2783988],[114.1644107,22.2783713],[114.164452,22.2783583],[114.164518,22.2783374],[114.1646288,22.2783063],[114.1648198,22.2782583],[114.1649194,22.2782374],[114.1649905,22.2782243],[114.1651341,22.2782007],[114.1662682,22.2780327],[114.1663209,22.2780262],[114.1672325,22.2779498],[114.1672717,22.2779455]],[[114.1672717,22.2779455],[114.1673726,22.2779327],[114.1676821,22.2778865],[114.1677587,22.2778771],[114.1678273,22.2778699],[114.168197,22.2778394],[114.1690542,22.2777672],[114.1690925,22.2777627],[114.1691299,22.2777578],[114.1691881,22.277747],[114.1692332,22.2777345],[114.1692696,22.2777216],[114.1692972,22.27771]],[[114.1692972,22.27771],[114.1693272,22.2776949],[114.1693648,22.2776739],[114.1693976,22.2776536],[114.1695958,22.2775311],[114.1698789,22.2773563],[114.1700535,22.2772484],[114.1701304,22.2771992],[114.1702883,22.2771018],[114.1705995,22.2769093],[114.1707576,22.2768114],[114.1711646,22.2765595],[114.1712095,22.276533],[114.1712479,22.2765116],[114.171283,22.2764939],[114.1713106,22.2764821],[114.1713818,22.2764554],[114.1714125,22.2764464],[114.1714513,22.2764367],[114.1715011,22.2764269],[114.171554,22.2764188],[114.1715958,22.2764151],[114.1716333,22.2764131],[114.1716674,22.276413],[114.1717385,22.2764161],[114.1717796,22.2764193],[114.1719788,22.2764398],[114.1722341,22.2764662],[114.1727954,22.2765243],[114.1731412,22.276562],[114.173316,22.2765809],[114.1740049,22.2766568],[114.1743069,22.2766901],[114.1743785,22.276698],[114.1744136,22.2767013],[114.1747845,22.276743],[114.1748096,22.2767455],[114.1748427,22.2767495],[114.1748606,22.2767519],[114.1748784,22.2767549]],[[114.1748784,22.2767549],[114.1749286,22.2767671],[114.1749503,22.2767741],[114.174976,22.2767829],[114.1750041,22.2767945],[114.1750257,22.2768039],[114.1750479,22.2768145],[114.1750812,22.2768313],[114.1751411,22.2768642],[114.1751989,22.2768983],[114.1752229,22.2769125],[114.1753516,22.2769883],[114.175575,22.2771195],[114.1759158,22.2773205],[114.1762437,22.2775126],[114.176783,22.277832],[114.1769647,22.2779386]],[[114.1769647,22.2779386],[114.1770901,22.2780125],[114.1771259,22.278032],[114.1771654,22.2780516],[114.1772161,22.2780747],[114.1772981,22.2781052],[114.1773365,22.2781177]],[[114.1773365,22.2781177],[114.1778314,22.2782634],[114.1779422,22.2782967],[114.1780461,22.2783272],[114.1794057,22.278725],[114.1795721,22.2787749],[114.1796146,22.2787891],[114.1796746,22.2788096],[114.1797147,22.2788236]],[[114.1797147,22.2788236],[114.1797729,22.2788452],[114.1807835,22.2792254],[114.1810841,22.2793353],[114.1814257,22.2794647],[114.1824525,22.2798467]],[[114.1824525,22.2798467],[114.1825087,22.2798669],[114.1826561,22.2799204]],[[114.1826561,22.2799204],[114.1829275,22.2800234],[114.1830712,22.2800767],[114.1831089,22.280088],[114.18314,22.2800961],[114.1831554,22.2800991],[114.1831727,22.2801016],[114.1832136,22.2801049],[114.1845533,22.2801593],[114.184579,22.2801595],[114.1846069,22.2801582],[114.1846316,22.2801561],[114.1846635,22.2801521],[114.184696,22.280146],[114.1847267,22.2801388],[114.1847579,22.2801302],[114.1848245,22.2801095]],[[114.1848245,22.2801095],[114.1856801,22.2798357],[114.1857053,22.2798277],[114.185797,22.2797983],[114.1858528,22.2797805],[114.1858658,22.2797763],[114.18588,22.2797718],[114.1861371,22.2796898],[114.1867809,22.2794787]],[[114.1867809,22.2794787],[114.1868539,22.2794554],[114.1869184,22.2794348],[114.1869281,22.279432]],[[114.1869281,22.279432],[114.1870854,22.2793823],[114.1871247,22.2793703],[114.1871633,22.2793605],[114.1872004,22.2793532],[114.187228,22.2793484],[114.187262,22.279346],[114.1872955,22.2793437],[114.1873295,22.2793432],[114.1873644,22.2793451],[114.1874052,22.2793495],[114.1874448,22.2793558],[114.1874831,22.2793638],[114.1875119,22.2793718],[114.1875426,22.2793818],[114.1875693,22.2793919],[114.1876003,22.2794056],[114.1876354,22.2794232],[114.1876759,22.2794458],[114.1877099,22.2794668]],[[114.1877099,22.2794668],[114.1879382,22.2796138],[114.1880036,22.2796548],[114.1882775,22.2798257],[114.188632,22.2800659],[114.1892456,22.2804816],[114.1894397,22.280613],[114.1898124,22.2808649],[114.1911081,22.2817408],[114.1912655,22.2818466],[114.1913256,22.2818873]],[[114.1913256,22.2818873],[114.1916407,22.2820985],[114.1916974,22.2821366],[114.1917587,22.2821829],[114.1918167,22.2822303],[114.1918637,22.2822747],[114.1919129,22.2823236],[114.1919602,22.2823773],[114.1920025,22.2824293],[114.1920508,22.2824969],[114.1920823,22.2825467],[114.1921168,22.2826091],[114.1921469,22.2826676],[114.1922627,22.2829103],[114.1922798,22.2829446]],[[114.1922798,22.2829446],[114.1924033,22.2832082],[114.1924568,22.2833435],[114.1925041,22.2834794],[114.1925326,22.2835777],[114.1925592,22.2836807],[114.1926662,22.2842327],[114.1926877,22.2843291],[114.1927256,22.2845026],[114.1927785,22.2847423],[114.1928383,22.2850051],[114.1928725,22.2851705],[114.1928836,22.2852452],[114.1928949,22.2853213],[114.1929017,22.2853875],[114.1929112,22.2854805],[114.1929176,22.2855834],[114.1929216,22.2856914],[114.1929203,22.2858696],[114.1929132,22.2860723],[114.1928947,22.2864134],[114.19289,22.2865],[114.1928689,22.2868964],[114.1928678,22.2869107],[114.1928642,22.2870244],[114.192868,22.2871431],[114.1928725,22.2872083],[114.1928809,22.2872698],[114.1928977,22.287359],[114.1929184,22.2874402],[114.192948,22.2875326],[114.1929653,22.287578],[114.1929854,22.2876236],[114.1930166,22.2876858],[114.1930696,22.2877747],[114.193122,22.2878529],[114.1931761,22.2879276],[114.1932131,22.2879745],[114.1932436,22.2880103],[114.1933007,22.2880739],[114.1933759,22.2881583],[114.1942595,22.2891424],[114.1943452,22.2892369],[114.1943533,22.2892457],[114.1943613,22.2892546],[114.1945419,22.2894561],[114.1945812,22.2895]],[[114.1945812,22.2895],[114.194643,22.2895684],[114.1949348,22.2898833],[114.1949741,22.289921],[114.195011,22.2899523],[114.1950678,22.2899972],[114.1951238,22.2900367],[114.1951782,22.290072],[114.1952176,22.2900949],[114.1953469,22.2901557]],[[114.1953469,22.2901557],[114.19541,22.2901788],[114.1954421,22.2901906],[114.1955008,22.2902099],[114.195609,22.2902375],[114.1957327,22.2902627],[114.1962866,22.2903767],[114.1965341,22.2904318]],[[114.1965341,22.2904318],[114.1965818,22.2904476],[114.1966104,22.2904584],[114.1966332,22.2904697],[114.1966537,22.2904833],[114.1966765,22.2905023],[114.1966989,22.2905328],[114.1967089,22.2905597],[114.1967109,22.2905736],[114.1967116,22.2905925],[114.1967109,22.2906087],[114.1967062,22.2906374],[114.1966962,22.2906804],[114.196641,22.2909177],[114.196639,22.2909364],[114.1966399,22.2909649],[114.1966464,22.2909941],[114.1966578,22.2910184],[114.1966771,22.291045],[114.196698,22.2910636],[114.1967178,22.2910764],[114.1967427,22.2910882],[114.1967656,22.2910962],[114.1967889,22.2911014],[114.1985319,22.2914649],[114.1985534,22.2914666],[114.1985825,22.2914639],[114.1986086,22.2914587]],[[114.1986086,22.2914587],[114.1986299,22.2914492],[114.1986486,22.2914378],[114.1986675,22.2914224],[114.1986878,22.2914001],[114.1986989,22.2913762],[114.1987109,22.291326],[114.1987723,22.2910685]]]}},{"type":"Feature","properties":{"kind":"route","serviceName":"Shau Kei Wan to Happy Valley","name":"Hong Kong Tramways — Shau Kei Wan to Happy Valley","color":"#D22A3D","osmRelationIds":[4088517,4088518],"osmWayCount":52},"geometry":{"type":"MultiLineString","coordinates":[[[114.1842709,22.2698375],[114.1841713,22.269804],[114.1841501,22.2697979],[114.1841309,22.2697953],[114.1840871,22.2697943],[114.1840445,22.2697959],[114.1840162,22.2697947],[114.1839861,22.2697911]],[[114.1839861,22.2697911],[114.1839331,22.2697761],[114.1838787,22.2697624],[114.1838164,22.2697538],[114.1837821,22.2697508],[114.183752,22.2697502],[114.1837015,22.2697517],[114.1836773,22.2697536],[114.1836564,22.2697557],[114.1835376,22.2697741],[114.1834432,22.2697952],[114.1833941,22.2698086],[114.1833221,22.2698319],[114.1831858,22.2698906],[114.1830693,22.2699517],[114.1830061,22.269992],[114.1829341,22.2700423],[114.1828548,22.2701024],[114.1823226,22.2705258],[114.1822485,22.2705757],[114.1822404,22.2705811],[114.1821438,22.2706399],[114.182044,22.2706945],[114.1819446,22.2707402],[114.1817077,22.2708382],[114.1816136,22.2708767],[114.1815295,22.2709144],[114.1814843,22.2709376],[114.1814242,22.2709707],[114.181341,22.2710214],[114.181308,22.2710439],[114.1803595,22.2716897],[114.180232,22.2717735],[114.1801989,22.2717981],[114.1801641,22.2718286],[114.1801308,22.2718628],[114.1801014,22.2718987],[114.1800814,22.2719271],[114.1800648,22.2719537],[114.180052,22.2719764],[114.1800384,22.2720035],[114.1800305,22.2720231],[114.1798966,22.2723873],[114.1795083,22.2734494],[114.1794847,22.2735234]],[[114.1794847,22.2735234],[114.1794713,22.2735699],[114.1794545,22.273635],[114.1794426,22.2736858],[114.1794329,22.2737344],[114.1794238,22.2737844],[114.1794143,22.2738418],[114.1794103,22.2738839],[114.1794041,22.2739676],[114.1794024,22.2740189],[114.1794034,22.2740874],[114.1794084,22.2741549],[114.1794216,22.2742614],[114.1794256,22.2742862],[114.1794494,22.2743981],[114.1794625,22.2744499],[114.1794927,22.2745462],[114.179506,22.2745815],[114.1795217,22.2746191],[114.1795382,22.2746562],[114.1795772,22.27474],[114.1796036,22.2747931],[114.1796236,22.2748313],[114.1796392,22.2748585],[114.1796578,22.2748879],[114.1796953,22.2749426],[114.1797255,22.274984],[114.179778,22.2750521],[114.1798054,22.2750851],[114.1798674,22.2751547],[114.1799478,22.2752411],[114.1805443,22.2758504],[114.1806666,22.2759761],[114.1806862,22.2759993],[114.1807,22.2760204],[114.1807133,22.2760478],[114.1807211,22.2760759],[114.1807274,22.276108],[114.18073,22.2761379],[114.1807288,22.27616],[114.1807244,22.27619],[114.1807166,22.2762151],[114.1807051,22.2762385],[114.1806894,22.2762619],[114.1806197,22.2763351],[114.1805528,22.2764008],[114.1804888,22.2764597],[114.1804804,22.2764678],[114.1803995,22.276546],[114.180377,22.2765706],[114.1803513,22.276608],[114.1803383,22.2766331],[114.1803256,22.2766619],[114.1803129,22.2766984],[114.1802148,22.2770136],[114.1801869,22.277102],[114.1801405,22.2772206],[114.1801287,22.2772481],[114.1800341,22.2774476],[114.1800188,22.2774799],[114.1799786,22.2775736],[114.1799576,22.2776283],[114.1798567,22.2779053],[114.1798531,22.2779152],[114.1798038,22.2780548],[114.179789,22.278096],[114.17978,22.2781224],[114.1797343,22.2782544],[114.1797159,22.2783121],[114.1796979,22.2783754],[114.1796878,22.2784066],[114.1796517,22.278505],[114.1796355,22.2785512],[114.1796266,22.2785771],[114.1796257,22.2785799]],[[114.1796257,22.2785799],[114.1796185,22.2786057],[114.1796144,22.2786263],[114.1796123,22.2786649],[114.1796139,22.2786903],[114.1796173,22.2787094],[114.1796237,22.2787303],[114.1796309,22.278746],[114.179641,22.2787627],[114.1796533,22.2787784],[114.179672,22.2787974],[114.1796897,22.2788095],[114.1797147,22.2788236]],[[114.1797147,22.2788236],[114.1797729,22.2788452],[114.1807835,22.2792254],[114.1810841,22.2793353],[114.1814257,22.2794647],[114.1824525,22.2798467]],[[114.1824525,22.2798467],[114.1825087,22.2798669],[114.1826561,22.2799204]],[[114.1826561,22.2799204],[114.1829275,22.2800234],[114.1830712,22.2800767],[114.1831089,22.280088],[114.18314,22.2800961],[114.1831554,22.2800991],[114.1831727,22.2801016],[114.1832136,22.2801049],[114.1845533,22.2801593],[114.184579,22.2801595],[114.1846069,22.2801582],[114.1846316,22.2801561],[114.1846635,22.2801521],[114.184696,22.280146],[114.1847267,22.2801388],[114.1847579,22.2801302],[114.1848245,22.2801095]],[[114.1848245,22.2801095],[114.1856801,22.2798357],[114.1857053,22.2798277],[114.185797,22.2797983],[114.1858528,22.2797805],[114.1858658,22.2797763],[114.18588,22.2797718],[114.1861371,22.2796898],[114.1867809,22.2794787]],[[114.1867809,22.2794787],[114.1868539,22.2794554],[114.1869184,22.2794348],[114.1869281,22.279432]],[[114.1869281,22.279432],[114.1870854,22.2793823],[114.1871247,22.2793703],[114.1871633,22.2793605],[114.1872004,22.2793532],[114.187228,22.2793484],[114.187262,22.279346],[114.1872955,22.2793437],[114.1873295,22.2793432],[114.1873644,22.2793451],[114.1874052,22.2793495],[114.1874448,22.2793558],[114.1874831,22.2793638],[114.1875119,22.2793718],[114.1875426,22.2793818],[114.1875693,22.2793919],[114.1876003,22.2794056],[114.1876354,22.2794232],[114.1876759,22.2794458],[114.1877099,22.2794668]],[[114.1877099,22.2794668],[114.1879382,22.2796138],[114.1880036,22.2796548],[114.1882775,22.2798257],[114.188632,22.2800659],[114.1892456,22.2804816],[114.1894397,22.280613],[114.1898124,22.2808649],[114.1911081,22.2817408],[114.1912655,22.2818466],[114.1913256,22.2818873]],[[114.1913256,22.2818873],[114.1916407,22.2820985],[114.1916974,22.2821366],[114.1917587,22.2821829],[114.1918167,22.2822303],[114.1918637,22.2822747],[114.1919129,22.2823236],[114.1919602,22.2823773],[114.1920025,22.2824293],[114.1920508,22.2824969],[114.1920823,22.2825467],[114.1921168,22.2826091],[114.1921469,22.2826676],[114.1922627,22.2829103],[114.1922798,22.2829446]],[[114.1922798,22.2829446],[114.1924033,22.2832082],[114.1924568,22.2833435],[114.1925041,22.2834794],[114.1925326,22.2835777],[114.1925592,22.2836807],[114.1926662,22.2842327],[114.1926877,22.2843291],[114.1927256,22.2845026],[114.1927785,22.2847423],[114.1928383,22.2850051],[114.1928725,22.2851705],[114.1928836,22.2852452],[114.1928949,22.2853213],[114.1929017,22.2853875],[114.1929112,22.2854805],[114.1929176,22.2855834],[114.1929216,22.2856914],[114.1929203,22.2858696],[114.1929132,22.2860723],[114.1928947,22.2864134],[114.19289,22.2865],[114.1928689,22.2868964],[114.1928678,22.2869107],[114.1928642,22.2870244],[114.192868,22.2871431],[114.1928725,22.2872083],[114.1928809,22.2872698],[114.1928977,22.287359],[114.1929184,22.2874402],[114.192948,22.2875326],[114.1929653,22.287578],[114.1929854,22.2876236],[114.1930166,22.2876858],[114.1930696,22.2877747],[114.193122,22.2878529],[114.1931761,22.2879276],[114.1932131,22.2879745],[114.1932436,22.2880103],[114.1933007,22.2880739],[114.1933759,22.2881583],[114.1942595,22.2891424],[114.1943452,22.2892369],[114.1943533,22.2892457],[114.1943613,22.2892546],[114.1945419,22.2894561],[114.1945812,22.2895]],[[114.1945812,22.2895],[114.194643,22.2895684],[114.1949348,22.2898833],[114.1949741,22.289921],[114.195011,22.2899523],[114.1950678,22.2899972],[114.1951238,22.2900367],[114.1951782,22.290072],[114.1952176,22.2900949],[114.1953469,22.2901557]],[[114.1953469,22.2901557],[114.19541,22.2901788],[114.1954421,22.2901906],[114.1955008,22.2902099],[114.195609,22.2902375],[114.1957327,22.2902627],[114.1962866,22.2903767],[114.1965341,22.2904318]],[[114.1965341,22.2904318],[114.1971209,22.2905516],[114.1975746,22.2906452],[114.1984996,22.2908361],[114.1986379,22.2908646],[114.1987349,22.2908846],[114.1988843,22.2909156],[114.1989217,22.2909239],[114.1989407,22.2909288],[114.1989964,22.2909443],[114.1990963,22.2909684],[114.1996184,22.2910749],[114.1996313,22.2910769],[114.1997106,22.2910861],[114.1997236,22.2910881],[114.2002952,22.2912063],[114.2004384,22.2912347],[114.2008106,22.291311],[114.2016514,22.2914833],[114.2017575,22.2915049],[114.2030089,22.2917601],[114.2030889,22.2917757]],[[114.2030889,22.2917757],[114.2033965,22.2918398],[114.2035297,22.2918675],[114.2040648,22.2919752],[114.2041496,22.291994],[114.2044144,22.2920597],[114.2045057,22.2920776],[114.2045708,22.2920879],[114.2046336,22.2920935],[114.2047115,22.2920985],[114.2048063,22.2921024],[114.2052014,22.2921101],[114.2056048,22.2921174],[114.2056782,22.2921161],[114.2057258,22.2921151],[114.2057755,22.2921116],[114.2058365,22.2921047],[114.2060372,22.2920769],[114.2061871,22.2920598],[114.2062697,22.292051],[114.2066712,22.2920171],[114.2067154,22.2920115],[114.2067598,22.2920031],[114.2068119,22.2919919],[114.2068559,22.2919802],[114.2068956,22.2919679],[114.2071926,22.2918601],[114.2073174,22.291814],[114.2075229,22.2917386],[114.2081778,22.2914997],[114.2082178,22.291485],[114.2083097,22.29145],[114.2083709,22.2914243],[114.2084218,22.2914002],[114.2084843,22.2913671],[114.2085446,22.2913323],[114.2086,22.2912977],[114.208656,22.2912606],[114.2087192,22.2912142],[114.2087688,22.2911744],[114.2088169,22.2911324],[114.2088709,22.2910799],[114.208917,22.2910313],[114.2089545,22.2909884],[114.208969,22.2909706],[114.2090095,22.2909186],[114.2090507,22.2908613],[114.2090957,22.2907928],[114.2091218,22.2907474],[114.2091539,22.2906864],[114.2091924,22.2906057],[114.2092184,22.2905392],[114.2092407,22.2904778],[114.2093278,22.2902165],[114.2096181,22.2893462],[114.2098138,22.2887505],[114.2098593,22.288612],[114.2099127,22.2884509],[114.2100352,22.2880738],[114.2101749,22.2876416],[114.2101974,22.2875705],[114.2102663,22.2873584],[114.2104037,22.2869346],[114.2104247,22.2868754],[114.2104446,22.2868233],[114.2104639,22.2867798],[114.2104874,22.2867287],[114.2105115,22.2866826],[114.2105351,22.2866405],[114.2105604,22.2865988],[114.2110328,22.2858592],[114.211049,22.2858341],[114.2111993,22.2856],[114.2114107,22.2852688],[114.2114318,22.285237],[114.2114495,22.2852135],[114.2114717,22.2851869],[114.211496,22.2851606],[114.2115187,22.2851388],[114.2115385,22.2851208],[114.2115615,22.2851013],[114.2115837,22.2850841],[114.2116091,22.2850662],[114.2116399,22.2850466],[114.2116685,22.2850305],[114.2117056,22.2850122],[114.2117352,22.2849991],[114.2117711,22.2849856],[114.2122792,22.28482],[114.212306,22.2848114],[114.2125351,22.284737],[114.2125942,22.2847187],[114.2126449,22.2847051],[114.2126975,22.2846926],[114.2127618,22.28468],[114.2128341,22.2846693],[114.2128947,22.2846627],[114.2129335,22.28466],[114.2129782,22.2846578],[114.2130245,22.2846568],[114.2130963,22.2846578],[114.2135533,22.284673],[114.2136705,22.2846772],[114.2138397,22.2846833],[114.2144451,22.2847054],[114.2145879,22.284709],[114.2147144,22.284704],[114.2153012,22.2846661],[114.2155584,22.2846501],[114.215652,22.2846453],[114.2157532,22.2846456],[114.2160725,22.2846465]],[[114.2160725,22.2846465],[114.2170211,22.2846478],[114.2171497,22.2846554],[114.2172672,22.2846668],[114.2174739,22.2846971],[114.2176959,22.2847459],[114.2182123,22.2848723],[114.2183043,22.2848932],[114.2184356,22.2849171],[114.2185035,22.2849266],[114.2185691,22.2849345],[114.2186759,22.2849438],[114.2188201,22.2849458],[114.2189038,22.2849447],[114.2189896,22.2849405],[114.219107,22.2849281],[114.2192003,22.2849127],[114.219282,22.284897],[114.2193966,22.2848689],[114.2194601,22.2848493],[114.2195184,22.2848298],[114.2195793,22.284805],[114.219627,22.2847831],[114.2197174,22.2847378],[114.219791,22.2846959],[114.2198302,22.2846701],[114.2198702,22.2846412],[114.2199437,22.2845851],[114.2200025,22.2845327]],[[114.2200025,22.2845327],[114.2200167,22.2845193],[114.2200765,22.2844551]],[[114.2200765,22.2844551],[114.2201602,22.2843588],[114.2203849,22.2840727],[114.2206136,22.2837807]],[[114.2206136,22.2837807],[114.220935,22.283369],[114.2211066,22.2831496],[114.2211954,22.2830369],[114.221268,22.2829439],[114.2213335,22.2828594]],[[114.2213335,22.2828594],[114.2216077,22.2825086],[114.2217399,22.2823366],[114.2218211,22.2822183],[114.2218895,22.282117],[114.221966,22.2820176]],[[114.221966,22.2820176],[114.2219956,22.2819791],[114.2223211,22.2815647],[114.2223548,22.2815246],[114.2224267,22.2814458],[114.2224785,22.2813939],[114.2225356,22.2813431],[114.222586,22.2813],[114.2226622,22.2812399],[114.2227498,22.2811767],[114.2228335,22.2811202],[114.2228985,22.2810816],[114.2229566,22.2810497],[114.2230576,22.2809977],[114.2239044,22.2806003],[114.2239656,22.2805714],[114.2240356,22.2805409],[114.2241373,22.2805038]],[[114.2241373,22.2805038],[114.2242449,22.2804695],[114.2242979,22.2804548],[114.2244223,22.2804269],[114.2245903,22.2803934],[114.2251263,22.280292],[114.2251729,22.2802817],[114.2252028,22.280273],[114.2252625,22.2802526],[114.2253026,22.2802359],[114.2253454,22.2802144],[114.2253881,22.2801887],[114.2254292,22.280161]],[[114.2254292,22.280161],[114.2254682,22.2801238],[114.2255343,22.2800555],[114.2255515,22.2800299],[114.2255913,22.2799636]],[[114.2255913,22.2799636],[114.2257422,22.279718],[114.2257959,22.2796295],[114.2263375,22.2787375],[114.2265587,22.278376],[114.2266078,22.2782968],[114.2269659,22.277708],[114.2269821,22.2776831],[114.2269954,22.277665],[114.2270175,22.2776381],[114.2270507,22.2776049],[114.2270762,22.2775827],[114.2271066,22.2775618],[114.2271419,22.2775406],[114.2271784,22.2775208],[114.2278715,22.2771518],[114.2279405,22.2771177]],[[114.2279405,22.2771177],[114.2280898,22.2770465],[114.2282084,22.2769916],[114.2282904,22.2769532],[114.2283596,22.2769236],[114.2284101,22.2769042],[114.2284362,22.2768947],[114.2284602,22.2768876],[114.2285039,22.2768769],[114.2286515,22.2768452],[114.2288155,22.2768156],[114.2288468,22.27681],[114.2290467,22.2767717],[114.2290554,22.27677],[114.2291201,22.276758],[114.2292689,22.2767287],[114.2293387,22.2767179],[114.2293731,22.276714],[114.2293896,22.2767126],[114.2294062,22.2767121],[114.2294225,22.2767127],[114.2294387,22.2767137],[114.2294552,22.2767156],[114.2294724,22.2767185],[114.2295021,22.2767248],[114.2295288,22.2767322],[114.2295499,22.2767395],[114.2295713,22.2767485],[114.2295906,22.2767591],[114.2296082,22.2767702],[114.2296258,22.2767823],[114.2296449,22.2767985],[114.2296712,22.2768247],[114.2296866,22.276843],[114.2296964,22.2768568],[114.2297101,22.2768786],[114.2297275,22.2769075],[114.2298017,22.2770394],[114.2298335,22.2770963],[114.2298497,22.2771246],[114.2300825,22.2775395],[114.2300893,22.2775541],[114.2300951,22.2775708],[114.2300997,22.2775888],[114.2301014,22.2776017],[114.2301013,22.2776157],[114.2301007,22.2776235],[114.2300996,22.2776397],[114.2300967,22.2776582],[114.230093,22.2776748],[114.2300875,22.2776936],[114.2300828,22.2777064],[114.2300754,22.2777227],[114.2300635,22.2777435],[114.2300591,22.2777521],[114.2300556,22.2777626],[114.2300534,22.2777757],[114.2300531,22.277788],[114.230054,22.2778],[114.2300569,22.2778134],[114.2300618,22.2778264],[114.2300691,22.2778397],[114.2300785,22.2778521],[114.2300906,22.2778639],[114.2300992,22.2778706],[114.2301079,22.277876],[114.2301223,22.2778826],[114.2301392,22.2778872],[114.2301528,22.2778899],[114.2301671,22.2778906]],[[114.2301671,22.2778906],[114.2301777,22.2778901],[114.2301888,22.2778886],[114.2301995,22.2778861],[114.2302095,22.2778825],[114.2302192,22.277878],[114.2302295,22.2778721],[114.2302391,22.2778651],[114.2302487,22.2778562],[114.2302579,22.2778454],[114.2302655,22.2778332],[114.2302705,22.2778227],[114.2302742,22.2778108],[114.2302762,22.277798],[114.2302772,22.2777872],[114.2302766,22.2777751],[114.2302746,22.2777629],[114.2302712,22.2777511],[114.2302671,22.2777409],[114.2302615,22.277731],[114.2302549,22.2777219],[114.2302466,22.277712],[114.2301958,22.2776609],[114.2301892,22.2776531],[114.230181,22.2776434],[114.2301607,22.2776176],[114.230141,22.27759],[114.2301243,22.2775626],[114.229881,22.2771299],[114.2298717,22.2771134],[114.2298244,22.2770287],[114.2297262,22.2768554],[114.2297058,22.2768231],[114.2296964,22.2768107],[114.2296863,22.2767994],[114.2296729,22.2767862],[114.2296563,22.2767715],[114.2296406,22.2767589],[114.2296238,22.276747],[114.229602,22.2767346],[114.22958,22.2767235],[114.2295565,22.2767134],[114.2295327,22.2767041],[114.22951,22.2766975],[114.229486,22.2766923],[114.2294683,22.2766896],[114.2294504,22.276688],[114.2294143,22.2766866],[114.2293959,22.2766871],[114.229366,22.2766894],[114.2293099,22.2766969],[114.2292548,22.276706],[114.22905,22.2767458],[114.2290356,22.2767487],[114.2289547,22.2767644],[114.228864,22.2767817],[114.2288414,22.276786],[114.2288134,22.2767913],[114.2286474,22.2768225],[114.228547,22.2768428],[114.2284445,22.2768668],[114.2284122,22.2768769],[114.2283792,22.276889],[114.2282983,22.2769236],[114.2282042,22.2769673],[114.2280978,22.2770157],[114.2279251,22.2770972]],[[114.2279251,22.2770972],[114.2278839,22.2771181],[114.2271641,22.2775032],[114.2271282,22.2775234],[114.2270932,22.2775446],[114.2270624,22.2775664],[114.227034,22.2775899],[114.2269925,22.2776326],[114.2269811,22.2776473],[114.2269658,22.277667],[114.2269526,22.277686],[114.2265871,22.2782861],[114.2265379,22.2783651],[114.2263175,22.2787284],[114.2258382,22.2795184],[114.2257767,22.2796194],[114.2257274,22.2797003],[114.2255972,22.2799085]],[[114.2255972,22.2799085],[114.2255403,22.2800039],[114.2255179,22.2800369],[114.225481,22.2800779],[114.2254358,22.2801209],[114.2253645,22.280173],[114.2253222,22.2801985],[114.2252852,22.2802167],[114.2252607,22.2802268],[114.2252168,22.2802438],[114.2251754,22.2802562],[114.2251177,22.2802698],[114.224585,22.2803711],[114.2244168,22.2804046],[114.2242387,22.2804471],[114.2241303,22.2804815],[114.2240193,22.2805224],[114.2239551,22.2805507],[114.2238279,22.2806093]],[[114.2238279,22.2806093],[114.2230472,22.2809787],[114.2229422,22.2810305],[114.2228829,22.281064],[114.2228232,22.2811012],[114.2227368,22.2811597],[114.2226481,22.281222],[114.2225693,22.2812836],[114.2225144,22.2813304],[114.2224604,22.2813789],[114.2224085,22.2814302],[114.2223626,22.2814792],[114.2223122,22.2815371],[114.2222734,22.2815849],[114.2219749,22.2819673],[114.2219475,22.2820031]],[[114.2219475,22.2820031],[114.2218646,22.2821122],[114.2218006,22.2822057],[114.2217221,22.2823214],[114.2215875,22.2824954],[114.2213036,22.2828592],[114.2212481,22.2829297]],[[114.2212481,22.2829297],[114.2211742,22.2830225],[114.2210583,22.2831726],[114.2209153,22.2833553],[114.2205935,22.2837672]],[[114.2205935,22.2837672],[114.2203484,22.2840807],[114.2201423,22.2843428],[114.2200585,22.2844398]],[[114.2200585,22.2844398],[114.2200334,22.2844661],[114.2199862,22.2845139]],[[114.2199862,22.2845139],[114.2199306,22.2845642],[114.2198493,22.2846265],[114.2197684,22.2846804],[114.2197033,22.2847174],[114.2196134,22.2847637],[114.2195565,22.2847884],[114.2195096,22.2848068],[114.2194459,22.2848282],[114.2193878,22.2848452],[114.2192779,22.2848732],[114.2191856,22.2848916],[114.2190996,22.2849047],[114.219053,22.2849109],[114.2189622,22.2849189],[114.2188238,22.2849242],[114.2186811,22.2849212],[114.2185725,22.2849126],[114.2184425,22.2848961],[114.2183138,22.2848727],[114.2182411,22.2848568],[114.2176961,22.2847221],[114.2174769,22.2846763],[114.217268,22.2846461],[114.2171483,22.2846342],[114.2170276,22.2846268],[114.216095,22.2846258]],[[114.216095,22.2846258],[114.2157531,22.284625],[114.2156751,22.2846248],[114.2155567,22.2846296],[114.2153011,22.284646],[114.2147231,22.2846832],[114.2145887,22.2846864],[114.2144491,22.2846825],[114.2138435,22.284661],[114.2136717,22.2846546],[114.2135539,22.2846502],[114.2130323,22.2846355],[114.2130105,22.2846353],[114.2129332,22.2846378],[114.2128551,22.2846443],[114.2128052,22.2846504],[114.2127563,22.2846582],[114.2127069,22.2846678],[114.2126607,22.2846783],[114.2126136,22.2846902],[114.2125623,22.2847054],[114.2125143,22.2847211],[114.212299,22.2847903],[114.2117698,22.2849608],[114.2117341,22.2849744],[114.2116994,22.2849893],[114.2116634,22.285007],[114.2116264,22.2850278],[114.2115928,22.2850499],[114.2115597,22.2850739],[114.2115262,22.2851011],[114.2114987,22.285126],[114.2114701,22.2851548],[114.2114437,22.2851845],[114.211425,22.2852079],[114.2114056,22.2852341],[114.2113881,22.2852604],[114.211054,22.285783],[114.2110288,22.2858231],[114.2105536,22.2865613],[114.2105195,22.2866175],[114.2104853,22.2866816],[114.2104612,22.2867294],[114.2104361,22.286783],[114.2104127,22.2868374],[114.2103819,22.2869248],[114.2102564,22.2873108],[114.2102409,22.2873593],[114.2101709,22.2875754],[114.2101496,22.2876403],[114.2101382,22.2876759],[114.210012,22.2880654],[114.2098882,22.2884447],[114.2098354,22.2886064],[114.2097351,22.2889119],[114.2095946,22.2893398],[114.2093039,22.2902104],[114.2092282,22.2904356],[114.2091958,22.2905275],[114.2091684,22.2905977],[114.2091332,22.2906726],[114.2090979,22.2907378],[114.2090632,22.2907964],[114.2090422,22.2908291],[114.209029,22.2908481],[114.2089784,22.2909179],[114.208929,22.2909792],[114.208897,22.291017],[114.2088552,22.2910621],[114.2088072,22.2911087],[114.2087472,22.2911613],[114.208704,22.2911956],[114.2086527,22.2912332],[114.2085958,22.2912722],[114.2085141,22.291323],[114.2084492,22.2913594],[114.2083963,22.2913858],[114.2083418,22.291411],[114.208291,22.2914319],[114.208245,22.2914498],[114.2082083,22.2914636],[114.207516,22.2917159],[114.2073085,22.2917922],[114.2071841,22.2918372],[114.2069004,22.2919405],[114.2068553,22.2919553],[114.2068044,22.2919696],[114.2067557,22.2919802],[114.2067057,22.2919878],[114.2066534,22.2919942],[114.2061827,22.2920365],[114.206037,22.292054],[114.2059052,22.2920726],[114.205833,22.2920828],[114.2057741,22.292089],[114.2056825,22.2920932],[114.2056094,22.2920946],[114.2051537,22.292086],[114.2048069,22.2920794],[114.2046517,22.2920715],[114.2046066,22.2920672],[114.2045562,22.2920593],[114.2045016,22.2920516],[114.2044495,22.2920415],[114.2043517,22.29202],[114.2041527,22.2919696],[114.2040626,22.2919505],[114.2035352,22.2918434],[114.2034015,22.2918156],[114.2031569,22.2917648],[114.203094,22.2917518]],[[114.203094,22.2917518],[114.2017629,22.2914806],[114.2016587,22.2914594],[114.200488,22.2912187],[114.2004445,22.2912098],[114.2003029,22.2911807],[114.1997335,22.2910637],[114.1997105,22.2910597],[114.1996441,22.2910523],[114.1996206,22.2910484],[114.1991023,22.2909429],[114.1990415,22.2909287],[114.1990024,22.2909186],[114.198948,22.2909036],[114.1989285,22.2908989],[114.1986739,22.2908448]],[[114.1986739,22.2908448],[114.1983411,22.2907764],[114.1982863,22.2907651],[114.1975817,22.2906203],[114.1971272,22.2905268],[114.1966248,22.290424],[114.1961013,22.2903169],[114.1957386,22.2902401],[114.1956131,22.2902133],[114.195508,22.2901872],[114.1954483,22.2901679],[114.1954178,22.2901574],[114.195357,22.2901322]],[[114.195357,22.2901322],[114.1952316,22.2900701],[114.1951839,22.290044],[114.1951353,22.290015],[114.1950952,22.2899871],[114.1950622,22.2899627],[114.1950279,22.2899351],[114.1949898,22.2899026],[114.1949363,22.2898496],[114.1946641,22.2895552],[114.1946007,22.2894849]],[[114.1946007,22.2894849],[114.1945606,22.2894403],[114.1944011,22.2892628],[114.1943809,22.2892403],[114.1943726,22.2892312],[114.1943644,22.2892221],[114.1942731,22.2891216],[114.1933971,22.2881395],[114.1933219,22.2880547],[114.1932381,22.2879602],[114.193195,22.2879081],[114.1931575,22.2878579],[114.193121,22.2878061],[114.1930845,22.2877476],[114.1930507,22.2876896],[114.1930222,22.2876347],[114.1929948,22.2875772],[114.1929723,22.2875223],[114.1929441,22.2874355],[114.1929235,22.2873554],[114.1929072,22.2872699],[114.1928983,22.2872078],[114.1928935,22.2871456],[114.1928896,22.2870244],[114.1928929,22.2869138],[114.1928938,22.2868939],[114.1929092,22.2866044],[114.1929145,22.2865007],[114.1929413,22.2859774],[114.192944,22.285871],[114.192945,22.2856969],[114.192942,22.2855879],[114.1929349,22.2854814],[114.1929245,22.2853844],[114.1929175,22.2853187],[114.1929067,22.2852409],[114.1928958,22.285163],[114.1928628,22.2850038],[114.1928034,22.2847449],[114.19275,22.2845042],[114.1927104,22.2843252],[114.1926902,22.2842256],[114.1925823,22.2836733],[114.1925562,22.2835707],[114.1925283,22.2834736],[114.1924809,22.2833356],[114.192455,22.2832675],[114.1924273,22.2832019],[114.1923017,22.2829351]],[[114.1923017,22.2829351],[114.1922846,22.2829006],[114.1922152,22.282755],[114.1921545,22.2826291],[114.1921313,22.282584],[114.1921031,22.2825351],[114.1920693,22.282482],[114.1920222,22.2824161],[114.1919777,22.2823606],[114.1919286,22.2823059],[114.1918796,22.2822561],[114.1918219,22.2822023],[114.1917744,22.2821632],[114.1917196,22.2821212],[114.1916679,22.2820859],[114.1913487,22.2818708]],[[114.1913487,22.2818708],[114.1912822,22.2818265],[114.1909191,22.2815813],[114.1897168,22.2807676],[114.1896072,22.2806934],[114.1894572,22.2805918],[114.1886453,22.2800428],[114.1882586,22.2797813],[114.1880986,22.2796819],[114.1880198,22.279633],[114.1877218,22.2794426]],[[114.1877218,22.2794426],[114.1876728,22.279414],[114.1876179,22.2793843],[114.187588,22.2793702],[114.1875558,22.2793575],[114.1875238,22.2793466],[114.1874911,22.2793374],[114.1874527,22.2793291],[114.1874148,22.2793232],[114.1873712,22.2793192],[114.1873273,22.2793174],[114.1872782,22.2793187],[114.1872388,22.2793212],[114.1872035,22.2793259],[114.1871675,22.2793335],[114.1871315,22.2793426],[114.1871147,22.2793479],[114.1870475,22.2793688],[114.1869021,22.279416]],[[114.1869021,22.279416],[114.1868995,22.279417],[114.1865618,22.2795252],[114.185874,22.2797481],[114.1858578,22.2797532],[114.1858437,22.2797577],[114.185788,22.2797755],[114.1856238,22.2798278],[114.1847969,22.2800922]],[[114.1847969,22.2800922],[114.1847686,22.2801009],[114.1847379,22.2801103],[114.1846866,22.2801232],[114.1846475,22.2801302],[114.1846018,22.2801343],[114.1845599,22.2801353],[114.1832108,22.2800812],[114.18317,22.2800776],[114.1831231,22.280068],[114.1830949,22.2800597],[114.1828718,22.2799767]],[[114.1828718,22.2799767],[114.1828447,22.279962],[114.182822,22.2799442],[114.182804,22.2799254],[114.1827937,22.2799118],[114.1827731,22.2798791],[114.1827642,22.2798425],[114.1827617,22.2798064],[114.1827624,22.2797921],[114.1827628,22.2797847],[114.1827717,22.2797495]],[[114.1827717,22.2797495],[114.1827788,22.279733],[114.1828088,22.2796636],[114.182865,22.2795339],[114.1830536,22.279096],[114.1830626,22.279075],[114.1830764,22.2790424],[114.1831817,22.2787923],[114.1831976,22.278755],[114.1832309,22.2786761],[114.1832684,22.2785871],[114.1834882,22.2780662],[114.1835202,22.2779874],[114.1835489,22.2779004],[114.1835472,22.2778814],[114.1835439,22.2778635],[114.1835367,22.2778393],[114.1835252,22.2778144],[114.1835149,22.2777982],[114.1835043,22.2777833],[114.1834897,22.2777681],[114.1834619,22.2777449]],[[114.1834619,22.2777449],[114.1825262,22.2771593],[114.1824841,22.2771319],[114.182454,22.2771104],[114.1824271,22.2770892],[114.1824029,22.2770687],[114.1823818,22.2770468],[114.1823634,22.2770245],[114.1823444,22.276998],[114.1823124,22.276932],[114.1823016,22.276873],[114.1823043,22.2768141],[114.1823116,22.2767598],[114.1823358,22.2766987]],[[114.1823358,22.2766987],[114.1827014,22.2759125],[114.182712,22.2758871],[114.1827494,22.2758102]],[[114.1827494,22.2758102],[114.1832092,22.2748674],[114.1832983,22.2746847],[114.1835778,22.2740681],[114.1836035,22.2740156],[114.1836522,22.2739122],[114.183666,22.2738855],[114.1836962,22.2738265],[114.1840312,22.2731229],[114.1843078,22.2725414],[114.1844531,22.2722351],[114.1846888,22.2717388],[114.1847046,22.2717012],[114.1847194,22.2716602],[114.1847313,22.2716243],[114.1847712,22.2714877],[114.1847834,22.2714331],[114.1847928,22.2713735],[114.1847991,22.2713107],[114.1848024,22.2712348],[114.1848083,22.2708415],[114.1848085,22.2707865],[114.184806,22.2707351],[114.1848012,22.2706959],[114.1847927,22.2706473],[114.1847834,22.2706061],[114.184772,22.2705648],[114.1847598,22.270525],[114.1847453,22.2704851],[114.1847246,22.2704368],[114.1846992,22.2703861],[114.1846751,22.2703437],[114.1846503,22.2703045],[114.1845638,22.270178],[114.1844954,22.2700794],[114.1844816,22.2700616],[114.1844486,22.2700259],[114.1844278,22.2700063],[114.1843966,22.2699797]],[[114.1843966,22.2699797],[114.1843855,22.2699673],[114.1843748,22.2699535],[114.1843645,22.2699371],[114.1843497,22.2699083],[114.1843424,22.2698958],[114.1843341,22.2698847],[114.1843231,22.2698724],[114.1843112,22.2698608],[114.1843003,22.2698519],[114.1842885,22.2698447],[114.1842709,22.2698375]]]}},{"type":"Feature","properties":{"kind":"stop","name":"Kennedy Town Terminus","reference":"KTT","serviceNames":["Happy Valley to Kennedy Town","Shau Kei Wan to Kennedy Town"],"osmNodeIds":[1923609213]},"geometry":{"type":"Point","coordinates":[114.1262105,22.2829676]}},{"type":"Feature","properties":{"kind":"stop","name":"North Street","reference":"01E","serviceNames":["Happy Valley to Kennedy Town","Shau Kei Wan to Kennedy Town"],"osmNodeIds":[1923609311]},"geometry":{"type":"Point","coordinates":[114.1287509,22.2833866]}},{"type":"Feature","properties":{"kind":"stop","name":"Holland Street","reference":"03E","serviceNames":["Happy Valley to Kennedy Town","Shau Kei Wan to Kennedy Town"],"osmNodeIds":[1923609366]},"geometry":{"type":"Point","coordinates":[114.1303557,22.2843975]}},{"type":"Feature","properties":{"kind":"stop","name":"Queen's Road West","reference":"05E","serviceNames":["Happy Valley to Kennedy Town","Shau Kei Wan to Kennedy Town"],"osmNodeIds":[2156469183]},"geometry":{"type":"Point","coordinates":[114.1322113,22.2864665]}},{"type":"Feature","properties":{"kind":"stop","name":"Hill Road","reference":"07E","serviceNames":["Happy Valley to Kennedy Town","Shau Kei Wan to Kennedy Town"],"osmNodeIds":[2156469181]},"geometry":{"type":"Point","coordinates":[114.1343586,22.2871088]}},{"type":"Feature","properties":{"kind":"stop","name":"Whitty Street","reference":"09E","serviceNames":["Causeway Bay to Whitty Street","Happy Valley to Kennedy Town","North Point to Whitty Street","Shau Kei Wan to Kennedy Town"],"osmNodeIds":[2494747896]},"geometry":{"type":"Point","coordinates":[114.1364386,22.2867962]}},{"type":"Feature","properties":{"kind":"stop","name":"Water Street","reference":"11E","serviceNames":["Causeway Bay to Whitty Street","Happy Valley to Kennedy Town","North Point to Whitty Street","Shau Kei Wan to Kennedy Town"],"osmNodeIds":[2494957355]},"geometry":{"type":"Point","coordinates":[114.1386509,22.2874114]}},{"type":"Feature","properties":{"kind":"stop","name":"Western Street","reference":"13E","serviceNames":["Causeway Bay to Whitty Street","Happy Valley to Kennedy Town","North Point to Whitty Street","Shau Kei Wan to Kennedy Town"],"osmNodeIds":[2494747888]},"geometry":{"type":"Point","coordinates":[114.1404374,22.2878891]}},{"type":"Feature","properties":{"kind":"stop","name":"Eastern Street","reference":"15E","serviceNames":["Causeway Bay to Whitty Street","Happy Valley to Kennedy Town","North Point to Whitty Street","Shau Kei Wan to Kennedy Town"],"osmNodeIds":[2494957347]},"geometry":{"type":"Point","coordinates":[114.1435081,22.2878958]}},{"type":"Feature","properties":{"kind":"stop","name":"Queen Street","reference":"17E","serviceNames":["Causeway Bay to Whitty Street","Happy Valley to Kennedy Town","North Point to Whitty Street","Shau Kei Wan to Kennedy Town"],"osmNodeIds":[2494957359]},"geometry":{"type":"Point","coordinates":[114.1468969,22.2876897]}},{"type":"Feature","properties":{"kind":"stop","name":"Macau Ferry Terminal","reference":"19E","serviceNames":["Causeway Bay to Whitty Street","Happy Valley to Kennedy Town","North Point to Whitty Street","Shau Kei Wan to Kennedy Town"],"osmNodeIds":[24358842]},"geometry":{"type":"Point","coordinates":[114.1498675,22.2877949]}},{"type":"Feature","properties":{"kind":"stop","name":"Hillier Street","reference":"21E","serviceNames":["Causeway Bay to Whitty Street","Happy Valley to Kennedy Town","North Point to Whitty Street","Shau Kei Wan to Kennedy Town","Shau Kei Wan to Western Market"],"osmNodeIds":[2559285914]},"geometry":{"type":"Point","coordinates":[114.1518901,22.2866093]}},{"type":"Feature","properties":{"kind":"stop","name":"Gilman Street","reference":"23E","serviceNames":["Causeway Bay to Whitty Street","Happy Valley to Kennedy Town","North Point to Whitty Street","Shau Kei Wan to Kennedy Town","Shau Kei Wan to Western Market"],"osmNodeIds":[3112111427]},"geometry":{"type":"Point","coordinates":[114.1546269,22.2854763]}},{"type":"Feature","properties":{"kind":"stop","name":"Jubilee Street","reference":"25E","serviceNames":["Causeway Bay to Whitty Street","Happy Valley to Kennedy Town","North Point to Whitty Street","Shau Kei Wan to Kennedy Town","Shau Kei Wan to Western Market"],"osmNodeIds":[3112114529]},"geometry":{"type":"Point","coordinates":[114.1556398,22.2846944]}},{"type":"Feature","properties":{"kind":"stop","name":"Pedder Street","reference":"27E","serviceNames":["Causeway Bay to Whitty Street","Happy Valley to Kennedy Town","North Point to Whitty Street","Shau Kei Wan to Kennedy Town","Shau Kei Wan to Western Market"],"osmNodeIds":[3112114534]},"geometry":{"type":"Point","coordinates":[114.1576056,22.2822258]}},{"type":"Feature","properties":{"kind":"stop","name":"Ice House Street","reference":"29E","serviceNames":["Causeway Bay to Whitty Street","Happy Valley to Kennedy Town","North Point to Whitty Street","Shau Kei Wan to Kennedy Town","Shau Kei Wan to Western Market"],"osmNodeIds":[3112111428]},"geometry":{"type":"Point","coordinates":[114.1585684,22.2810609]}},{"type":"Feature","properties":{"kind":"stop","name":"Tram stop","reference":null,"serviceNames":["Causeway Bay to Whitty Street","Happy Valley to Kennedy Town","North Point to Whitty Street","Shau Kei Wan to Kennedy Town","Shau Kei Wan to Western Market"],"osmNodeIds":[6233384589]},"geometry":{"type":"Point","coordinates":[114.1601856,22.2804176]}},{"type":"Feature","properties":{"kind":"stop","name":"Murray Road","reference":"33E","serviceNames":["Causeway Bay to Whitty Street","Happy Valley to Kennedy Town","North Point to Whitty Street","Shau Kei Wan to Kennedy Town","Shau Kei Wan to Western Market"],"osmNodeIds":[2496629601]},"geometry":{"type":"Point","coordinates":[114.1617302,22.2797752]}},{"type":"Feature","properties":{"kind":"stop","name":"Admiralty MTR Station","reference":"35E","serviceNames":["Causeway Bay to Whitty Street","Happy Valley to Kennedy Town","North Point to Whitty Street","Shau Kei Wan to Kennedy Town","Shau Kei Wan to Western Market"],"osmNodeIds":[2496629534]},"geometry":{"type":"Point","coordinates":[114.1643304,22.2783988]}},{"type":"Feature","properties":{"kind":"stop","name":"Arsenal Street","reference":"37E","serviceNames":["Causeway Bay to Whitty Street","Happy Valley to Kennedy Town","North Point to Whitty Street","Shau Kei Wan to Kennedy Town","Shau Kei Wan to Western Market"],"osmNodeIds":[2495743724]},"geometry":{"type":"Point","coordinates":[114.168197,22.2778394]}},{"type":"Feature","properties":{"kind":"stop","name":"Fenwick Street","reference":"39E","serviceNames":["Causeway Bay to Whitty Street","Happy Valley to Kennedy Town","North Point to Whitty Street","Shau Kei Wan to Kennedy Town","Shau Kei Wan to Western Market"],"osmNodeIds":[2498627220]},"geometry":{"type":"Point","coordinates":[114.1700535,22.2772484]}},{"type":"Feature","properties":{"kind":"stop","name":"Luard Road","reference":"41E","serviceNames":["Causeway Bay to Whitty Street","Happy Valley to Kennedy Town","North Point to Whitty Street","Shau Kei Wan to Kennedy Town","Shau Kei Wan to Western Market"],"osmNodeIds":[2498627259]},"geometry":{"type":"Point","coordinates":[114.1719788,22.2764398]}},{"type":"Feature","properties":{"kind":"stop","name":"O'Brien Road","reference":"43E","serviceNames":["Causeway Bay to Whitty Street","Happy Valley to Kennedy Town","North Point to Whitty Street","Shau Kei Wan to Kennedy Town","Shau Kei Wan to Western Market"],"osmNodeIds":[2498627270]},"geometry":{"type":"Point","coordinates":[114.1731412,22.276562]}},{"type":"Feature","properties":{"kind":"stop","name":"Fleming Road","reference":"45E","serviceNames":["Causeway Bay to Whitty Street","Happy Valley to Kennedy Town","North Point to Whitty Street","Shau Kei Wan to Kennedy Town","Shau Kei Wan to Western Market"],"osmNodeIds":[2498627238]},"geometry":{"type":"Point","coordinates":[114.1753516,22.2769883]}},{"type":"Feature","properties":{"kind":"stop","name":"Tonnochy Road","reference":"47E","serviceNames":["Causeway Bay to Whitty Street","Happy Valley to Kennedy Town","North Point to Whitty Street","Shau Kei Wan to Kennedy Town","Shau Kei Wan to Western Market"],"osmNodeIds":[2300434310]},"geometry":{"type":"Point","coordinates":[114.1778314,22.2782634]}},{"type":"Feature","properties":{"kind":"stop","name":"Canal Road West","reference":"49E","serviceNames":["Causeway Bay to Whitty Street","Happy Valley to Kennedy Town","North Point to Whitty Street","Shau Kei Wan to Happy Valley","Shau Kei Wan to Kennedy Town","Shau Kei Wan to Western Market"],"osmNodeIds":[2300434361]},"geometry":{"type":"Point","coordinates":[114.1807835,22.2792254]}},{"type":"Feature","properties":{"kind":"stop","name":"Tram stop","reference":null,"serviceNames":["Happy Valley to Kennedy Town","Shau Kei Wan to Happy Valley"],"osmNodeIds":[9710475033]},"geometry":{"type":"Point","coordinates":[114.1831976,22.278755]}},{"type":"Feature","properties":{"kind":"stop","name":"Leighton Road","reference":"106","serviceNames":["Happy Valley to Kennedy Town","Shau Kei Wan to Happy Valley"],"osmNodeIds":[2957737064]},"geometry":{"type":"Point","coordinates":[114.1823444,22.276998]}},{"type":"Feature","properties":{"kind":"stop","name":"Wong Nai Chung Road","reference":"108","serviceNames":["Happy Valley to Kennedy Town","Shau Kei Wan to Happy Valley"],"osmNodeIds":[3112114538]},"geometry":{"type":"Point","coordinates":[114.1844531,22.2722351]}},{"type":"Feature","properties":{"kind":"stop","name":"Happy Valley Terminus","reference":"HVT","serviceNames":["Happy Valley to Kennedy Town"],"osmNodeIds":[2978939692]},"geometry":{"type":"Point","coordinates":[114.1842566,22.2698949]}},{"type":"Feature","properties":{"kind":"stop","name":"Broadwood Road","reference":"107","serviceNames":["Happy Valley to Kennedy Town","Shau Kei Wan to Happy Valley"],"osmNodeIds":[5470724238]},"geometry":{"type":"Point","coordinates":[114.183666,22.2738855]}},{"type":"Feature","properties":{"kind":"stop","name":"Hong Kong Cemetery","reference":"109","serviceNames":["Happy Valley to Kennedy Town","Shau Kei Wan to Happy Valley"],"osmNodeIds":[3112111425]},"geometry":{"type":"Point","coordinates":[114.1798966,22.2723873]}},{"type":"Feature","properties":{"kind":"stop","name":"Queen's Road East","reference":"110","serviceNames":["Happy Valley to Kennedy Town","Shau Kei Wan to Happy Valley"],"osmNodeIds":[982743784]},"geometry":{"type":"Point","coordinates":[114.1794494,22.2743981]}},{"type":"Feature","properties":{"kind":"stop","name":"Morrison Hill Road","reference":"111","serviceNames":["Happy Valley to Kennedy Town","Shau Kei Wan to Happy Valley"],"osmNodeIds":[3112114532]},"geometry":{"type":"Point","coordinates":[114.1805443,22.2758504]}},{"type":"Feature","properties":{"kind":"stop","name":"Tin Lok Lane","reference":"112","serviceNames":["Happy Valley to Kennedy Town","Shau Kei Wan to Happy Valley"],"osmNodeIds":[2007744664]},"geometry":{"type":"Point","coordinates":[114.1796517,22.278505]}},{"type":"Feature","properties":{"kind":"stop","name":"Tonnochy Road","reference":"52W","serviceNames":["Causeway Bay to Whitty Street","Happy Valley to Kennedy Town","North Point to Whitty Street","Shau Kei Wan to Kennedy Town","Shau Kei Wan to Western Market"],"osmNodeIds":[3112114536]},"geometry":{"type":"Point","coordinates":[114.1773838,22.2781068]}},{"type":"Feature","properties":{"kind":"stop","name":"Burrows Street","reference":"54W","serviceNames":["Causeway Bay to Whitty Street","Happy Valley to Kennedy Town","North Point to Whitty Street","Shau Kei Wan to Kennedy Town","Shau Kei Wan to Western Market"],"osmNodeIds":[2498627211]},"geometry":{"type":"Point","coordinates":[114.1759892,22.2773347]}},{"type":"Feature","properties":{"kind":"stop","name":"O'Brien Road","reference":"56W","serviceNames":["Causeway Bay to Whitty Street","Happy Valley to Kennedy Town","North Point to Whitty Street","Shau Kei Wan to Kennedy Town","Shau Kei Wan to Western Market"],"osmNodeIds":[2498627280]},"geometry":{"type":"Point","coordinates":[114.1735092,22.2765796]}},{"type":"Feature","properties":{"kind":"stop","name":"Swatow Street","reference":"58W","serviceNames":["Causeway Bay to Whitty Street","Happy Valley to Kennedy Town","North Point to Whitty Street","Shau Kei Wan to Kennedy Town","Shau Kei Wan to Western Market"],"osmNodeIds":[2498627289]},"geometry":{"type":"Point","coordinates":[114.1720986,22.276429]}},{"type":"Feature","properties":{"kind":"stop","name":"Gresson Street","reference":"60W","serviceNames":["Causeway Bay to Whitty Street","Happy Valley to Kennedy Town","North Point to Whitty Street","Shau Kei Wan to Kennedy Town","Shau Kei Wan to Western Market"],"osmNodeIds":[2498627254]},"geometry":{"type":"Point","coordinates":[114.170194,22.2771326]}},{"type":"Feature","properties":{"kind":"stop","name":"Arsenal Street","reference":"62W","serviceNames":["Causeway Bay to Whitty Street","Happy Valley to Kennedy Town","North Point to Whitty Street","Shau Kei Wan to Kennedy Town","Shau Kei Wan to Western Market"],"osmNodeIds":[2495743723]},"geometry":{"type":"Point","coordinates":[114.1684408,22.2777947]}},{"type":"Feature","properties":{"kind":"stop","name":"Admiralty MTR Station","reference":"64W","serviceNames":["Causeway Bay to Whitty Street","Happy Valley to Kennedy Town","North Point to Whitty Street","Shau Kei Wan to Kennedy Town","Shau Kei Wan to Western Market"],"osmNodeIds":[601280766]},"geometry":{"type":"Point","coordinates":[114.164628,22.278281]}},{"type":"Feature","properties":{"kind":"stop","name":"Cotton Tree Drive","reference":"66W","serviceNames":["Causeway Bay to Whitty Street","Happy Valley to Kennedy Town","North Point to Whitty Street","Shau Kei Wan to Kennedy Town","Shau Kei Wan to Western Market"],"osmNodeIds":[2496629587]},"geometry":{"type":"Point","coordinates":[114.1631612,22.2790329]}},{"type":"Feature","properties":{"kind":"stop","name":"Bank Street","reference":"68W","serviceNames":["Causeway Bay to Whitty Street","Happy Valley to Kennedy Town","North Point to Whitty Street","Shau Kei Wan to Kennedy Town","Shau Kei Wan to Western Market"],"osmNodeIds":[2496629550]},"geometry":{"type":"Point","coordinates":[114.1598735,22.2805851]}},{"type":"Feature","properties":{"kind":"stop","name":"Pedder Street","reference":"70W","serviceNames":["Causeway Bay to Whitty Street","Happy Valley to Kennedy Town","North Point to Whitty Street","Shau Kei Wan to Kennedy Town","Shau Kei Wan to Western Market"],"osmNodeIds":[3112114533]},"geometry":{"type":"Point","coordinates":[114.158034,22.2816864]}},{"type":"Feature","properties":{"kind":"stop","name":"Pottinger Street","reference":"72W","serviceNames":["Causeway Bay to Whitty Street","Happy Valley to Kennedy Town","North Point to Whitty Street","Shau Kei Wan to Kennedy Town","Shau Kei Wan to Western Market"],"osmNodeIds":[3112114535]},"geometry":{"type":"Point","coordinates":[114.1566317,22.2834492]}},{"type":"Feature","properties":{"kind":"stop","name":"Gilman Street","reference":"74W","serviceNames":["Causeway Bay to Whitty Street","Happy Valley to Kennedy Town","North Point to Whitty Street","Shau Kei Wan to Kennedy Town","Shau Kei Wan to Western Market"],"osmNodeIds":[3112111426]},"geometry":{"type":"Point","coordinates":[114.1548514,22.2853169]}},{"type":"Feature","properties":{"kind":"stop","name":"Man Wa Lane","reference":"76W","serviceNames":["Causeway Bay to Whitty Street","Happy Valley to Kennedy Town","North Point to Whitty Street","Shau Kei Wan to Kennedy Town","Shau Kei Wan to Western Market"],"osmNodeIds":[3112114531]},"geometry":{"type":"Point","coordinates":[114.1529173,22.2863302]}},{"type":"Feature","properties":{"kind":"stop","name":"Western Market","reference":"WMT","serviceNames":["Causeway Bay to Whitty Street","Happy Valley to Kennedy Town","North Point to Whitty Street","Shau Kei Wan to Kennedy Town"],"osmNodeIds":[3112114537]},"geometry":{"type":"Point","coordinates":[114.1507667,22.2868599]}},{"type":"Feature","properties":{"kind":"stop","name":"Macau Ferry Terminal","reference":"78W","serviceNames":["Causeway Bay to Whitty Street","Happy Valley to Kennedy Town","North Point to Whitty Street","Shau Kei Wan to Kennedy Town"],"osmNodeIds":[3112114530]},"geometry":{"type":"Point","coordinates":[114.150033,22.2877248]}},{"type":"Feature","properties":{"kind":"stop","name":"Connaught Road West","reference":"80W","serviceNames":["Causeway Bay to Whitty Street","Happy Valley to Kennedy Town","North Point to Whitty Street","Shau Kei Wan to Kennedy Town"],"osmNodeIds":[420051261]},"geometry":{"type":"Point","coordinates":[114.1487641,22.2880427]}},{"type":"Feature","properties":{"kind":"stop","name":"Sutherland Street","reference":"82W","serviceNames":["Causeway Bay to Whitty Street","Happy Valley to Kennedy Town","North Point to Whitty Street","Shau Kei Wan to Kennedy Town"],"osmNodeIds":[2494957339]},"geometry":{"type":"Point","coordinates":[114.1461433,22.2877334]}},{"type":"Feature","properties":{"kind":"stop","name":"Eastern Street","reference":"84W","serviceNames":["Causeway Bay to Whitty Street","Happy Valley to Kennedy Town","North Point to Whitty Street","Shau Kei Wan to Kennedy Town"],"osmNodeIds":[7618472531]},"geometry":{"type":"Point","coordinates":[114.1440366,22.2878534]}},{"type":"Feature","properties":{"kind":"stop","name":"Western Street","reference":"86W","serviceNames":["Causeway Bay to Whitty Street","Happy Valley to Kennedy Town","North Point to Whitty Street","Shau Kei Wan to Kennedy Town"],"osmNodeIds":[2494957363]},"geometry":{"type":"Point","coordinates":[114.1410815,22.287947]}},{"type":"Feature","properties":{"kind":"stop","name":"Water Street","reference":"88W","serviceNames":["Causeway Bay to Whitty Street","Happy Valley to Kennedy Town","North Point to Whitty Street","Shau Kei Wan to Kennedy Town"],"osmNodeIds":[2494957351]},"geometry":{"type":"Point","coordinates":[114.1390632,22.2874915]}},{"type":"Feature","properties":{"kind":"stop","name":"Whitty Street","reference":"90W","serviceNames":["Causeway Bay to Whitty Street","Happy Valley to Kennedy Town","North Point to Whitty Street","Shau Kei Wan to Kennedy Town"],"osmNodeIds":[2494747895]},"geometry":{"type":"Point","coordinates":[114.1368029,22.2868794]}},{"type":"Feature","properties":{"kind":"stop","name":"Hill Road","reference":"92W","serviceNames":["Happy Valley to Kennedy Town","Shau Kei Wan to Kennedy Town"],"osmNodeIds":[2156469180]},"geometry":{"type":"Point","coordinates":[114.134356,22.287081]}},{"type":"Feature","properties":{"kind":"stop","name":"Queen's Road West","reference":"96W","serviceNames":["Happy Valley to Kennedy Town","Shau Kei Wan to Kennedy Town"],"osmNodeIds":[2156469182]},"geometry":{"type":"Point","coordinates":[114.1322375,22.2864549]}},{"type":"Feature","properties":{"kind":"stop","name":"Kennedy Town Praya","reference":"98W","serviceNames":["Happy Valley to Kennedy Town","Shau Kei Wan to Kennedy Town"],"osmNodeIds":[1923609360]},"geometry":{"type":"Point","coordinates":[114.1303747,22.2843747]}},{"type":"Feature","properties":{"kind":"stop","name":"Sands Street","reference":"100W","serviceNames":["Happy Valley to Kennedy Town","Shau Kei Wan to Kennedy Town"],"osmNodeIds":[1923609329]},"geometry":{"type":"Point","coordinates":[114.1293574,22.2835144]}},{"type":"Feature","properties":{"kind":"stop","name":"Smithfield","reference":"102W","serviceNames":["Happy Valley to Kennedy Town","Shau Kei Wan to Kennedy Town"],"osmNodeIds":[1923609298]},"geometry":{"type":"Point","coordinates":[114.1277626,22.2831951]}},{"type":"Feature","properties":{"kind":"stop","name":"Davis Street","reference":"104W","serviceNames":["Happy Valley to Kennedy Town","Shau Kei Wan to Kennedy Town"],"osmNodeIds":[1923609288]},"geometry":{"type":"Point","coordinates":[114.1269427,22.2830536]}},{"type":"Feature","properties":{"kind":"stop","name":"Causeway Bay Terminus","reference":"CBT","serviceNames":["Causeway Bay to Whitty Street"],"osmNodeIds":[293572259]},"geometry":{"type":"Point","coordinates":[114.1870578,22.2792612]}},{"type":"Feature","properties":{"kind":"stop","name":"Pennington Street","reference":"46W","serviceNames":["Causeway Bay to Whitty Street","North Point to Whitty Street","Shau Kei Wan to Happy Valley","Shau Kei Wan to Kennedy Town","Shau Kei Wan to Western Market"],"osmNodeIds":[1898508075]},"geometry":{"type":"Point","coordinates":[114.1865618,22.2795252]}},{"type":"Feature","properties":{"kind":"stop","name":"Paterson Street","reference":"48W","serviceNames":["Causeway Bay to Whitty Street","North Point to Whitty Street","Shau Kei Wan to Happy Valley","Shau Kei Wan to Kennedy Town","Shau Kei Wan to Western Market"],"osmNodeIds":[2300434263]},"geometry":{"type":"Point","coordinates":[114.1856238,22.2798278]}},{"type":"Feature","properties":{"kind":"stop","name":"Canal Road West","reference":"50W","serviceNames":["Causeway Bay to Whitty Street","North Point to Whitty Street","Shau Kei Wan to Kennedy Town","Shau Kei Wan to Western Market"],"osmNodeIds":[2300434366]},"geometry":{"type":"Point","coordinates":[114.1813086,22.2793972]}},{"type":"Feature","properties":{"kind":"stop","name":"Shek Tong Tsui Terminus","reference":"WST","serviceNames":["Causeway Bay to Whitty Street","North Point to Whitty Street"],"osmNodeIds":[293661658]},"geometry":{"type":"Point","coordinates":[114.1350468,22.2871203]}},{"type":"Feature","properties":{"kind":"stop","name":"Percival Street","reference":"51E","serviceNames":["Causeway Bay to Whitty Street","North Point to Whitty Street","Shau Kei Wan to Happy Valley","Shau Kei Wan to Kennedy Town","Shau Kei Wan to Western Market"],"osmNodeIds":[2300360770]},"geometry":{"type":"Point","coordinates":[114.1829275,22.2800234]}},{"type":"Feature","properties":{"kind":"stop","name":"Paterson Street","reference":"53E","serviceNames":["Causeway Bay to Whitty Street","North Point to Whitty Street","Shau Kei Wan to Happy Valley","Shau Kei Wan to Kennedy Town","Shau Kei Wan to Western Market"],"osmNodeIds":[2300434248]},"geometry":{"type":"Point","coordinates":[114.1861371,22.2796898]}},{"type":"Feature","properties":{"kind":"stop","name":"Shelter Street","reference":"55E","serviceNames":["North Point to Whitty Street","Shau Kei Wan to Happy Valley","Shau Kei Wan to Kennedy Town","Shau Kei Wan to Western Market"],"osmNodeIds":[1623825560]},"geometry":{"type":"Point","coordinates":[114.1879382,22.2796138]}},{"type":"Feature","properties":{"kind":"stop","name":"Victoria Park","reference":"57E","serviceNames":["North Point to Whitty Street","Shau Kei Wan to Happy Valley","Shau Kei Wan to Kennedy Town","Shau Kei Wan to Western Market"],"osmNodeIds":[1623825582]},"geometry":{"type":"Point","coordinates":[114.1892456,22.2804816]}},{"type":"Feature","properties":{"kind":"stop","name":"Hing Fat Street","reference":"59E","serviceNames":["North Point to Whitty Street","Shau Kei Wan to Happy Valley","Shau Kei Wan to Kennedy Town","Shau Kei Wan to Western Market"],"osmNodeIds":[1898507940]},"geometry":{"type":"Point","coordinates":[114.1911081,22.2817408]}},{"type":"Feature","properties":{"kind":"stop","name":"Wing Hing Street","reference":"61E","serviceNames":["North Point to Whitty Street","Shau Kei Wan to Happy Valley","Shau Kei Wan to Kennedy Town","Shau Kei Wan to Western Market"],"osmNodeIds":[1898291240]},"geometry":{"type":"Point","coordinates":[114.1928383,22.2850051]}},{"type":"Feature","properties":{"kind":"stop","name":"Jupiter Street","reference":"63E","serviceNames":["North Point to Whitty Street","Shau Kei Wan to Happy Valley","Shau Kei Wan to Kennedy Town","Shau Kei Wan to Western Market"],"osmNodeIds":[2099848103]},"geometry":{"type":"Point","coordinates":[114.1928947,22.2864134]}},{"type":"Feature","properties":{"kind":"stop","name":"Fortress Hill","reference":"65E","serviceNames":["North Point to Whitty Street","Shau Kei Wan to Happy Valley","Shau Kei Wan to Kennedy Town","Shau Kei Wan to Western Market"],"osmNodeIds":[2099848102]},"geometry":{"type":"Point","coordinates":[114.1942595,22.2891424]}},{"type":"Feature","properties":{"kind":"stop","name":"North Point Road","reference":"69E","serviceNames":["Shau Kei Wan to Happy Valley","Shau Kei Wan to Kennedy Town","Shau Kei Wan to Western Market"],"osmNodeIds":[3112418730]},"geometry":{"type":"Point","coordinates":[114.1971209,22.2905516]}},{"type":"Feature","properties":{"kind":"stop","name":"Shu Kuk Street","reference":"71E","serviceNames":["Shau Kei Wan to Happy Valley","Shau Kei Wan to Kennedy Town","Shau Kei Wan to Western Market"],"osmNodeIds":[3112418732]},"geometry":{"type":"Point","coordinates":[114.2008106,22.291311]}},{"type":"Feature","properties":{"kind":"stop","name":"Tin Chiu Street","reference":"73E","serviceNames":["Shau Kei Wan to Happy Valley","Shau Kei Wan to Kennedy Town","Shau Kei Wan to Western Market"],"osmNodeIds":[3112418734]},"geometry":{"type":"Point","coordinates":[114.2035297,22.2918675]}},{"type":"Feature","properties":{"kind":"stop","name":"Healthy Street West","reference":"75E","serviceNames":["Shau Kei Wan to Happy Valley","Shau Kei Wan to Kennedy Town","Shau Kei Wan to Western Market"],"osmNodeIds":[3005197215]},"geometry":{"type":"Point","coordinates":[114.2052014,22.2921101]}},{"type":"Feature","properties":{"kind":"stop","name":"Healthy Street East","reference":"77E","serviceNames":["Shau Kei Wan to Happy Valley","Shau Kei Wan to Kennedy Town","Shau Kei Wan to Western Market"],"osmNodeIds":[3005197214]},"geometry":{"type":"Point","coordinates":[114.2075229,22.2917386]}},{"type":"Feature","properties":{"kind":"stop","name":"Java Road","reference":"79E","serviceNames":["Shau Kei Wan to Happy Valley","Shau Kei Wan to Kennedy Town","Shau Kei Wan to Western Market"],"osmNodeIds":[2941505392]},"geometry":{"type":"Point","coordinates":[114.2090957,22.2907928]}},{"type":"Feature","properties":{"kind":"stop","name":"Finnie Street","reference":"81E","serviceNames":["Shau Kei Wan to Happy Valley","Shau Kei Wan to Kennedy Town","Shau Kei Wan to Western Market"],"osmNodeIds":[3005197213]},"geometry":{"type":"Point","coordinates":[114.2098593,22.288612]}},{"type":"Feature","properties":{"kind":"stop","name":"Mount Parker Road","reference":"83E","serviceNames":["Shau Kei Wan to Happy Valley","Shau Kei Wan to Kennedy Town","Shau Kei Wan to Western Market"],"osmNodeIds":[2941505370]},"geometry":{"type":"Point","coordinates":[114.2111993,22.2856]}},{"type":"Feature","properties":{"kind":"stop","name":"Shipyard Lane","reference":"85E","serviceNames":["Shau Kei Wan to Happy Valley","Shau Kei Wan to Kennedy Town","Shau Kei Wan to Western Market"],"osmNodeIds":[3005197216]},"geometry":{"type":"Point","coordinates":[114.2138397,22.2846833]}},{"type":"Feature","properties":{"kind":"stop","name":"Kornhill","reference":"87E","serviceNames":["Shau Kei Wan to Happy Valley","Shau Kei Wan to Kennedy Town","Shau Kei Wan to Western Market"],"osmNodeIds":[2941505318]},"geometry":{"type":"Point","coordinates":[114.2160725,22.2846465]}},{"type":"Feature","properties":{"kind":"stop","name":"Tai Koo Shing Road","reference":"89E","serviceNames":["Shau Kei Wan to Happy Valley","Shau Kei Wan to Kennedy Town","Shau Kei Wan to Western Market"],"osmNodeIds":[3005247199]},"geometry":{"type":"Point","coordinates":[114.2203849,22.2840727]}},{"type":"Feature","properties":{"kind":"stop","name":"Tai Hong Street","reference":"91E","serviceNames":["Shau Kei Wan to Happy Valley","Shau Kei Wan to Kennedy Town","Shau Kei Wan to Western Market"],"osmNodeIds":[3005247197]},"geometry":{"type":"Point","coordinates":[114.2211066,22.2831496]}},{"type":"Feature","properties":{"kind":"stop","name":"Tai On Street","reference":"93E","serviceNames":["Shau Kei Wan to Happy Valley","Shau Kei Wan to Kennedy Town","Shau Kei Wan to Western Market"],"osmNodeIds":[3005247201]},"geometry":{"type":"Point","coordinates":[114.2217399,22.2823366]}},{"type":"Feature","properties":{"kind":"stop","name":"Hoi Foo Street","reference":"95E","serviceNames":["Shau Kei Wan to Happy Valley","Shau Kei Wan to Kennedy Town","Shau Kei Wan to Western Market"],"osmNodeIds":[3005247191]},"geometry":{"type":"Point","coordinates":[114.2244223,22.2804269]}},{"type":"Feature","properties":{"kind":"stop","name":"Nam Hong Street","reference":"99E","serviceNames":["Shau Kei Wan to Happy Valley","Shau Kei Wan to Kennedy Town","Shau Kei Wan to Western Market"],"osmNodeIds":[3005247194]},"geometry":{"type":"Point","coordinates":[114.2263375,22.2787375]}},{"type":"Feature","properties":{"kind":"stop","name":"Chai Wan Road","reference":"101E","serviceNames":["Shau Kei Wan to Happy Valley","Shau Kei Wan to Kennedy Town","Shau Kei Wan to Western Market"],"osmNodeIds":[3005247188]},"geometry":{"type":"Point","coordinates":[114.2291201,22.276758]}},{"type":"Feature","properties":{"kind":"stop","name":"Shau Kei Wan Terminus","reference":"SKT","serviceNames":["Shau Kei Wan to Happy Valley","Shau Kei Wan to Kennedy Town","Shau Kei Wan to Western Market"],"osmNodeIds":[984409308]},"geometry":{"type":"Point","coordinates":[114.2301671,22.2778906]}},{"type":"Feature","properties":{"kind":"stop","name":"Chai Wan Road","reference":"02W","serviceNames":["Shau Kei Wan to Happy Valley","Shau Kei Wan to Kennedy Town","Shau Kei Wan to Western Market"],"osmNodeIds":[3005247187]},"geometry":{"type":"Point","coordinates":[114.2289547,22.2767644]}},{"type":"Feature","properties":{"kind":"stop","name":"Sun Sing Street","reference":"04W","serviceNames":["Shau Kei Wan to Happy Valley","Shau Kei Wan to Kennedy Town","Shau Kei Wan to Western Market"],"osmNodeIds":[3005247196]},"geometry":{"type":"Point","coordinates":[114.2258382,22.2795184]}},{"type":"Feature","properties":{"kind":"stop","name":"Hoi Foo Street","reference":"06W","serviceNames":["Shau Kei Wan to Happy Valley","Shau Kei Wan to Kennedy Town","Shau Kei Wan to Western Market"],"osmNodeIds":[2978559566]},"geometry":{"type":"Point","coordinates":[114.2244168,22.2804046]}},{"type":"Feature","properties":{"kind":"stop","name":"Holy Cross Path","reference":"08W","serviceNames":["Shau Kei Wan to Happy Valley","Shau Kei Wan to Kennedy Town","Shau Kei Wan to Western Market"],"osmNodeIds":[3005247192]},"geometry":{"type":"Point","coordinates":[114.2226481,22.281222]}},{"type":"Feature","properties":{"kind":"stop","name":"Tai Hong Street","reference":"10W","serviceNames":["Shau Kei Wan to Happy Valley","Shau Kei Wan to Kennedy Town","Shau Kei Wan to Western Market"],"osmNodeIds":[3005247198]},"geometry":{"type":"Point","coordinates":[114.2210583,22.2831726]}},{"type":"Feature","properties":{"kind":"stop","name":"Tai Koo Shing Road","reference":"12W","serviceNames":["Shau Kei Wan to Happy Valley","Shau Kei Wan to Kennedy Town","Shau Kei Wan to Western Market"],"osmNodeIds":[3005247200]},"geometry":{"type":"Point","coordinates":[114.2203484,22.2840807]}},{"type":"Feature","properties":{"kind":"stop","name":"Kornhill","reference":"14W","serviceNames":["Shau Kei Wan to Happy Valley","Shau Kei Wan to Kennedy Town","Shau Kei Wan to Western Market"],"osmNodeIds":[3005247193]},"geometry":{"type":"Point","coordinates":[114.216095,22.2846258]}},{"type":"Feature","properties":{"kind":"stop","name":"Shipyard Lane","reference":"16W","serviceNames":["Shau Kei Wan to Happy Valley","Shau Kei Wan to Kennedy Town","Shau Kei Wan to Western Market"],"osmNodeIds":[3005247195]},"geometry":{"type":"Point","coordinates":[114.2138435,22.284661]}},{"type":"Feature","properties":{"kind":"stop","name":"Mount Parker Road","reference":"18W","serviceNames":["Shau Kei Wan to Happy Valley","Shau Kei Wan to Kennedy Town","Shau Kei Wan to Western Market"],"osmNodeIds":[3112415528]},"geometry":{"type":"Point","coordinates":[114.2121917,22.2847917]}},{"type":"Feature","properties":{"kind":"stop","name":"Finnie Street","reference":"20W","serviceNames":["Shau Kei Wan to Happy Valley","Shau Kei Wan to Kennedy Town","Shau Kei Wan to Western Market"],"osmNodeIds":[3005247189]},"geometry":{"type":"Point","coordinates":[114.2098354,22.2886064]}},{"type":"Feature","properties":{"kind":"stop","name":"Java Road","reference":"22W","serviceNames":["Shau Kei Wan to Happy Valley","Shau Kei Wan to Kennedy Town","Shau Kei Wan to Western Market"],"osmNodeIds":[2941505389]},"geometry":{"type":"Point","coordinates":[114.2090979,22.2907378]}},{"type":"Feature","properties":{"kind":"stop","name":"Healthy Street East","reference":"24W","serviceNames":["Shau Kei Wan to Happy Valley","Shau Kei Wan to Kennedy Town","Shau Kei Wan to Western Market"],"osmNodeIds":[3005247190]},"geometry":{"type":"Point","coordinates":[114.207516,22.2917159]}},{"type":"Feature","properties":{"kind":"stop","name":"Healthy Street West","reference":"26W","serviceNames":["Shau Kei Wan to Happy Valley","Shau Kei Wan to Kennedy Town","Shau Kei Wan to Western Market"],"osmNodeIds":[2941505617]},"geometry":{"type":"Point","coordinates":[114.2051537,22.292086]}},{"type":"Feature","properties":{"kind":"stop","name":"Tin Chiu Street","reference":"28W","serviceNames":["Shau Kei Wan to Happy Valley","Shau Kei Wan to Kennedy Town","Shau Kei Wan to Western Market"],"osmNodeIds":[3112418733]},"geometry":{"type":"Point","coordinates":[114.2035352,22.2918434]}},{"type":"Feature","properties":{"kind":"stop","name":"Shu Kuk Street","reference":"30W","serviceNames":["Shau Kei Wan to Happy Valley","Shau Kei Wan to Kennedy Town","Shau Kei Wan to Western Market"],"osmNodeIds":[3112418731]},"geometry":{"type":"Point","coordinates":[114.200488,22.2912187]}},{"type":"Feature","properties":{"kind":"stop","name":"North Point Road","reference":"32W","serviceNames":["North Point to Whitty Street","Shau Kei Wan to Happy Valley","Shau Kei Wan to Kennedy Town","Shau Kei Wan to Western Market"],"osmNodeIds":[3112418729]},"geometry":{"type":"Point","coordinates":[114.1971272,22.2905268]}},{"type":"Feature","properties":{"kind":"stop","name":"Fortress Hill","reference":"34W","serviceNames":["North Point to Whitty Street","Shau Kei Wan to Happy Valley","Shau Kei Wan to Kennedy Town","Shau Kei Wan to Western Market"],"osmNodeIds":[2099848101]},"geometry":{"type":"Point","coordinates":[114.1942731,22.2891216]}},{"type":"Feature","properties":{"kind":"stop","name":"Jupiter Street","reference":"36W","serviceNames":["North Point to Whitty Street","Shau Kei Wan to Happy Valley","Shau Kei Wan to Kennedy Town","Shau Kei Wan to Western Market"],"osmNodeIds":[2099848104]},"geometry":{"type":"Point","coordinates":[114.1929092,22.2866044]}},{"type":"Feature","properties":{"kind":"stop","name":"Lau Li Street","reference":"38W","serviceNames":["North Point to Whitty Street","Shau Kei Wan to Happy Valley","Shau Kei Wan to Kennedy Town","Shau Kei Wan to Western Market"],"osmNodeIds":[1898291227]},"geometry":{"type":"Point","coordinates":[114.19275,22.2845042]}},{"type":"Feature","properties":{"kind":"stop","name":"Lau Sin Street","reference":"40W","serviceNames":["North Point to Whitty Street","Shau Kei Wan to Happy Valley","Shau Kei Wan to Kennedy Town","Shau Kei Wan to Western Market"],"osmNodeIds":[1898507944]},"geometry":{"type":"Point","coordinates":[114.1922152,22.282755]}},{"type":"Feature","properties":{"kind":"stop","name":"Victoria Park","reference":"42W","serviceNames":["North Point to Whitty Street","Shau Kei Wan to Happy Valley","Shau Kei Wan to Kennedy Town","Shau Kei Wan to Western Market"],"osmNodeIds":[1898507959]},"geometry":{"type":"Point","coordinates":[114.1896072,22.2806934]}},{"type":"Feature","properties":{"kind":"stop","name":"Shelter Street","reference":"44W","serviceNames":["North Point to Whitty Street","Shau Kei Wan to Happy Valley","Shau Kei Wan to Kennedy Town","Shau Kei Wan to Western Market"],"osmNodeIds":[1898507951]},"geometry":{"type":"Point","coordinates":[114.1880986,22.2796819]}},{"type":"Feature","properties":{"kind":"stop","name":"Western Market Terminus","reference":null,"serviceNames":["Shau Kei Wan to Western Market"],"osmNodeIds":[24358851]},"geometry":{"type":"Point","coordinates":[114.1507754,22.2868906]}},{"type":"Feature","properties":{"kind":"stop","name":"North Point Terminus","reference":"NPT","serviceNames":["North Point to Whitty Street"],"osmNodeIds":[296293116]},"geometry":{"type":"Point","coordinates":[114.1987723,22.2910685]}},{"type":"Feature","properties":{"kind":"stop","name":"Chun Yeung Street","reference":"67E","serviceNames":["North Point to Whitty Street"],"osmNodeIds":[3112415527]},"geometry":{"type":"Point","coordinates":[114.1967889,22.2911014]}},{"type":"Feature","properties":{"kind":"stop","name":"Happy Valley Terminus","reference":"HVT","serviceNames":["Shau Kei Wan to Happy Valley"],"osmNodeIds":[292205443]},"geometry":{"type":"Point","coordinates":[114.1842709,22.2698375]}}]}
