{"type":"FeatureCollection","name":"MTR Light Rail routes and stops","license":"ODbL-1.0","attribution":"© OpenStreetMap contributors","source":"https://www.openstreetmap.org/copyright","extractedAt":"2026-10-07T06:17:50Z","extractionQuery":"[out:json][timeout:90];relation[route=light_rail][ref][network~\"Light Rail\"](22.30,113.85,22.55,114.05)->.routes;(.routes;way(r.routes);node(r.routes););out body geom;","features":[{"type":"Feature","properties":{"kind":"route","routeCode":"751","name":"MTR Light Rail 751","serviceNames":["Light Rail 751 (Tin Yat â Yau Oi)","Light Rail 751 (Yau Oi â Tin Yat)"],"osmRelationIds":[2926506,6485218],"osmWayCount":159},"geometry":{"type":"MultiLineString","coordinates":[[[113.9994445,22.4669036],[113.9992344,22.4665694],[113.9992513,22.4665604],[113.9992681,22.4665514],[113.9994782,22.4668855],[113.9994445,22.4669036]],[[113.997643,22.4643651],[113.9977583,22.4647387],[113.997777,22.4647337],[113.9977957,22.4647288],[113.9976804,22.4643553],[113.9976617,22.4643602],[113.997643,22.4643651]],[[113.9969363,22.4618287],[113.9969536,22.4618205],[113.9969709,22.4618124],[113.9971435,22.4621378],[113.997126,22.4621457],[113.9971086,22.4621536],[113.9969363,22.4618287]],[[113.9993297,22.4596379],[113.9996752,22.4598056],[113.9996807,22.4597959],[113.9996934,22.4597732],[113.9993471,22.4596069],[113.9993351,22.4596284],[113.9993297,22.4596379]],[[114.0027821,22.459728],[114.0029458,22.4594439],[114.0029324,22.4594373],[114.0029079,22.4594252],[114.0027441,22.4597093],[114.0027684,22.4597212],[114.0027821,22.459728]],[[114.0048582,22.4577175],[114.0051565,22.4574856],[114.0051346,22.4574618],[114.0048363,22.4576936],[114.004847,22.4577056],[114.0048582,22.4577175]],[[114.0058211,22.4550898],[114.0057038,22.4547396],[114.0056866,22.4547446],[114.0056692,22.4547495],[114.0057865,22.4550997],[114.0058038,22.4550947],[114.0058211,22.4550898]],[[114.0061963,22.4526227],[114.0061854,22.4526176],[114.0061715,22.452611],[114.0060021,22.4529195],[114.0060158,22.4529259],[114.0060269,22.4529311],[114.0061963,22.4526227]],[[114.0063272,22.4496077],[114.0063845,22.4495589],[114.0059561,22.4491263],[114.0059399,22.4491391],[114.0059262,22.4491511],[114.0058356,22.4490607],[114.0058199,22.4490743],[114.005804,22.4490883],[114.0063272,22.4496077]],[[114.00552,22.4453041],[114.0055487,22.4453182],[114.0055577,22.4453226],[114.005739,22.4450027],[114.0057289,22.4449977],[114.0057037,22.4449854],[114.00552,22.4453041]],[[113.9976296,22.4337257],[113.9976417,22.4337112],[113.9976538,22.4336967],[113.997365,22.4334906],[113.9973518,22.4335064],[113.9973408,22.4335196],[113.9976296,22.4337257]],[[113.9923735,22.4297841],[113.9923853,22.4297725],[113.9923951,22.4297628],[113.9921129,22.4295263],[113.9920914,22.4295476],[113.9923735,22.4297841]],[[113.9869738,22.4241537],[113.9867143,22.4238855],[113.9867064,22.423892],[113.9866972,22.4238996],[113.9869567,22.4241679],[113.9869641,22.4241617],[113.9869738,22.4241537]],[[113.9819082,22.4186793],[113.9821075,22.4189714],[113.9821273,22.4189598],[113.9820601,22.4188612],[113.9819281,22.4186677],[113.9819185,22.4186733],[113.9819082,22.4186793]],[[113.9784141,22.4115812],[113.9783874,22.4116227],[113.9784093,22.4116972],[113.9783951,22.4117007],[113.9783788,22.4117057],[113.9785509,22.4122509],[113.9785667,22.4122458],[113.9785806,22.4122435],[113.9785489,22.4121406],[113.9785808,22.4121317],[113.9785453,22.4120145],[113.9784982,22.4118589],[113.9784141,22.4115812]],[[113.9771909,22.4079572],[113.9772263,22.407948],[113.9771218,22.4076021],[113.9771015,22.4076073],[113.9770863,22.4076113],[113.9771909,22.4079572]],[[113.9759307,22.4036797],[113.9759595,22.4036725],[113.9758566,22.4033222],[113.9758279,22.4033294],[113.9759307,22.4036797]],[[113.9747029,22.4004708],[113.9747258,22.4004551],[113.9744944,22.4001661],[113.9744867,22.4001713],[113.9744715,22.4001817],[113.9747029,22.4004708]],[[113.9732012,22.3975885],[113.9731051,22.3972415],[113.973096,22.3972437],[113.973079,22.3972477],[113.9731751,22.3975946],[113.9732012,22.3975885]],[[113.9727441,22.3940565],[113.9727621,22.3941184],[113.9728177,22.3941052],[113.9730261,22.3940595],[113.9730851,22.394045],[113.9730741,22.3940039],[113.973123,22.3939932],[113.9731347,22.3940346],[113.9732098,22.3940182],[113.973197,22.3939681],[113.9733171,22.3939426],[113.9733296,22.3939912],[113.9734979,22.3939554],[113.9734875,22.3939127],[113.9735607,22.3938972],[113.9735321,22.3937812],[113.9726507,22.3939763],[113.9726773,22.3940707],[113.9727441,22.3940565]],[[113.9750902,22.3915187],[113.9751051,22.3915184],[113.9751315,22.3915181],[113.9751388,22.3915179],[113.9751351,22.3913293],[113.9751251,22.3913303],[113.975108,22.3913297],[113.9751056,22.3912077],[113.9750934,22.3912079],[113.9750841,22.3912081],[113.9750902,22.3915187]],[[113.9733994,22.3867514],[113.9737758,22.3867467],[113.9737753,22.3867154],[113.973399,22.3867201],[113.9733994,22.3867514]],[[113.9993185,22.4667478],[113.9992134,22.4665807],[113.9991331,22.466453],[113.9991173,22.4664282],[113.999115,22.4664246],[113.9990936,22.466398],[113.9990694,22.4663737],[113.9990426,22.4663519],[113.9989109,22.4662624]],[[113.9989109,22.4662624],[113.9988722,22.4662379],[113.9988314,22.4662174],[113.9987873,22.4662039],[113.9987485,22.466199],[113.9987413,22.4661981],[113.9986949,22.4662],[113.9986496,22.4662095]],[[113.9986496,22.4662095],[113.9986056,22.4662204],[113.9985604,22.4662248],[113.9985149,22.4662225],[113.9984704,22.4662137],[113.998428,22.4661986],[113.9983835,22.4661742],[113.9983444,22.4661428],[113.998312,22.4661126]],[[113.998312,22.4661126],[113.9983057,22.4660999],[113.9982543,22.4660053],[113.9981483,22.4657836],[113.9980427,22.4655483],[113.9979436,22.4653105],[113.9978509,22.4650701],[113.9977479,22.4647704],[113.9977396,22.4647436],[113.9976819,22.4645568],[113.9976243,22.4643701],[113.9975849,22.4642425],[113.9975084,22.4639605],[113.9974015,22.4634612]],[[113.9974015,22.4634612],[113.9972533,22.4625389],[113.9972492,22.4625213],[113.9972412,22.462487],[113.9972245,22.4624331],[113.997204,22.4623804],[113.9971803,22.4623299],[113.9970911,22.4621615],[113.9970051,22.4619992],[113.996919,22.4618369],[113.9968673,22.4617381],[113.9968493,22.4616866],[113.9968366,22.4616351],[113.996829,22.4615828],[113.9968263,22.4615288],[113.9968291,22.4613828],[113.9968294,22.4613649],[113.9968348,22.4610244],[113.9968391,22.4608969]],[[113.9968391,22.4608969],[113.9968432,22.46083],[113.9968495,22.4607657],[113.9968618,22.4606744],[113.9968825,22.4605684],[113.996911,22.4604573],[113.9969406,22.460364],[113.9969716,22.4602826],[113.9970128,22.4601883],[113.9970456,22.4601226],[113.9970534,22.460107],[113.9970796,22.4600579],[113.9972018,22.4598346],[113.9973038,22.4596608],[113.9974867,22.4593314]],[[113.9974867,22.4593314],[113.9975305,22.4592597],[113.9976009,22.4591343],[113.9976238,22.4590936]],[[113.9976238,22.4590936],[113.9976392,22.4590722],[113.997658,22.4590498],[113.9976761,22.4590318],[113.9976999,22.4590109],[113.9977228,22.4589942],[113.9977485,22.4589791],[113.9977759,22.4589663],[113.9978064,22.4589554],[113.9978378,22.4589474],[113.9978641,22.4589435],[113.9978897,22.4589412],[113.9979121,22.4589412],[113.9979454,22.4589435],[113.9979742,22.4589472],[113.9979859,22.4589473],[113.9980161,22.4589545],[113.99804,22.4589626],[113.9980677,22.4589719],[113.998092,22.4589818],[113.9981199,22.4589947]],[[113.9981199,22.4589947],[113.9982868,22.4590759],[113.9993177,22.4595777],[113.9995715,22.4597012],[113.9998225,22.4598228],[114.0011493,22.4604657],[114.0013203,22.4605489],[114.0017519,22.460758]],[[114.0017519,22.460758],[114.0018324,22.4607972],[114.0018571,22.4608078],[114.0018742,22.4608138],[114.0018923,22.4608184],[114.0019118,22.4608217],[114.001935,22.4608243],[114.0019656,22.4608232],[114.0019973,22.4608189],[114.0020258,22.4608114],[114.0020583,22.4607992],[114.002083,22.4607871],[114.0020948,22.460779],[114.0021109,22.460768],[114.0021313,22.460751],[114.0021485,22.4607319],[114.0021642,22.4607112],[114.0021789,22.4606876],[114.0022213,22.4606115]],[[114.0022213,22.4606115],[114.0023118,22.4604472],[114.0023374,22.4604016],[114.0026536,22.4598391],[114.0028292,22.4595274],[114.0029597,22.4593004]],[[114.0029597,22.4593004],[114.0029836,22.459256],[114.0030188,22.4591966],[114.0030766,22.459112],[114.0031423,22.4590242],[114.0031849,22.458976],[114.0032321,22.4589278],[114.0032734,22.4588949],[114.0040419,22.4582861],[114.0046666,22.4577908],[114.0049707,22.4575666],[114.0054568,22.4571902],[114.0055263,22.4571333],[114.0055989,22.4570695],[114.005662,22.4570091],[114.0057259,22.4569406],[114.0057881,22.4568652],[114.0058417,22.456788],[114.005888,22.4567096],[114.0059194,22.4566476],[114.0059505,22.4565769],[114.0059725,22.4565189],[114.0059903,22.4564633],[114.0060124,22.4563864],[114.0060245,22.45634],[114.0060367,22.4562627],[114.0060502,22.456105],[114.0060471,22.455997],[114.0060218,22.4558372],[114.005965,22.4556432],[114.0058194,22.4552423],[114.0057105,22.454932],[114.0056355,22.4546941],[114.0055349,22.4543892],[114.005495,22.4542318],[114.0054836,22.4541518],[114.0054776,22.4540663],[114.0054849,22.4539385],[114.0055061,22.453838],[114.0055166,22.4537936],[114.0055276,22.4537621],[114.0055437,22.4537187],[114.0056369,22.4535402],[114.0059613,22.4529531],[114.0060687,22.4527625],[114.0062462,22.4524476],[114.0063103,22.452338],[114.0067001,22.4516606]],[[114.0067001,22.4516606],[114.0070953,22.4509566],[114.0071258,22.4508934],[114.0071453,22.4508472],[114.0071569,22.4508112],[114.0071649,22.4507767],[114.0071701,22.4507381],[114.0071723,22.4506974],[114.0071694,22.4506488],[114.007161,22.4506008],[114.0071497,22.4505633],[114.007132,22.4505212],[114.0071083,22.4504772],[114.0070813,22.4504372],[114.0070464,22.4503934],[114.0069985,22.45034],[114.0068467,22.4501835]],[[114.0068467,22.4501835],[114.0063038,22.4496297],[114.006138,22.4494635]],[[114.006138,22.4494635],[114.0060439,22.4493741]],[[114.0060439,22.4493741],[114.0057414,22.4490823],[114.0056839,22.4490166],[114.0056576,22.4489717],[114.0056346,22.4489195],[114.0056175,22.4488411]],[[114.0056175,22.4488411],[114.0056139,22.4488169],[114.0055916,22.4487034],[114.0055679,22.4486214],[114.0055529,22.4485907],[114.0055311,22.4485642],[114.0055066,22.4485383],[114.00547,22.4485101],[114.0054313,22.4484898],[114.0053867,22.4484702]],[[114.0053867,22.4484702],[114.0052073,22.4483977]],[[114.0052073,22.4483977],[114.0050502,22.4483218]],[[114.0050502,22.4483218],[114.0049712,22.4482777],[114.0049024,22.4482254],[114.0048446,22.4481724],[114.004404,22.4477275],[114.0043395,22.4476496],[114.0043228,22.4475923]],[[114.0043228,22.4475923],[114.0043165,22.4475293],[114.0043367,22.4474558]],[[114.0043367,22.4474558],[114.0047836,22.4465914],[114.0048194,22.446518],[114.0054459,22.4454112],[114.0056138,22.4451156],[114.0057074,22.4449506],[114.0058504,22.4446928],[114.0058909,22.4446181],[114.0059177,22.4445531],[114.0059383,22.4444853],[114.0059506,22.4444225],[114.005957,22.4443511],[114.005958,22.4442983],[114.0059579,22.4442486],[114.0059533,22.4442006],[114.0059462,22.4441562],[114.005928,22.4440968],[114.0058859,22.4440004],[114.0056626,22.4435857],[114.0056184,22.443495],[114.0055708,22.4433923],[114.0055414,22.4433208],[114.0055121,22.4432377],[114.0054867,22.4431526],[114.0054579,22.4430378],[114.0054033,22.4427939],[114.0053475,22.4425243],[114.0053188,22.4424138],[114.0052915,22.4423288],[114.0052604,22.4422429],[114.0044531,22.4402528],[114.0044073,22.4401245],[114.0043677,22.4400015],[114.0043401,22.4398934],[114.0042967,22.4396838],[114.0042834,22.4395944],[114.0042693,22.4394783],[114.0042591,22.439372],[114.0042286,22.4387152]],[[114.0042286,22.4387152],[114.0042136,22.4385164],[114.0041972,22.4383603],[114.0041899,22.4383381],[114.0041723,22.4382993],[114.0041514,22.4382562],[114.0041279,22.4382239],[114.0040997,22.4381896],[114.0040699,22.4381636],[114.0040224,22.4381255]],[[114.0040224,22.4381255],[114.0038205,22.4380091],[114.003603,22.4378788]],[[114.003603,22.4378788],[114.0035618,22.4378499],[114.0034437,22.4377799],[114.0023462,22.437077],[114.0017678,22.4366864],[114.000799,22.4360086],[114.0007385,22.4359651],[114.0006988,22.4359379],[114.0005539,22.4358357],[114.0003606,22.4357026],[114.0003149,22.4356643],[114.0000239,22.4354616],[113.9998084,22.4353115],[113.9995586,22.4351176],[113.9994053,22.4350076],[113.9993193,22.4349458],[113.9990608,22.4347549],[113.9985812,22.4344188],[113.9984659,22.4343376],[113.9976598,22.4337709],[113.9974676,22.4336358],[113.9963135,22.432809],[113.9962358,22.4327574],[113.9954643,22.4322122],[113.9951562,22.431997],[113.9949768,22.4318728],[113.9948469,22.4317846],[113.9947232,22.4316963],[113.9945822,22.4315893],[113.9944456,22.431484],[113.9943112,22.4313766],[113.9939943,22.4311222],[113.9932437,22.4305219],[113.9931585,22.4304499],[113.9930519,22.4303625],[113.9924606,22.4298594],[113.9922253,22.4296735],[113.9917474,22.4292722],[113.9914853,22.4290072],[113.991422,22.4289431],[113.9913731,22.4288921],[113.9903639,22.4278392],[113.9902901,22.4277596],[113.9901476,22.4276166],[113.990099,22.4275647],[113.9891302,22.4265287],[113.9890798,22.4264768],[113.9890353,22.4264284],[113.9873102,22.4245539],[113.9872564,22.4244954],[113.9872292,22.4244676],[113.986814,22.424044],[113.9866045,22.4238234],[113.9863809,22.4235915],[113.9850826,22.4222074],[113.9850621,22.4221855],[113.9850331,22.4221565],[113.9849862,22.4221099],[113.9849704,22.4220943]],[[113.9849704,22.4220943],[113.9849531,22.4220778],[113.9849228,22.4220469],[113.9847707,22.4218922]],[[113.9847707,22.4218922],[113.9841508,22.4212619],[113.9840999,22.4212102],[113.9840607,22.4211693],[113.9840253,22.4211339],[113.9836162,22.4207249],[113.9831888,22.4202938],[113.9826262,22.4197025],[113.9822655,22.4192552],[113.9820934,22.4190296],[113.9819948,22.4188831],[113.9818604,22.4186794],[113.9817461,22.418477],[113.9813143,22.417675],[113.9812229,22.4174969]],[[113.9812229,22.4174969],[113.9810717,22.4172022]],[[113.9810717,22.4172022],[113.9804534,22.4159974]],[[113.9804534,22.4159974],[113.980311,22.4157199],[113.979814,22.4147732],[113.9797492,22.4146634],[113.9796838,22.4145701],[113.9795583,22.4144178],[113.9794518,22.4142879]],[[113.9794518,22.4142879],[113.979194,22.4139845],[113.9791343,22.4139185],[113.979071,22.4138449],[113.9790203,22.4137793],[113.9789689,22.41371],[113.9789159,22.4136202],[113.9788715,22.413535],[113.9788345,22.4134416],[113.978802,22.4133451],[113.9787741,22.4132431],[113.9787301,22.4130553],[113.9786243,22.4125511]],[[113.9786243,22.4125511],[113.9786122,22.4124951],[113.9786008,22.4124512],[113.9785867,22.4124038],[113.9785677,22.4123443],[113.9785561,22.4123097],[113.9785459,22.412281]],[[113.9785459,22.412281],[113.9784408,22.4119631]],[[113.9784408,22.4119631],[113.9783454,22.4116745]],[[113.9783454,22.4116745],[113.9783383,22.4116518],[113.9782786,22.4114549]],[[113.9782786,22.4114549],[113.9782318,22.4112941]],[[113.9782318,22.4112941],[113.9782237,22.411232],[113.9782188,22.4111847],[113.9782157,22.4111223],[113.9782128,22.4110536],[113.9782021,22.4109961],[113.9781915,22.4109538],[113.9778136,22.4096566],[113.9777924,22.409596],[113.9777678,22.4095392],[113.9777355,22.4094791],[113.9776397,22.4093417]],[[113.9776397,22.4093417],[113.9776064,22.409292],[113.9775822,22.4092475],[113.9775634,22.4091994],[113.9775521,22.4091633],[113.9775036,22.4089869]],[[113.9775036,22.4089869],[113.9771307,22.4078086],[113.9770382,22.4074952],[113.9758686,22.4035116],[113.9757758,22.4031955],[113.9757083,22.402967],[113.9755853,22.4024722]],[[113.9755853,22.4024722],[113.9754772,22.4020347]],[[113.9754772,22.4020347],[113.9753935,22.4017],[113.9753604,22.4015949],[113.9753107,22.4014646],[113.9752755,22.401387],[113.9752404,22.4013164],[113.9751165,22.4010973],[113.9749941,22.4008915],[113.9749278,22.4007886],[113.9748546,22.4006854],[113.9747885,22.4005995],[113.9745756,22.4003342],[113.9743725,22.4000788],[113.974313,22.4000059],[113.9738108,22.3993771],[113.9737208,22.3992546],[113.9736501,22.3991505],[113.9735993,22.3990666],[113.9735517,22.3989828],[113.9735131,22.3989053],[113.9734847,22.3988433],[113.9734521,22.3987645],[113.973423,22.3986869],[113.973395,22.3985956],[113.973374,22.3985155],[113.9733451,22.3983878],[113.9733188,22.3982609],[113.9732756,22.3980406],[113.9732576,22.3979602],[113.9732246,22.3978334],[113.9731181,22.397448],[113.9730141,22.3970809],[113.9729073,22.3966925],[113.9725476,22.3953955]],[[113.9725476,22.3953955],[113.9723204,22.3945669]],[[113.9723204,22.3945669],[113.9722783,22.3944193],[113.9722725,22.3943942],[113.9722698,22.3943735],[113.9722682,22.3943413],[113.9722694,22.3943119],[113.9722736,22.3942806],[113.9722792,22.3942531],[113.9722906,22.3942209],[113.9723042,22.3941906],[113.972318,22.3941639]],[[113.972318,22.3941639],[113.9723501,22.3941233],[113.9723861,22.3940854],[113.9724252,22.3940491],[113.9724666,22.394017],[113.9725163,22.3939883],[113.9725721,22.3939677],[113.9730817,22.3938547],[113.9736365,22.393737],[113.973704,22.3937297],[113.9737767,22.3937308],[113.9738467,22.3937434],[113.9739054,22.3937591],[113.9743188,22.393893]],[[113.9743188,22.393893],[113.9743926,22.3938932],[113.9744485,22.3938799],[113.9744948,22.3938622],[113.9745359,22.3938359],[113.9745702,22.3938053],[113.9745957,22.3937722],[113.9746187,22.3937241],[113.9746462,22.3936682]],[[113.9746462,22.3936682],[113.9746934,22.3935253],[113.9747184,22.3934673],[113.9747622,22.3933911],[113.9748281,22.3932963],[113.9748853,22.3931997],[113.9749346,22.3930902]],[[113.9749346,22.3930902],[113.9749757,22.3929762],[113.9750108,22.3928313],[113.9750269,22.3927041],[113.9750311,22.3926005],[113.9750231,22.3924668],[113.9750151,22.3923505],[113.9750029,22.3921529]],[[113.9750029,22.3921529],[113.9750029,22.3920735],[113.9750092,22.3920069],[113.9750229,22.3919379],[113.9750429,22.3918667],[113.9750596,22.3917984],[113.9750686,22.3917464],[113.9750727,22.3916893],[113.9750738,22.3916359],[113.9750666,22.3913686],[113.9750572,22.3910505],[113.9750501,22.3906037],[113.9750526,22.3904926],[113.9750592,22.3903956],[113.9750754,22.3902579]],[[113.9750754,22.3902579],[113.9751529,22.3898256],[113.9751753,22.3896298],[113.9751877,22.3892082],[113.9751971,22.388824]],[[113.9751971,22.388824],[113.9751774,22.3887525],[113.9751577,22.3887033],[113.9751062,22.3886453],[113.9750987,22.3886413]],[[113.9750987,22.3886413],[113.9750339,22.3886066],[113.9749656,22.3885873],[113.9748728,22.3885743],[113.974779,22.3885693],[113.974181,22.3885647],[113.9740965,22.388564],[113.9735624,22.3885599],[113.9732524,22.3885575],[113.9731711,22.3885576],[113.9731275,22.3885564],[113.9730857,22.388545],[113.9730579,22.3885306],[113.9730335,22.3885117],[113.9730122,22.3884874],[113.9729964,22.3884596],[113.9729858,22.3884226],[113.9729851,22.3883843],[113.9729741,22.3878638],[113.9729634,22.3874773],[113.9729455,22.3870147],[113.9729529,22.3869495],[113.9729933,22.386859],[113.9730534,22.3867946],[113.973101,22.3867635],[113.973154,22.3867411],[113.9732322,22.3867261],[113.9733936,22.3867068],[113.9735852,22.3867019]],[[113.9750141,22.3877998],[113.9750374,22.3877997],[113.9750615,22.3877996],[113.9750595,22.3873539],[113.9750379,22.3873539],[113.975012,22.387354],[113.9750141,22.3877998]],[[113.974805,22.3914577],[113.9748179,22.3914573],[113.9748525,22.3914563],[113.9748417,22.3911437],[113.9748262,22.3911443],[113.9747942,22.3911451],[113.974805,22.3914577]],[[113.9726223,22.3938856],[113.9735098,22.3936953],[113.9734814,22.3935882],[113.9732355,22.39364],[113.9732471,22.3936857],[113.9731262,22.3937116],[113.9731128,22.3936634],[113.9730468,22.3936779],[113.9730563,22.3937185],[113.973,22.3937307],[113.9729901,22.3936908],[113.9728722,22.3937154],[113.9728841,22.3937556],[113.9727923,22.3937747],[113.9727815,22.3937355],[113.9726671,22.393759],[113.9726815,22.3938131],[113.9726078,22.3938303],[113.9726223,22.3938856]],[[113.972933,22.3969727],[113.9728436,22.3966509],[113.9728312,22.3966539],[113.9728177,22.3966571],[113.972907,22.3969788],[113.9729177,22.3969763],[113.972933,22.3969727]],[[113.9741832,22.3999932],[113.9742038,22.3999791],[113.9742195,22.3999684],[113.9739845,22.3996746],[113.9739482,22.3996994],[113.9741832,22.3999932]],[[113.975841,22.4037032],[113.9758702,22.4036958],[113.9757671,22.403345],[113.9757378,22.4033523],[113.975841,22.4037032]],[[113.9771008,22.4080275],[113.9771397,22.4080177],[113.9770354,22.407666],[113.977018,22.4076704],[113.9770077,22.407673],[113.9770376,22.4077739],[113.9770264,22.4077768],[113.9771008,22.4080275]],[[113.9782981,22.4117252],[113.9782828,22.4117294],[113.9782685,22.4117336],[113.9782878,22.4117921],[113.9782711,22.4120102],[113.9784053,22.4121748],[113.9784263,22.4121691],[113.9784415,22.4121648],[113.9782981,22.4117252]],[[113.9815701,22.4183746],[113.9816717,22.418547],[113.9817329,22.4186508],[113.9817488,22.4186778],[113.9817694,22.4186675],[113.9815907,22.4183643],[113.981579,22.4183701],[113.9815701,22.4183746]],[[113.9864721,22.4237612],[113.9862126,22.4234929],[113.9862048,22.4234994],[113.9861955,22.4235071],[113.9864549,22.4237754],[113.9864642,22.4237677],[113.9864721,22.4237612]],[[113.9923172,22.4298461],[113.9923248,22.4298385],[113.9923394,22.429824],[113.9920562,22.4295886],[113.9920459,22.4295989],[113.992034,22.4296108],[113.9923172,22.4298461]],[[113.9975666,22.4338037],[113.9975774,22.4337903],[113.9975902,22.4337744],[113.9972979,22.4335726],[113.9972861,22.4335873],[113.9972742,22.4336019],[113.9975666,22.4338037]],[[114.0054291,22.4452628],[114.0054364,22.4452663],[114.005464,22.4452795],[114.0056457,22.4449541],[114.0056187,22.4449413],[114.00561,22.4449371],[114.0054291,22.4452628]],[[114.0061879,22.4497261],[114.0062431,22.4496783],[114.0057174,22.449164],[114.0056887,22.4491878],[114.0057861,22.4492826],[114.0057732,22.449294],[114.0057593,22.4493057],[114.0061879,22.4497261]],[[114.0060969,22.4525758],[114.006085,22.4525703],[114.0060721,22.4525642],[114.0059027,22.4528726],[114.0059151,22.4528786],[114.0059275,22.4528843],[114.0060969,22.4525758]],[[114.0057223,22.4551166],[114.0056014,22.4547675],[114.0055832,22.4547729],[114.005567,22.4547777],[114.0056878,22.4551268],[114.0057045,22.4551219],[114.0057223,22.4551166]],[[114.0047867,22.4576429],[114.005085,22.457411],[114.0050631,22.4573871],[114.0047648,22.457619],[114.004775,22.4576301],[114.0047867,22.4576429]],[[113.9993799,22.4595531],[113.9997241,22.4597196],[113.9997369,22.4596969],[113.9997417,22.4596885],[113.9993978,22.4595216],[113.9993927,22.4595305],[113.9993799,22.4595531]],[[113.9968325,22.4618779],[113.9968498,22.4618697],[113.9968671,22.4618615],[113.9970387,22.4621852],[113.9970212,22.4621931],[113.9970038,22.462201],[113.9968325,22.4618779]],[[113.9975308,22.4643947],[113.9975495,22.4643898],[113.9975682,22.4643848],[113.9976835,22.4647584],[113.9976648,22.4647633],[113.9976461,22.4647682],[113.9975308,22.4643947]],[[113.9988431,22.4672265],[113.998861,22.4672169],[113.9988767,22.4672085],[113.9986666,22.4668743],[113.9986487,22.4668839],[113.998633,22.4668924],[113.9988431,22.4672265]],[[113.9735852,22.3867019],[113.9737785,22.3866994],[113.9738029,22.3866988],[113.9740358,22.3866926],[113.9746109,22.3866942],[113.9748772,22.3866917]],[[113.9748772,22.3866917],[113.9749139,22.3866972],[113.9749489,22.3867088],[113.9749811,22.3867258],[113.9750096,22.3867479],[113.9750334,22.3867744],[113.9750517,22.3868043],[113.975064,22.3868367],[113.9750698,22.3868707]],[[113.9750698,22.3868707],[113.9750802,22.3873256],[113.9750793,22.3873366]],[[113.9750793,22.3873366],[113.9750826,22.3875746],[113.9750798,22.3878343],[113.9750819,22.3879246]],[[113.9750819,22.3879246],[113.9750905,22.3880336],[113.975138,22.3883454],[113.9751479,22.388441],[113.9751539,22.3886081],[113.9751545,22.3886412],[113.9751577,22.3887033],[113.9751484,22.3892107],[113.9751287,22.3896253],[113.9751082,22.3898196],[113.9750206,22.3902006],[113.9749668,22.3903902]],[[113.9749668,22.3903902],[113.9748931,22.3906623],[113.9748595,22.3908034],[113.9748518,22.3908773],[113.9748518,22.3909371],[113.9748535,22.3910041],[113.9748608,22.3913037],[113.9748666,22.391576],[113.9748695,22.3917164],[113.9748753,22.3918095],[113.9748876,22.3919192],[113.9749063,22.3920215],[113.9749358,22.3921383]],[[113.9749358,22.3921383],[113.9749599,22.3922312],[113.9749743,22.3923491],[113.9749815,22.3924639],[113.9749867,22.3925987],[113.9749827,22.3927049],[113.9749679,22.3928247],[113.9749339,22.3929633],[113.9748949,22.3930745]],[[113.9748949,22.3930745],[113.9748471,22.3931833],[113.9747873,22.3932799],[113.9747236,22.3933693],[113.974673,22.3934527],[113.974649,22.3935098],[113.9745955,22.3936561]],[[113.9745955,22.3936561],[113.9745635,22.393711],[113.974532,22.3937492],[113.9744787,22.3937986],[113.9744327,22.3938248],[113.9743697,22.3938378],[113.9743016,22.3938387]],[[113.9743016,22.3938387],[113.9738945,22.3937104],[113.973819,22.3936896],[113.9737499,22.3936812],[113.9736821,22.393683],[113.9736248,22.3936903],[113.9730692,22.3938077],[113.9725656,22.3939213],[113.9725118,22.3939404],[113.9724521,22.393974],[113.9723993,22.3940149],[113.9723543,22.3940588],[113.9723169,22.3941017],[113.9722718,22.3941555]],[[113.9722718,22.3941555],[113.9722533,22.3941955],[113.9722354,22.3942523],[113.9722285,22.3942799],[113.9722241,22.3943025],[113.9722224,22.3943239],[113.9722234,22.3943482],[113.9722267,22.3943749],[113.9722307,22.3943971],[113.9722475,22.394461],[113.9722911,22.394608]],[[113.9722911,22.394608],[113.9725109,22.3954036]],[[113.9725109,22.3954036],[113.9728873,22.3967567],[113.9729793,22.3970876],[113.9731818,22.3978168],[113.973218,22.3979688],[113.9732363,22.3980507],[113.9732789,22.3982666],[113.9733039,22.3983885],[113.9733366,22.3985323],[113.9733579,22.3986098],[113.9733835,22.3986959],[113.9734089,22.3987637],[113.9734436,22.3988495],[113.9734766,22.3989217],[113.9735125,22.3989937],[113.9735574,22.3990741],[113.9736027,22.3991496],[113.9736468,22.3992159],[113.9736961,22.3992835],[113.9737897,22.3994067],[113.9741138,22.3998135],[113.9742834,22.4000267],[113.9743433,22.4001001],[113.9747248,22.400579],[113.9748163,22.4006972],[113.9748895,22.4007991],[113.9749592,22.4009052],[113.9750839,22.4011169],[113.9752067,22.401334],[113.9752568,22.4014347],[113.9753001,22.4015343],[113.9753236,22.4016012],[113.9753495,22.4016846],[113.9754163,22.4019556]],[[113.9754163,22.4019556],[113.9754574,22.4021199],[113.9755205,22.4023757],[113.9755627,22.4025488]],[[113.9755627,22.4025488],[113.9756406,22.4028636],[113.9756987,22.4030744],[113.9757375,22.4032046],[113.975831,22.4035202],[113.9765741,22.4060441],[113.9770039,22.4075038],[113.9770954,22.4078144],[113.9774502,22.4089376]],[[113.9774502,22.4089376],[113.9775009,22.4091255],[113.9775427,22.409267],[113.9776039,22.409476]],[[113.9776039,22.409476],[113.9780457,22.4109846],[113.9780622,22.4110335],[113.9780859,22.4110857],[113.9781206,22.4111488],[113.9781521,22.4112],[113.9781738,22.411241],[113.978197,22.4113008]],[[113.978197,22.4113008],[113.9782145,22.4113541]],[[113.9782145,22.4113541],[113.9782745,22.4115854],[113.9782975,22.4116635],[113.9783156,22.4117167]],[[113.9783156,22.4117167],[113.9784003,22.4119738],[113.9784924,22.4122527]],[[113.9784924,22.4122527],[113.978513,22.4123221],[113.9785331,22.4123771],[113.9785422,22.4124034],[113.978562,22.4124681],[113.9785775,22.4125229],[113.9785863,22.4125585]],[[113.9785863,22.4125585],[113.9786905,22.4130601],[113.9787352,22.4132491],[113.9787617,22.4133526],[113.9787992,22.4134569],[113.9788331,22.4135419],[113.9788784,22.4136296],[113.9789325,22.4137195],[113.9789892,22.4137945],[113.9790393,22.41386],[113.9791021,22.4139323],[113.979158,22.4139959],[113.9794093,22.4143086]],[[113.9794093,22.4143086],[113.9795228,22.414444],[113.9796423,22.4145987],[113.979709,22.4146868],[113.9797728,22.4147891],[113.9804144,22.4160169]],[[113.9804144,22.4160169],[113.9810735,22.4173095]],[[113.9810735,22.4173095],[113.9812262,22.4176039]],[[113.9812262,22.4176039],[113.9817121,22.4184953],[113.9818293,22.4186953],[113.9819656,22.4188987],[113.9822295,22.4192777],[113.982596,22.4197296],[113.9831606,22.4203205],[113.9839927,22.4211621],[113.9840268,22.4211966],[113.9840667,22.4212402],[113.9841099,22.4212837],[113.9847399,22.4219126]],[[113.9847399,22.4219126],[113.9849224,22.4221007],[113.9849373,22.4221158]],[[113.9849373,22.4221158],[113.9849475,22.422127],[113.9849843,22.4221673],[113.9850175,22.4222014],[113.985042,22.4222273],[113.9863554,22.4236166],[113.9865729,22.4238468],[113.9867828,22.4240675],[113.9871897,22.4244956],[113.9872171,22.4245244],[113.9872667,22.4245786],[113.9881352,22.4255277],[113.9890071,22.4264542],[113.9890498,22.4264995],[113.9891023,22.4265545],[113.9900727,22.4275894],[113.9901199,22.4276397],[113.9902553,22.4277835],[113.9903292,22.4278604],[113.991343,22.4289159],[113.9913938,22.4289688],[113.9914544,22.4290276],[113.9917282,22.4292932],[113.9922035,22.4296983],[113.9924352,22.4298877],[113.9930255,22.4303941],[113.9931347,22.4304827],[113.9932168,22.430552],[113.9939613,22.4311541],[113.9942795,22.4314091],[113.9944142,22.4315154],[113.9945535,22.4316217],[113.9946958,22.4317257],[113.9948214,22.431817],[113.9949498,22.4319031],[113.9951308,22.4320265],[113.995438,22.4322448],[113.9961724,22.4327613],[113.9962113,22.4327884],[113.9974391,22.4336572],[113.9976374,22.4337979],[113.9983669,22.4343098],[113.9984436,22.4343631],[113.9988653,22.434662],[113.9989107,22.4346946],[113.9992029,22.4349088],[113.9996437,22.4352325],[113.99985,22.4353863],[113.9999974,22.4354858],[114.0002048,22.4356285],[114.0002497,22.4356622]],[[114.0002497,22.4356622],[114.0003059,22.4357029],[114.0003242,22.4357178],[114.0005297,22.4358616],[114.0006761,22.4359646],[114.0007743,22.4360355]],[[114.0007743,22.4360355],[114.0017421,22.4367184],[114.0023176,22.4371115],[114.0033486,22.4377648]],[[114.0033486,22.4377648],[114.0034232,22.4378093],[114.0035406,22.4378794],[114.0039991,22.4381559]],[[114.0039991,22.4381559],[114.0040288,22.4381795],[114.0040527,22.438201],[114.0040808,22.4382344],[114.0041029,22.4382634],[114.0041186,22.4382893],[114.0041389,22.4383294],[114.0041502,22.438356],[114.0041607,22.4383887],[114.0041674,22.4384213],[114.0041728,22.4384544],[114.0041741,22.4384868],[114.0041804,22.4385992]],[[114.0041804,22.4385992],[114.0042146,22.4393646],[114.0042238,22.4394592],[114.0042358,22.4395732],[114.0042555,22.4396926],[114.0042916,22.4398704],[114.0043163,22.439974],[114.0043555,22.4401063],[114.0043891,22.4402039],[114.0052199,22.442246],[114.0052481,22.4423234],[114.0052829,22.4424287],[114.0053178,22.4425638],[114.0053901,22.4429297],[114.005427,22.4430969],[114.0054497,22.4431802],[114.0054751,22.4432594],[114.0055099,22.4433528],[114.0055417,22.44343],[114.0055779,22.4435063],[114.0058456,22.4440109],[114.0058768,22.4440846],[114.005901,22.4441753],[114.0059072,22.444224],[114.0059117,22.4442975],[114.0059084,22.4443501],[114.0059007,22.4444164],[114.0058886,22.4444733],[114.005871,22.4445381],[114.0058457,22.4445999],[114.0058099,22.444673],[114.0056718,22.4449336],[114.0055761,22.4451033],[114.0054123,22.4453957],[114.0047902,22.4465028],[114.0047491,22.4465755],[114.0044798,22.4470528]],[[114.0044798,22.4470528],[114.0043829,22.447227],[114.0042416,22.4475091]],[[114.0042416,22.4475091],[114.0042039,22.4476001],[114.0041957,22.4476407],[114.004195,22.4476918],[114.0042465,22.4477888],[114.004346,22.4478974],[114.0044709,22.4480373]],[[114.0044709,22.4480373],[114.0047821,22.4483322],[114.0048934,22.4484518],[114.0049209,22.4484859],[114.0049703,22.4485514],[114.0050161,22.4486227],[114.0050564,22.4487226]],[[114.0050564,22.4487226],[114.0050768,22.4487645]],[[114.0050768,22.4487645],[114.0050912,22.4488026],[114.0051126,22.4488377],[114.0051712,22.4488936],[114.0052226,22.4489161],[114.0052684,22.4489283]],[[114.0052684,22.4489283],[114.005289,22.4489334]],[[114.005289,22.4489334],[114.0054762,22.4489824],[114.0055513,22.4490055],[114.005601,22.4490292],[114.0056391,22.4490526],[114.005707,22.4491109],[114.006001,22.4494045]],[[114.006001,22.4494045],[114.0060988,22.4494966]],[[114.0060988,22.4494966],[114.0062644,22.4496572],[114.0064242,22.4498086],[114.0067236,22.4501226]],[[114.0067236,22.4501226],[114.0068138,22.4502136]],[[114.0068138,22.4502136],[114.0069478,22.450351],[114.0070105,22.4504226],[114.0070397,22.4504637],[114.0070636,22.4505026],[114.0070782,22.4505301],[114.0070955,22.4505747],[114.0071067,22.4506147],[114.0071134,22.4506535],[114.0071154,22.4507009],[114.0071127,22.4507533],[114.0071066,22.4507906],[114.0070972,22.4508247],[114.0070853,22.450861],[114.0070714,22.4508963],[114.0070534,22.4509334],[114.0066582,22.4516412]],[[114.0066582,22.4516412],[114.0062755,22.4523212],[114.0062135,22.4524318],[114.006036,22.4527465],[114.0059287,22.4529373],[114.0056001,22.4535236],[114.0055041,22.453706],[114.0054863,22.4537478],[114.0054762,22.45378],[114.005464,22.4538258],[114.0054429,22.4539195],[114.0054316,22.4540479],[114.0054349,22.4541545],[114.0054467,22.4542362],[114.0054899,22.4543977],[114.0055964,22.4547067],[114.0056769,22.4549411],[114.0057866,22.4552526],[114.0059244,22.4556534],[114.0059773,22.4558453],[114.0060002,22.4560006],[114.0060044,22.4561056],[114.0059844,22.4562672],[114.0059758,22.4563338],[114.0059498,22.4564353],[114.0059458,22.4564568],[114.0059055,22.4565695],[114.0058923,22.4566031],[114.0058447,22.4567043],[114.0057746,22.4568089],[114.0057046,22.4568993],[114.0056222,22.4569905],[114.0054953,22.4571107],[114.0049475,22.4575383],[114.0046441,22.4577669],[114.0040221,22.4582579],[114.0032478,22.4588661],[114.0032043,22.4589013]],[[114.0024733,22.4600819],[114.0024104,22.4602004]],[[114.0024104,22.4602004],[114.0023519,22.4603074]],[[114.0023519,22.4603074],[114.002308,22.4603874],[114.0022328,22.4605276],[114.0021845,22.4606124]],[[114.0021845,22.4606124],[114.0021463,22.4606528],[114.0021314,22.4606725],[114.002116,22.460689],[114.002099,22.4607042],[114.0020815,22.4607176],[114.0020582,22.4607314],[114.002036,22.4607417],[114.0020107,22.4607506],[114.0019886,22.4607558],[114.0019663,22.4607592],[114.0019435,22.4607605],[114.0019214,22.4607599],[114.0018925,22.4607575],[114.0018634,22.4607531],[114.001842,22.4607477],[114.0018161,22.4607392],[114.0017902,22.4607294]],[[114.0017902,22.4607294],[114.0017419,22.4607092],[114.0016834,22.4606838],[114.001594,22.4606424],[114.0013428,22.4605166],[114.0011712,22.4604325],[113.9998405,22.45979],[113.9995899,22.4596684],[113.9993367,22.4595451],[113.9983413,22.4590602],[113.9983057,22.4590429],[113.9981802,22.4589823]],[[113.9981802,22.4589823],[113.9980124,22.4588995],[113.997972,22.4588837],[113.9979526,22.4588745],[113.9979303,22.4588669],[113.9979099,22.4588618],[113.9978873,22.4588579],[113.9978561,22.4588564],[113.9978208,22.4588589],[113.9977917,22.4588645],[113.997765,22.4588731],[113.9977422,22.4588831],[113.9977221,22.4588942],[113.9977041,22.4589063],[113.9976881,22.4589197],[113.9976719,22.4589355],[113.9976611,22.4589478],[113.9976516,22.4589608],[113.9976403,22.4589787]],[[113.9976403,22.4589787],[113.9973745,22.4594505],[113.9972664,22.4596435],[113.9971678,22.4598188],[113.9970426,22.4600426],[113.9970101,22.4601026],[113.9970073,22.4601082],[113.9969752,22.4601724],[113.996935,22.460264],[113.9969054,22.4603405],[113.9968753,22.460432],[113.9968516,22.4605197],[113.9968328,22.4606047],[113.9968174,22.4606959],[113.9968094,22.4607573],[113.996804,22.460815],[113.9967997,22.4608937]],[[113.9967997,22.4608937],[113.9967963,22.4610073],[113.9967906,22.4613643],[113.9967902,22.4613822],[113.9967874,22.4615293],[113.9967902,22.461586],[113.9967972,22.4616375],[113.9968118,22.4616961],[113.99683,22.4617483],[113.9968844,22.4618533],[113.9969703,22.4620153],[113.9970562,22.4621773],[113.997145,22.4623449],[113.9971679,22.4623936],[113.9971875,22.4624441],[113.9972034,22.4624957],[113.9972112,22.4625289],[113.9972153,22.4625464],[113.9973612,22.4634669]],[[113.9973612,22.4634669],[113.9974706,22.4639688],[113.9975475,22.4642524],[113.9975869,22.4643799],[113.9976446,22.4645667],[113.9977022,22.4647534],[113.9977105,22.4647803],[113.9978143,22.4650822],[113.9979072,22.465323],[113.9980066,22.4655616],[113.9981126,22.4657978],[113.998169,22.4659163],[113.9982188,22.4660176],[113.9982671,22.4661132],[113.9983438,22.4662624],[113.9984535,22.4664694],[113.9984848,22.4665238]],[[113.9984848,22.4665238],[113.9985684,22.466674],[113.998595,22.4667188],[113.9986835,22.4668653],[113.9987878,22.4670313],[113.9988936,22.4671994],[113.9989058,22.467218],[113.9990967,22.4675087]],[[113.9990967,22.4675087],[113.9991676,22.4675479],[113.9992068,22.46757],[113.9992496,22.4675853],[113.9992948,22.4675931],[113.9993407,22.4675933],[113.9993859,22.4675859],[113.9994289,22.4675711],[113.9994684,22.4675494]],[[113.9994684,22.4675494],[113.9995017,22.4675227],[113.9995296,22.467491],[113.9995511,22.4674554],[113.9995656,22.4674169],[113.9995727,22.4673766],[113.9995722,22.4673358],[113.9995633,22.467296]],[[113.9995633,22.467296],[113.9995507,22.4672144],[113.9995409,22.4671624],[113.999527,22.4671112],[113.9995122,22.4670691],[113.9994946,22.4670279],[113.9994354,22.4669337],[113.9993185,22.4667478]],[[114.0022909,22.4593576],[114.0022864,22.4593815],[114.0022839,22.459411],[114.0022861,22.4594466],[114.0022921,22.4594756],[114.0023005,22.4595029],[114.0023817,22.4597405],[114.0024661,22.4599945],[114.0024749,22.4600327],[114.0024761,22.4600573],[114.0024733,22.4600819]],[[114.0023618,22.4592358],[114.0022909,22.4593576]],[[114.0027347,22.4590015],[114.0026753,22.4590036],[114.0026096,22.4590113],[114.0025534,22.4590259],[114.002508,22.4590489],[114.0024666,22.459082],[114.0024366,22.4591181],[114.002406,22.4591646],[114.0023618,22.4592358]],[[114.0029341,22.4589931],[114.002888,22.4589982],[114.0028384,22.4590015],[114.0027347,22.4590015]],[[114.0031086,22.4589487],[114.0030638,22.4589649],[114.0030231,22.4589753],[114.0029795,22.458985],[114.0029341,22.4589931]],[[114.0032043,22.4589013],[114.003149,22.4589308],[114.0031086,22.4589487]],[[114.0024258,22.4599261],[114.0023063,22.4595764],[114.0022852,22.4595818],[114.002265,22.4595876],[114.0023845,22.4599373],[114.0024072,22.4599311],[114.0024258,22.4599261]]]}},{"type":"Feature","properties":{"kind":"route","routeCode":"751P","name":"MTR Light Rail 751P","serviceNames":["Light Rail 751P (Tin Shui Wai â Tin Yat)","Light Rail 751P (Tin Yat â Siu Hong)","Light Rail 751P (Tin Yat â Tin Shui Wai)"],"osmRelationIds":[2929802,6485219,12619403],"osmWayCount":80},"geometry":{"type":"MultiLineString","coordinates":[[[113.9994445,22.4669036],[113.9992344,22.4665694],[113.9992513,22.4665604],[113.9992681,22.4665514],[113.9994782,22.4668855],[113.9994445,22.4669036]],[[113.997643,22.4643651],[113.9977583,22.4647387],[113.997777,22.4647337],[113.9977957,22.4647288],[113.9976804,22.4643553],[113.9976617,22.4643602],[113.997643,22.4643651]],[[113.9969363,22.4618287],[113.9969536,22.4618205],[113.9969709,22.4618124],[113.9971435,22.4621378],[113.997126,22.4621457],[113.9971086,22.4621536],[113.9969363,22.4618287]],[[113.9993297,22.4596379],[113.9996752,22.4598056],[113.9996807,22.4597959],[113.9996934,22.4597732],[113.9993471,22.4596069],[113.9993351,22.4596284],[113.9993297,22.4596379]],[[114.0027821,22.459728],[114.0029458,22.4594439],[114.0029324,22.4594373],[114.0029079,22.4594252],[114.0027441,22.4597093],[114.0027684,22.4597212],[114.0027821,22.459728]],[[114.0048582,22.4577175],[114.0051565,22.4574856],[114.0051346,22.4574618],[114.0048363,22.4576936],[114.004847,22.4577056],[114.0048582,22.4577175]],[[114.0058211,22.4550898],[114.0057038,22.4547396],[114.0056866,22.4547446],[114.0056692,22.4547495],[114.0057865,22.4550997],[114.0058038,22.4550947],[114.0058211,22.4550898]],[[114.0061963,22.4526227],[114.0061854,22.4526176],[114.0061715,22.452611],[114.0060021,22.4529195],[114.0060158,22.4529259],[114.0060269,22.4529311],[114.0061963,22.4526227]],[[114.0063272,22.4496077],[114.0063845,22.4495589],[114.0059561,22.4491263],[114.0059399,22.4491391],[114.0059262,22.4491511],[114.0058356,22.4490607],[114.0058199,22.4490743],[114.005804,22.4490883],[114.0063272,22.4496077]],[[113.9993185,22.4667478],[113.9992134,22.4665807],[113.9991331,22.466453],[113.9991173,22.4664282],[113.999115,22.4664246],[113.9990936,22.466398],[113.9990694,22.4663737],[113.9990426,22.4663519],[113.9989109,22.4662624]],[[113.9989109,22.4662624],[113.9988722,22.4662379],[113.9988314,22.4662174],[113.9987873,22.4662039],[113.9987485,22.466199],[113.9987413,22.4661981],[113.9986949,22.4662],[113.9986496,22.4662095]],[[113.9986496,22.4662095],[113.9986056,22.4662204],[113.9985604,22.4662248],[113.9985149,22.4662225],[113.9984704,22.4662137],[113.998428,22.4661986],[113.9983835,22.4661742],[113.9983444,22.4661428],[113.998312,22.4661126]],[[113.998312,22.4661126],[113.9983057,22.4660999],[113.9982543,22.4660053],[113.9981483,22.4657836],[113.9980427,22.4655483],[113.9979436,22.4653105],[113.9978509,22.4650701],[113.9977479,22.4647704],[113.9977396,22.4647436],[113.9976819,22.4645568],[113.9976243,22.4643701],[113.9975849,22.4642425],[113.9975084,22.4639605],[113.9974015,22.4634612]],[[113.9974015,22.4634612],[113.9972533,22.4625389],[113.9972492,22.4625213],[113.9972412,22.462487],[113.9972245,22.4624331],[113.997204,22.4623804],[113.9971803,22.4623299],[113.9970911,22.4621615],[113.9970051,22.4619992],[113.996919,22.4618369],[113.9968673,22.4617381],[113.9968493,22.4616866],[113.9968366,22.4616351],[113.996829,22.4615828],[113.9968263,22.4615288],[113.9968291,22.4613828],[113.9968294,22.4613649],[113.9968348,22.4610244],[113.9968391,22.4608969]],[[113.9968391,22.4608969],[113.9968432,22.46083],[113.9968495,22.4607657],[113.9968618,22.4606744],[113.9968825,22.4605684],[113.996911,22.4604573],[113.9969406,22.460364],[113.9969716,22.4602826],[113.9970128,22.4601883],[113.9970456,22.4601226],[113.9970534,22.460107],[113.9970796,22.4600579],[113.9972018,22.4598346],[113.9973038,22.4596608],[113.9974867,22.4593314]],[[113.9974867,22.4593314],[113.9975305,22.4592597],[113.9976009,22.4591343],[113.9976238,22.4590936]],[[113.9976238,22.4590936],[113.9976392,22.4590722],[113.997658,22.4590498],[113.9976761,22.4590318],[113.9976999,22.4590109],[113.9977228,22.4589942],[113.9977485,22.4589791],[113.9977759,22.4589663],[113.9978064,22.4589554],[113.9978378,22.4589474],[113.9978641,22.4589435],[113.9978897,22.4589412],[113.9979121,22.4589412],[113.9979454,22.4589435],[113.9979742,22.4589472],[113.9979859,22.4589473],[113.9980161,22.4589545],[113.99804,22.4589626],[113.9980677,22.4589719],[113.998092,22.4589818],[113.9981199,22.4589947]],[[113.9981199,22.4589947],[113.9982868,22.4590759],[113.9993177,22.4595777],[113.9995715,22.4597012],[113.9998225,22.4598228],[114.0011493,22.4604657],[114.0013203,22.4605489],[114.0017519,22.460758]],[[114.0017519,22.460758],[114.0018324,22.4607972],[114.0018571,22.4608078],[114.0018742,22.4608138],[114.0018923,22.4608184],[114.0019118,22.4608217],[114.001935,22.4608243],[114.0019656,22.4608232],[114.0019973,22.4608189],[114.0020258,22.4608114],[114.0020583,22.4607992],[114.002083,22.4607871],[114.0020948,22.460779],[114.0021109,22.460768],[114.0021313,22.460751],[114.0021485,22.4607319],[114.0021642,22.4607112],[114.0021789,22.4606876],[114.0022213,22.4606115]],[[114.0022213,22.4606115],[114.0023118,22.4604472],[114.0023374,22.4604016],[114.0026536,22.4598391],[114.0028292,22.4595274],[114.0029597,22.4593004]],[[114.0029597,22.4593004],[114.0029836,22.459256],[114.0030188,22.4591966],[114.0030766,22.459112],[114.0031423,22.4590242],[114.0031849,22.458976],[114.0032321,22.4589278],[114.0032734,22.4588949],[114.0040419,22.4582861],[114.0046666,22.4577908],[114.0049707,22.4575666],[114.0054568,22.4571902],[114.0055263,22.4571333],[114.0055989,22.4570695],[114.005662,22.4570091],[114.0057259,22.4569406],[114.0057881,22.4568652],[114.0058417,22.456788],[114.005888,22.4567096],[114.0059194,22.4566476],[114.0059505,22.4565769],[114.0059725,22.4565189],[114.0059903,22.4564633],[114.0060124,22.4563864],[114.0060245,22.45634],[114.0060367,22.4562627],[114.0060502,22.456105],[114.0060471,22.455997],[114.0060218,22.4558372],[114.005965,22.4556432],[114.0058194,22.4552423],[114.0057105,22.454932],[114.0056355,22.4546941],[114.0055349,22.4543892],[114.005495,22.4542318],[114.0054836,22.4541518],[114.0054776,22.4540663],[114.0054849,22.4539385],[114.0055061,22.453838],[114.0055166,22.4537936],[114.0055276,22.4537621],[114.0055437,22.4537187],[114.0056369,22.4535402],[114.0059613,22.4529531],[114.0060687,22.4527625],[114.0062462,22.4524476],[114.0063103,22.452338],[114.0067001,22.4516606]],[[114.0067001,22.4516606],[114.0070953,22.4509566],[114.0071258,22.4508934],[114.0071453,22.4508472],[114.0071569,22.4508112],[114.0071649,22.4507767],[114.0071701,22.4507381],[114.0071723,22.4506974],[114.0071694,22.4506488],[114.007161,22.4506008],[114.0071497,22.4505633],[114.007132,22.4505212],[114.0071083,22.4504772],[114.0070813,22.4504372],[114.0070464,22.4503934],[114.0069985,22.45034],[114.0068467,22.4501835]],[[114.0068467,22.4501835],[114.0063038,22.4496297],[114.006138,22.4494635]],[[114.006138,22.4494635],[114.0060439,22.4493741]],[[114.0061879,22.4497261],[114.0062431,22.4496783],[114.0057174,22.449164],[114.0056887,22.4491878],[114.0057861,22.4492826],[114.0057732,22.449294],[114.0057593,22.4493057],[114.0061879,22.4497261]],[[114.0060969,22.4525758],[114.006085,22.4525703],[114.0060721,22.4525642],[114.0059027,22.4528726],[114.0059151,22.4528786],[114.0059275,22.4528843],[114.0060969,22.4525758]],[[114.0057223,22.4551166],[114.0056014,22.4547675],[114.0055832,22.4547729],[114.005567,22.4547777],[114.0056878,22.4551268],[114.0057045,22.4551219],[114.0057223,22.4551166]],[[114.0047867,22.4576429],[114.005085,22.457411],[114.0050631,22.4573871],[114.0047648,22.457619],[114.004775,22.4576301],[114.0047867,22.4576429]],[[113.9993799,22.4595531],[113.9997241,22.4597196],[113.9997369,22.4596969],[113.9997417,22.4596885],[113.9993978,22.4595216],[113.9993927,22.4595305],[113.9993799,22.4595531]],[[113.9968325,22.4618779],[113.9968498,22.4618697],[113.9968671,22.4618615],[113.9970387,22.4621852],[113.9970212,22.4621931],[113.9970038,22.462201],[113.9968325,22.4618779]],[[113.9975308,22.4643947],[113.9975495,22.4643898],[113.9975682,22.4643848],[113.9976835,22.4647584],[113.9976648,22.4647633],[113.9976461,22.4647682],[113.9975308,22.4643947]],[[114.006001,22.4494045],[114.0060988,22.4494966]],[[114.0060988,22.4494966],[114.0062644,22.4496572],[114.0064242,22.4498086],[114.0067236,22.4501226]],[[114.0067236,22.4501226],[114.0068138,22.4502136]],[[114.0068138,22.4502136],[114.0069478,22.450351],[114.0070105,22.4504226],[114.0070397,22.4504637],[114.0070636,22.4505026],[114.0070782,22.4505301],[114.0070955,22.4505747],[114.0071067,22.4506147],[114.0071134,22.4506535],[114.0071154,22.4507009],[114.0071127,22.4507533],[114.0071066,22.4507906],[114.0070972,22.4508247],[114.0070853,22.450861],[114.0070714,22.4508963],[114.0070534,22.4509334],[114.0066582,22.4516412]],[[114.0066582,22.4516412],[114.0062755,22.4523212],[114.0062135,22.4524318],[114.006036,22.4527465],[114.0059287,22.4529373],[114.0056001,22.4535236],[114.0055041,22.453706],[114.0054863,22.4537478],[114.0054762,22.45378],[114.005464,22.4538258],[114.0054429,22.4539195],[114.0054316,22.4540479],[114.0054349,22.4541545],[114.0054467,22.4542362],[114.0054899,22.4543977],[114.0055964,22.4547067],[114.0056769,22.4549411],[114.0057866,22.4552526],[114.0059244,22.4556534],[114.0059773,22.4558453],[114.0060002,22.4560006],[114.0060044,22.4561056],[114.0059844,22.4562672],[114.0059758,22.4563338],[114.0059498,22.4564353],[114.0059458,22.4564568],[114.0059055,22.4565695],[114.0058923,22.4566031],[114.0058447,22.4567043],[114.0057746,22.4568089],[114.0057046,22.4568993],[114.0056222,22.4569905],[114.0054953,22.4571107],[114.0049475,22.4575383],[114.0046441,22.4577669],[114.0040221,22.4582579],[114.0032478,22.4588661],[114.0032043,22.4589013]],[[114.0024733,22.4600819],[114.0024104,22.4602004]],[[114.0024104,22.4602004],[114.0023519,22.4603074]],[[114.0023519,22.4603074],[114.002308,22.4603874],[114.0022328,22.4605276],[114.0021845,22.4606124]],[[114.0021845,22.4606124],[114.0021463,22.4606528],[114.0021314,22.4606725],[114.002116,22.460689],[114.002099,22.4607042],[114.0020815,22.4607176],[114.0020582,22.4607314],[114.002036,22.4607417],[114.0020107,22.4607506],[114.0019886,22.4607558],[114.0019663,22.4607592],[114.0019435,22.4607605],[114.0019214,22.4607599],[114.0018925,22.4607575],[114.0018634,22.4607531],[114.001842,22.4607477],[114.0018161,22.4607392],[114.0017902,22.4607294]],[[114.0017902,22.4607294],[114.0017419,22.4607092],[114.0016834,22.4606838],[114.001594,22.4606424],[114.0013428,22.4605166],[114.0011712,22.4604325],[113.9998405,22.45979],[113.9995899,22.4596684],[113.9993367,22.4595451],[113.9983413,22.4590602],[113.9983057,22.4590429],[113.9981802,22.4589823]],[[113.9981802,22.4589823],[113.9980124,22.4588995],[113.997972,22.4588837],[113.9979526,22.4588745],[113.9979303,22.4588669],[113.9979099,22.4588618],[113.9978873,22.4588579],[113.9978561,22.4588564],[113.9978208,22.4588589],[113.9977917,22.4588645],[113.997765,22.4588731],[113.9977422,22.4588831],[113.9977221,22.4588942],[113.9977041,22.4589063],[113.9976881,22.4589197],[113.9976719,22.4589355],[113.9976611,22.4589478],[113.9976516,22.4589608],[113.9976403,22.4589787]],[[113.9976403,22.4589787],[113.9973745,22.4594505],[113.9972664,22.4596435],[113.9971678,22.4598188],[113.9970426,22.4600426],[113.9970101,22.4601026],[113.9970073,22.4601082],[113.9969752,22.4601724],[113.996935,22.460264],[113.9969054,22.4603405],[113.9968753,22.460432],[113.9968516,22.4605197],[113.9968328,22.4606047],[113.9968174,22.4606959],[113.9968094,22.4607573],[113.996804,22.460815],[113.9967997,22.4608937]],[[113.9967997,22.4608937],[113.9967963,22.4610073],[113.9967906,22.4613643],[113.9967902,22.4613822],[113.9967874,22.4615293],[113.9967902,22.461586],[113.9967972,22.4616375],[113.9968118,22.4616961],[113.99683,22.4617483],[113.9968844,22.4618533],[113.9969703,22.4620153],[113.9970562,22.4621773],[113.997145,22.4623449],[113.9971679,22.4623936],[113.9971875,22.4624441],[113.9972034,22.4624957],[113.9972112,22.4625289],[113.9972153,22.4625464],[113.9973612,22.4634669]],[[113.9973612,22.4634669],[113.9974706,22.4639688],[113.9975475,22.4642524],[113.9975869,22.4643799],[113.9976446,22.4645667],[113.9977022,22.4647534],[113.9977105,22.4647803],[113.9978143,22.4650822],[113.9979072,22.465323],[113.9980066,22.4655616],[113.9981126,22.4657978],[113.998169,22.4659163],[113.9982188,22.4660176],[113.9982671,22.4661132],[113.9983438,22.4662624],[113.9984535,22.4664694],[113.9984848,22.4665238]],[[113.9984848,22.4665238],[113.9985684,22.466674],[113.998595,22.4667188],[113.9986835,22.4668653],[113.9987878,22.4670313],[113.9988936,22.4671994],[113.9989058,22.467218],[113.9990967,22.4675087]],[[113.9990967,22.4675087],[113.9991676,22.4675479],[113.9992068,22.46757],[113.9992496,22.4675853],[113.9992948,22.4675931],[113.9993407,22.4675933],[113.9993859,22.4675859],[113.9994289,22.4675711],[113.9994684,22.4675494]],[[113.9994684,22.4675494],[113.9995017,22.4675227],[113.9995296,22.467491],[113.9995511,22.4674554],[113.9995656,22.4674169],[113.9995727,22.4673766],[113.9995722,22.4673358],[113.9995633,22.467296]],[[113.9995633,22.467296],[113.9995507,22.4672144],[113.9995409,22.4671624],[113.999527,22.4671112],[113.9995122,22.4670691],[113.9994946,22.4670279],[113.9994354,22.4669337],[113.9993185,22.4667478]],[[114.0022909,22.4593576],[114.0022864,22.4593815],[114.0022839,22.459411],[114.0022861,22.4594466],[114.0022921,22.4594756],[114.0023005,22.4595029],[114.0023817,22.4597405],[114.0024661,22.4599945],[114.0024749,22.4600327],[114.0024761,22.4600573],[114.0024733,22.4600819]],[[114.0023618,22.4592358],[114.0022909,22.4593576]],[[114.0027347,22.4590015],[114.0026753,22.4590036],[114.0026096,22.4590113],[114.0025534,22.4590259],[114.002508,22.4590489],[114.0024666,22.459082],[114.0024366,22.4591181],[114.002406,22.4591646],[114.0023618,22.4592358]],[[114.0029341,22.4589931],[114.002888,22.4589982],[114.0028384,22.4590015],[114.0027347,22.4590015]],[[114.0031086,22.4589487],[114.0030638,22.4589649],[114.0030231,22.4589753],[114.0029795,22.458985],[114.0029341,22.4589931]],[[114.0032043,22.4589013],[114.003149,22.4589308],[114.0031086,22.4589487]],[[114.0024258,22.4599261],[114.0023063,22.4595764],[114.0022852,22.4595818],[114.002265,22.4595876],[114.0023845,22.4599373],[114.0024072,22.4599311],[114.0024258,22.4599261]],[[114.00552,22.4453041],[114.0055487,22.4453182],[114.0055577,22.4453226],[114.005739,22.4450027],[114.0057289,22.4449977],[114.0057037,22.4449854],[114.00552,22.4453041]],[[113.9976296,22.4337257],[113.9976417,22.4337112],[113.9976538,22.4336967],[113.997365,22.4334906],[113.9973518,22.4335064],[113.9973408,22.4335196],[113.9976296,22.4337257]],[[113.9923735,22.4297841],[113.9923853,22.4297725],[113.9923951,22.4297628],[113.9921129,22.4295263],[113.9920914,22.4295476],[113.9923735,22.4297841]],[[113.9869738,22.4241537],[113.9867143,22.4238855],[113.9867064,22.423892],[113.9866972,22.4238996],[113.9869567,22.4241679],[113.9869641,22.4241617],[113.9869738,22.4241537]],[[113.9819082,22.4186793],[113.9821075,22.4189714],[113.9821273,22.4189598],[113.9820601,22.4188612],[113.9819281,22.4186677],[113.9819185,22.4186733],[113.9819082,22.4186793]],[[113.9784141,22.4115812],[113.9783874,22.4116227],[113.9784093,22.4116972],[113.9783951,22.4117007],[113.9783788,22.4117057],[113.9785509,22.4122509],[113.9785667,22.4122458],[113.9785806,22.4122435],[113.9785489,22.4121406],[113.9785808,22.4121317],[113.9785453,22.4120145],[113.9784982,22.4118589],[113.9784141,22.4115812]],[[114.0060439,22.4493741],[114.0057414,22.4490823],[114.0056839,22.4490166],[114.0056576,22.4489717],[114.0056346,22.4489195],[114.0056175,22.4488411]],[[114.0056175,22.4488411],[114.0056139,22.4488169],[114.0055916,22.4487034],[114.0055679,22.4486214],[114.0055529,22.4485907],[114.0055311,22.4485642],[114.0055066,22.4485383],[114.00547,22.4485101],[114.0054313,22.4484898],[114.0053867,22.4484702]],[[114.0053867,22.4484702],[114.0052073,22.4483977]],[[114.0052073,22.4483977],[114.0050502,22.4483218]],[[114.0050502,22.4483218],[114.0049712,22.4482777],[114.0049024,22.4482254],[114.0048446,22.4481724],[114.004404,22.4477275],[114.0043395,22.4476496],[114.0043228,22.4475923]],[[114.0043228,22.4475923],[114.0043165,22.4475293],[114.0043367,22.4474558]],[[114.0043367,22.4474558],[114.0047836,22.4465914],[114.0048194,22.446518],[114.0054459,22.4454112],[114.0056138,22.4451156],[114.0057074,22.4449506],[114.0058504,22.4446928],[114.0058909,22.4446181],[114.0059177,22.4445531],[114.0059383,22.4444853],[114.0059506,22.4444225],[114.005957,22.4443511],[114.005958,22.4442983],[114.0059579,22.4442486],[114.0059533,22.4442006],[114.0059462,22.4441562],[114.005928,22.4440968],[114.0058859,22.4440004],[114.0056626,22.4435857],[114.0056184,22.443495],[114.0055708,22.4433923],[114.0055414,22.4433208],[114.0055121,22.4432377],[114.0054867,22.4431526],[114.0054579,22.4430378],[114.0054033,22.4427939],[114.0053475,22.4425243],[114.0053188,22.4424138],[114.0052915,22.4423288],[114.0052604,22.4422429],[114.0044531,22.4402528],[114.0044073,22.4401245],[114.0043677,22.4400015],[114.0043401,22.4398934],[114.0042967,22.4396838],[114.0042834,22.4395944],[114.0042693,22.4394783],[114.0042591,22.439372],[114.0042286,22.4387152]],[[114.0042286,22.4387152],[114.0042136,22.4385164],[114.0041972,22.4383603],[114.0041899,22.4383381],[114.0041723,22.4382993],[114.0041514,22.4382562],[114.0041279,22.4382239],[114.0040997,22.4381896],[114.0040699,22.4381636],[114.0040224,22.4381255]],[[114.0040224,22.4381255],[114.0038205,22.4380091],[114.003603,22.4378788]],[[114.003603,22.4378788],[114.0035618,22.4378499],[114.0034437,22.4377799],[114.0023462,22.437077],[114.0017678,22.4366864],[114.000799,22.4360086],[114.0007385,22.4359651],[114.0006988,22.4359379],[114.0005539,22.4358357],[114.0003606,22.4357026],[114.0003149,22.4356643],[114.0000239,22.4354616],[113.9998084,22.4353115],[113.9995586,22.4351176],[113.9994053,22.4350076],[113.9993193,22.4349458],[113.9990608,22.4347549],[113.9985812,22.4344188],[113.9984659,22.4343376],[113.9976598,22.4337709],[113.9974676,22.4336358],[113.9963135,22.432809],[113.9962358,22.4327574],[113.9954643,22.4322122],[113.9951562,22.431997],[113.9949768,22.4318728],[113.9948469,22.4317846],[113.9947232,22.4316963],[113.9945822,22.4315893],[113.9944456,22.431484],[113.9943112,22.4313766],[113.9939943,22.4311222],[113.9932437,22.4305219],[113.9931585,22.4304499],[113.9930519,22.4303625],[113.9924606,22.4298594],[113.9922253,22.4296735],[113.9917474,22.4292722],[113.9914853,22.4290072],[113.991422,22.4289431],[113.9913731,22.4288921],[113.9903639,22.4278392],[113.9902901,22.4277596],[113.9901476,22.4276166],[113.990099,22.4275647],[113.9891302,22.4265287],[113.9890798,22.4264768],[113.9890353,22.4264284],[113.9873102,22.4245539],[113.9872564,22.4244954],[113.9872292,22.4244676],[113.986814,22.424044],[113.9866045,22.4238234],[113.9863809,22.4235915],[113.9850826,22.4222074],[113.9850621,22.4221855],[113.9850331,22.4221565],[113.9849862,22.4221099],[113.9849704,22.4220943]],[[113.9849704,22.4220943],[113.9849531,22.4220778],[113.9849228,22.4220469],[113.9847707,22.4218922]],[[113.9847707,22.4218922],[113.9841508,22.4212619],[113.9840999,22.4212102],[113.9840607,22.4211693],[113.9840253,22.4211339],[113.9836162,22.4207249],[113.9831888,22.4202938],[113.9826262,22.4197025],[113.9822655,22.4192552],[113.9820934,22.4190296],[113.9819948,22.4188831],[113.9818604,22.4186794],[113.9817461,22.418477],[113.9813143,22.417675],[113.9812229,22.4174969]],[[113.9812229,22.4174969],[113.9810717,22.4172022]],[[113.9810717,22.4172022],[113.9804534,22.4159974]],[[113.9804534,22.4159974],[113.980311,22.4157199],[113.979814,22.4147732],[113.9797492,22.4146634],[113.9796838,22.4145701],[113.9795583,22.4144178],[113.9794518,22.4142879]],[[113.9794518,22.4142879],[113.979194,22.4139845],[113.9791343,22.4139185],[113.979071,22.4138449],[113.9790203,22.4137793],[113.9789689,22.41371],[113.9789159,22.4136202],[113.9788715,22.413535],[113.9788345,22.4134416],[113.978802,22.4133451],[113.9787741,22.4132431],[113.9787301,22.4130553],[113.9786243,22.4125511]],[[113.9786243,22.4125511],[113.9786122,22.4124951],[113.9786008,22.4124512],[113.9785867,22.4124038],[113.9785677,22.4123443],[113.9785561,22.4123097],[113.9785459,22.412281]],[[113.9785459,22.412281],[113.9784408,22.4119631]]]}},{"type":"Feature","properties":{"kind":"route","routeCode":"705","name":"MTR Light Rail 705","serviceNames":["Light Rail 705 (Tin Shui Wai Circular)"],"osmRelationIds":[2941692],"osmWayCount":47},"geometry":{"type":"MultiLineString","coordinates":[[[114.0060915,22.4498068],[114.0061417,22.4497652],[114.0056233,22.4492427],[114.0055993,22.4492639],[114.0056936,22.4493599],[114.0056801,22.4493718],[114.0056683,22.4493814],[114.0058831,22.4495954],[114.0060915,22.4498068]],[[114.0060969,22.4525758],[114.006085,22.4525703],[114.0060721,22.4525642],[114.0059027,22.4528726],[114.0059151,22.4528786],[114.0059275,22.4528843],[114.0060969,22.4525758]],[[114.0057223,22.4551166],[114.0056014,22.4547675],[114.0055832,22.4547729],[114.005567,22.4547777],[114.0056878,22.4551268],[114.0057045,22.4551219],[114.0057223,22.4551166]],[[114.0047867,22.4576429],[114.005085,22.457411],[114.0050631,22.4573871],[114.0047648,22.457619],[114.004775,22.4576301],[114.0047867,22.4576429]],[[114.0024258,22.4599261],[114.0023063,22.4595764],[114.0022852,22.4595818],[114.002265,22.4595876],[114.0023845,22.4599373],[114.0024072,22.4599311],[114.0024258,22.4599261]],[[114.0015788,22.4629504],[114.0015829,22.4625659],[114.0015558,22.4625657],[114.0015347,22.4625655],[114.0015307,22.4629499],[114.0015515,22.4629501],[114.0015788,22.4629504]],[[114.0029067,22.4657175],[114.0029263,22.4657089],[114.0029506,22.4656983],[114.0027838,22.4653724],[114.0027594,22.4653831],[114.0027398,22.4653916],[114.0029067,22.4657175]],[[114.002549,22.4693689],[114.0025241,22.4693623],[114.0025039,22.4693568],[114.0023956,22.4697023],[114.0024178,22.4697082],[114.0024411,22.4697144],[114.002549,22.4693689]],[[114.0009172,22.4698339],[114.0009358,22.4698172],[114.0009519,22.4698027],[114.0008249,22.4696799],[114.0006881,22.4695393],[114.0006716,22.4695534],[114.0006527,22.4695697],[114.0007882,22.469709],[114.0009172,22.4698339]],[[113.9987675,22.4668202],[113.9987496,22.4668298],[113.9987339,22.4668382],[113.998944,22.4671724],[113.9989619,22.4671627],[113.9989776,22.4671543],[113.9987675,22.4668202]],[[113.997643,22.4643651],[113.9977583,22.4647387],[113.997777,22.4647337],[113.9977957,22.4647288],[113.9976804,22.4643553],[113.9976617,22.4643602],[113.997643,22.4643651]],[[113.9969363,22.4618287],[113.9969536,22.4618205],[113.9969709,22.4618124],[113.9971435,22.4621378],[113.997126,22.4621457],[113.9971086,22.4621536],[113.9969363,22.4618287]],[[113.9993587,22.4561131],[113.9995401,22.4557972],[113.9995256,22.4557901],[113.9995135,22.4557841],[113.999332,22.4561],[113.9993463,22.4561071],[113.9993587,22.4561131]],[[114.0010544,22.4532675],[114.0012879,22.4529876],[114.0012792,22.4529814],[114.0012606,22.4529681],[114.0012523,22.4529622],[114.0010188,22.4532422],[114.0010353,22.4532539],[114.0010544,22.4532675]],[[114.0027158,22.4505857],[114.0028974,22.4502677],[114.0028881,22.4502632],[114.0028642,22.4502516],[114.0026831,22.4505697],[114.0027072,22.4505815],[114.0027158,22.4505857]],[[114.00591,22.4494881],[114.0059996,22.4495792]],[[114.0059996,22.4495792],[114.0061668,22.4497436],[114.006283,22.4498396],[114.006311,22.4498583],[114.0066347,22.4500568],[114.0066752,22.4500846],[114.0067236,22.4501226]],[[114.0067236,22.4501226],[114.0068138,22.4502136]],[[114.0068138,22.4502136],[114.0069478,22.450351],[114.0070105,22.4504226],[114.0070397,22.4504637],[114.0070636,22.4505026],[114.0070782,22.4505301],[114.0070955,22.4505747],[114.0071067,22.4506147],[114.0071134,22.4506535],[114.0071154,22.4507009],[114.0071127,22.4507533],[114.0071066,22.4507906],[114.0070972,22.4508247],[114.0070853,22.450861],[114.0070714,22.4508963],[114.0070534,22.4509334],[114.0066582,22.4516412]],[[114.0066582,22.4516412],[114.0062755,22.4523212],[114.0062135,22.4524318],[114.006036,22.4527465],[114.0059287,22.4529373],[114.0056001,22.4535236],[114.0055041,22.453706],[114.0054863,22.4537478],[114.0054762,22.45378],[114.005464,22.4538258],[114.0054429,22.4539195],[114.0054316,22.4540479],[114.0054349,22.4541545],[114.0054467,22.4542362],[114.0054899,22.4543977],[114.0055964,22.4547067],[114.0056769,22.4549411],[114.0057866,22.4552526],[114.0059244,22.4556534],[114.0059773,22.4558453],[114.0060002,22.4560006],[114.0060044,22.4561056],[114.0059844,22.4562672],[114.0059758,22.4563338],[114.0059498,22.4564353],[114.0059458,22.4564568],[114.0059055,22.4565695],[114.0058923,22.4566031],[114.0058447,22.4567043],[114.0057746,22.4568089],[114.0057046,22.4568993],[114.0056222,22.4569905],[114.0054953,22.4571107],[114.0049475,22.4575383],[114.0046441,22.4577669],[114.0040221,22.4582579],[114.0032478,22.4588661],[114.0032043,22.4589013]],[[114.0032043,22.4589013],[114.003149,22.4589308],[114.0031086,22.4589487]],[[114.0031086,22.4589487],[114.0030638,22.4589649],[114.0030231,22.4589753],[114.0029795,22.458985],[114.0029341,22.4589931]],[[114.0029341,22.4589931],[114.002888,22.4589982],[114.0028384,22.4590015],[114.0027347,22.4590015]],[[114.0027347,22.4590015],[114.0026753,22.4590036],[114.0026096,22.4590113],[114.0025534,22.4590259],[114.002508,22.4590489],[114.0024666,22.459082],[114.0024366,22.4591181],[114.002406,22.4591646],[114.0023618,22.4592358]],[[114.0023618,22.4592358],[114.0022909,22.4593576]],[[114.0022909,22.4593576],[114.0022864,22.4593815],[114.0022839,22.459411],[114.0022861,22.4594466],[114.0022921,22.4594756],[114.0023005,22.4595029],[114.0023817,22.4597405],[114.0024661,22.4599945],[114.0024749,22.4600327],[114.0024761,22.4600573],[114.0024733,22.4600819]],[[114.0024733,22.4600819],[114.0024104,22.4602004]],[[114.0024104,22.4602004],[114.0023519,22.4603074]],[[114.0023519,22.4603074],[114.002308,22.4603874],[114.0022328,22.4605276],[114.0021845,22.4606124]],[[114.0021845,22.4606124],[114.0021178,22.4607306],[114.002083,22.4607871],[114.0020681,22.4608137],[114.0019893,22.4609457],[114.0019068,22.4610919]],[[114.0019068,22.4610919],[114.001878,22.4611377],[114.0017733,22.46133],[114.0017449,22.461385],[114.001712,22.4614552],[114.0016888,22.4615127],[114.0016689,22.4615697],[114.0016511,22.4616281],[114.0016341,22.4616971],[114.0016187,22.4617813],[114.0016106,22.4618436],[114.0016056,22.4619184],[114.0016046,22.4619622],[114.0016014,22.4620727],[114.0016016,22.4621703],[114.0015984,22.462495],[114.001595,22.4627676],[114.0015923,22.463108],[114.0015941,22.4631423],[114.0015981,22.4632212],[114.0016055,22.4632994],[114.0016162,22.4633802],[114.0016327,22.4634718],[114.0016524,22.4635621],[114.0016772,22.4636553],[114.0017006,22.4637299],[114.0017297,22.4638135],[114.0017638,22.4638988],[114.0017931,22.4639646],[114.0018238,22.464028],[114.0018604,22.4640981],[114.0019011,22.4641687],[114.0019342,22.4642226],[114.0019731,22.4642818],[114.0020089,22.4643328],[114.002058,22.4643978],[114.0021082,22.4644603],[114.0021358,22.464492],[114.0021634,22.4645237],[114.0021875,22.4645493],[114.0022454,22.4646136],[114.002308,22.4646777],[114.0023707,22.464747],[114.0024492,22.4648273],[114.0025105,22.4648964],[114.0025479,22.4649416],[114.0025739,22.4649752],[114.0025992,22.4650106],[114.0026245,22.4650482],[114.0026513,22.465091],[114.0026773,22.4651366],[114.0027779,22.46533],[114.0028777,22.4655254],[114.0030421,22.4658434],[114.0034466,22.4666335],[114.0035478,22.4668265],[114.0035635,22.4668601],[114.0035785,22.4669009],[114.0035905,22.4669413],[114.0035978,22.4669781],[114.003603,22.4670218],[114.0036044,22.4670622],[114.0036016,22.4671131],[114.0035972,22.4671457],[114.0035911,22.4671777],[114.0035809,22.4672138],[114.0035677,22.4672507],[114.0035513,22.4672861],[114.0035357,22.4673115],[114.0035178,22.4673368],[114.0033588,22.4675439],[114.0032686,22.4676708],[114.0031719,22.4678201],[114.0031103,22.4679241],[114.0030607,22.468014],[114.0030084,22.4681157],[114.0029634,22.4682094],[114.0029119,22.4683275],[114.002858,22.4684631],[114.0027771,22.4686926],[114.0027221,22.4688607],[114.002683,22.4689828],[114.0025773,22.469325],[114.0025104,22.4695421],[114.0024163,22.4698468],[114.0023625,22.470021],[114.002344,22.4700767],[114.0023234,22.4701295],[114.0023018,22.4701747],[114.0022806,22.470213],[114.0022561,22.4702491],[114.0022311,22.4702808],[114.0022036,22.4703102],[114.0021799,22.4703313],[114.0021523,22.4703534],[114.0021184,22.4703764],[114.0020809,22.4703979],[114.0020447,22.4704148],[114.0020107,22.4704282],[114.0019715,22.4704399],[114.0019234,22.4704505],[114.0018835,22.470456],[114.0018426,22.4704586],[114.0018,22.4704579],[114.0017606,22.4704545],[114.0017269,22.4704494],[114.0016967,22.4704426],[114.0016593,22.4704318],[114.0016241,22.4704194],[114.0015886,22.4704037],[114.0015491,22.4703831],[114.0015058,22.4703562],[114.0014673,22.4703296],[114.0014285,22.4702997],[114.0013829,22.4702625],[114.0011242,22.4700413],[114.001045,22.469971],[114.0009289,22.4698645],[114.0008632,22.4698021],[114.0007733,22.4697143],[114.0006358,22.4695733],[114.0005409,22.4694707],[114.0004349,22.4693515],[114.0003594,22.4692635],[114.0002364,22.4691136],[114.0001111,22.4689511],[114.0000225,22.4688301],[113.9999282,22.468697],[113.9993595,22.4678434]],[[113.9993595,22.4678434],[113.9991676,22.4675479],[113.9989394,22.4672],[113.9989272,22.4671814],[113.9988215,22.4670133],[113.9987171,22.4668473],[113.9986519,22.4667393],[113.9986284,22.4667003],[113.9986027,22.4666571],[113.9985108,22.4664933],[113.9984721,22.4664228],[113.9983789,22.466247],[113.998312,22.4661126]],[[113.998312,22.4661126],[113.9983057,22.4660999],[113.9982543,22.4660053],[113.9981483,22.4657836],[113.9980427,22.4655483],[113.9979436,22.4653105],[113.9978509,22.4650701],[113.9977479,22.4647704],[113.9977396,22.4647436],[113.9976819,22.4645568],[113.9976243,22.4643701],[113.9975849,22.4642425],[113.9975084,22.4639605],[113.9974015,22.4634612]],[[113.9974015,22.4634612],[113.9972533,22.4625389],[113.9972492,22.4625213],[113.9972412,22.462487],[113.9972245,22.4624331],[113.997204,22.4623804],[113.9971803,22.4623299],[113.9970911,22.4621615],[113.9970051,22.4619992],[113.996919,22.4618369],[113.9968673,22.4617381],[113.9968493,22.4616866],[113.9968366,22.4616351],[113.996829,22.4615828],[113.9968263,22.4615288],[113.9968291,22.4613828],[113.9968294,22.4613649],[113.9968348,22.4610244],[113.9968391,22.4608969]],[[113.9968391,22.4608969],[113.9968432,22.46083],[113.9968495,22.4607657],[113.9968618,22.4606744],[113.9968825,22.4605684],[113.996911,22.4604573],[113.9969406,22.460364],[113.9969716,22.4602826],[113.9970128,22.4601883],[113.9970456,22.4601226],[113.9970534,22.460107],[113.9970796,22.4600579],[113.9972018,22.4598346],[113.9973038,22.4596608],[113.9974867,22.4593314]],[[113.9974867,22.4593314],[113.9975305,22.4592597],[113.9976009,22.4591343],[113.9976238,22.4590936]],[[113.9976238,22.4590936],[113.9977422,22.4588831],[113.9978845,22.4586308],[113.9979839,22.4584538]],[[113.9979839,22.4584538],[113.9980333,22.4583713],[113.9984268,22.4576621],[113.9984779,22.4575696],[113.9985257,22.4574872],[113.9992805,22.4561333],[113.9994144,22.4558962],[113.999551,22.4556611],[113.9996019,22.4555787],[113.9996455,22.4555033],[114.0001491,22.4546076]],[[114.0001491,22.4546076],[114.0005309,22.4539208]],[[114.0005309,22.4539208],[114.0006467,22.4537138],[114.0006965,22.4536324],[114.0007354,22.4535737],[114.0007855,22.4535034],[114.0008454,22.4534266],[114.0009857,22.4532584],[114.0011278,22.4530876],[114.0012806,22.4529053],[114.0014273,22.4527257],[114.0014712,22.4526689],[114.0015141,22.4526086],[114.0015518,22.4525508],[114.0015798,22.4525039],[114.0016603,22.4523634],[114.0016743,22.4523391],[114.0017353,22.4522339],[114.0017639,22.4521818],[114.0017954,22.4521235],[114.0018309,22.4520581],[114.0024214,22.4510039],[114.0024908,22.4508761],[114.0025724,22.4507363],[114.0027833,22.4503653],[114.002872,22.450208],[114.0036447,22.4488354],[114.0037063,22.4487235],[114.0037602,22.4486226],[114.0038037,22.4485368],[114.0038584,22.4484243],[114.0039314,22.4482625]],[[114.0039314,22.4482625],[114.0039439,22.4482393],[114.003959,22.4482148],[114.0040491,22.4480803],[114.0040656,22.448057],[114.0040794,22.4480401],[114.0040977,22.4480217],[114.0041222,22.4480028],[114.0041497,22.4479865],[114.004181,22.4479731],[114.0042083,22.4479656],[114.0042383,22.4479606],[114.0042644,22.4479592],[114.00429,22.4479617]],[[114.00429,22.4479617],[114.0043458,22.4479733],[114.0044029,22.4479952],[114.0044709,22.4480373]],[[114.0044709,22.4480373],[114.0047821,22.4483322],[114.0048934,22.4484518],[114.0049209,22.4484859],[114.0049703,22.4485514],[114.0050161,22.4486227],[114.0050564,22.4487226]],[[114.0050564,22.4487226],[114.0050768,22.4487645]],[[114.0050768,22.4487645],[114.0050912,22.4488026],[114.0051126,22.4488377],[114.0051712,22.4488936],[114.0052226,22.4489161],[114.0052684,22.4489283]],[[114.0052684,22.4489283],[114.005289,22.4489334]],[[114.005289,22.4489334],[114.0053431,22.4489558],[114.005391,22.4489847],[114.0054373,22.4490237],[114.0054873,22.4490715],[114.0056126,22.4491959],[114.00591,22.4494881]]]}},{"type":"Feature","properties":{"kind":"route","routeCode":"706","name":"MTR Light Rail 706","serviceNames":["Light Rail 706 (Tin Shui Wai Circular)"],"osmRelationIds":[2941790],"osmWayCount":37},"geometry":{"type":"MultiLineString","coordinates":[[[114.0063272,22.4496077],[114.0063845,22.4495589],[114.0059561,22.4491263],[114.0059399,22.4491391],[114.0059262,22.4491511],[114.0058356,22.4490607],[114.0058199,22.4490743],[114.005804,22.4490883],[114.0063272,22.4496077]],[[114.0026228,22.4505412],[114.0028046,22.4502229],[114.0027811,22.4502114],[114.0027727,22.4502073],[114.0025895,22.4505249],[114.002598,22.4505291],[114.0026228,22.4505412]],[[114.000963,22.4531993],[114.0011935,22.4529235],[114.0011827,22.4529158],[114.0011652,22.4529033],[114.0011569,22.4528974],[114.0009265,22.4531733],[114.0009477,22.4531884],[114.000963,22.4531993]],[[113.9992524,22.4560607],[113.9994324,22.4557407],[113.9994181,22.4557337],[113.9994067,22.4557274],[113.9992277,22.4560486],[113.9992423,22.4560562],[113.9992524,22.4560607]],[[113.9968325,22.4618779],[113.9968498,22.4618697],[113.9968671,22.4618615],[113.9970387,22.4621852],[113.9970212,22.4621931],[113.9970038,22.462201],[113.9968325,22.4618779]],[[113.9975308,22.4643947],[113.9975495,22.4643898],[113.9975682,22.4643848],[113.9976835,22.4647584],[113.9976648,22.4647633],[113.9976461,22.4647682],[113.9975308,22.4643947]],[[113.9988431,22.4672265],[113.998861,22.4672169],[113.9988767,22.4672085],[113.9986666,22.4668743],[113.9986487,22.4668839],[113.998633,22.4668924],[113.9988431,22.4672265]],[[114.0005653,22.4696414],[114.0005802,22.4696288],[114.0006012,22.4696109],[114.0007345,22.4697474],[114.0008669,22.4698757],[114.0008443,22.4698957],[114.0008312,22.4699073],[114.0006989,22.4697778],[114.0005653,22.4696414]],[[114.0026121,22.4693855],[114.0026395,22.4693927],[114.002659,22.4693979],[114.0025516,22.469745],[114.0025332,22.4697402],[114.002505,22.4697328],[114.0026121,22.4693855]],[[114.0030121,22.4656716],[114.0030384,22.4656601],[114.0030563,22.4656522],[114.0028888,22.4653259],[114.0028709,22.4653338],[114.002845,22.4653451],[114.0030121,22.4656716]],[[114.0016942,22.4629518],[114.0016984,22.4625674],[114.0016748,22.4625672],[114.0016496,22.462567],[114.0016459,22.4629513],[114.0016724,22.4629516],[114.0016942,22.4629518]],[[114.0027821,22.459728],[114.0029458,22.4594439],[114.0029324,22.4594373],[114.0029079,22.4594252],[114.0027441,22.4597093],[114.0027684,22.4597212],[114.0027821,22.459728]],[[114.0048582,22.4577175],[114.0051565,22.4574856],[114.0051346,22.4574618],[114.0048363,22.4576936],[114.004847,22.4577056],[114.0048582,22.4577175]],[[114.0058211,22.4550898],[114.0057038,22.4547396],[114.0056866,22.4547446],[114.0056692,22.4547495],[114.0057865,22.4550997],[114.0058038,22.4550947],[114.0058211,22.4550898]],[[114.0061963,22.4526227],[114.0061854,22.4526176],[114.0061715,22.452611],[114.0060021,22.4529195],[114.0060158,22.4529259],[114.0060269,22.4529311],[114.0061963,22.4526227]],[[113.9979259,22.458481],[113.9978301,22.4586488],[113.9978123,22.4586778]],[[113.9978123,22.4586778],[113.9977902,22.4587158],[113.9976403,22.4589787]],[[113.9976403,22.4589787],[113.9973745,22.4594505],[113.9972664,22.4596435],[113.9971678,22.4598188],[113.9970426,22.4600426],[113.9970101,22.4601026],[113.9970073,22.4601082],[113.9969752,22.4601724],[113.996935,22.460264],[113.9969054,22.4603405],[113.9968753,22.460432],[113.9968516,22.4605197],[113.9968328,22.4606047],[113.9968174,22.4606959],[113.9968094,22.4607573],[113.996804,22.460815],[113.9967997,22.4608937]],[[113.9967997,22.4608937],[113.9967963,22.4610073],[113.9967906,22.4613643],[113.9967902,22.4613822],[113.9967874,22.4615293],[113.9967902,22.461586],[113.9967972,22.4616375],[113.9968118,22.4616961],[113.99683,22.4617483],[113.9968844,22.4618533],[113.9969703,22.4620153],[113.9970562,22.4621773],[113.997145,22.4623449],[113.9971679,22.4623936],[113.9971875,22.4624441],[113.9972034,22.4624957],[113.9972112,22.4625289],[113.9972153,22.4625464],[113.9973612,22.4634669]],[[113.9973612,22.4634669],[113.9974706,22.4639688],[113.9975475,22.4642524],[113.9975869,22.4643799],[113.9976446,22.4645667],[113.9977022,22.4647534],[113.9977105,22.4647803],[113.9978143,22.4650822],[113.9979072,22.465323],[113.9980066,22.4655616],[113.9981126,22.4657978],[113.998169,22.4659163],[113.9982188,22.4660176],[113.9982671,22.4661132],[113.9983438,22.4662624],[113.9984535,22.4664694],[113.9984848,22.4665238]],[[113.9984848,22.4665238],[113.9985684,22.466674],[113.998595,22.4667188],[113.9986835,22.4668653],[113.9987878,22.4670313],[113.9988936,22.4671994],[113.9989058,22.467218],[113.9990967,22.4675087]],[[113.9990967,22.4675087],[113.9993261,22.4678619],[113.9998967,22.4687182],[113.999991,22.4688512],[114.0000593,22.468945],[114.0001647,22.4690838],[114.0002601,22.4692028],[114.0003469,22.4693071],[114.0004261,22.4693989],[114.0005105,22.4694937],[114.0006207,22.4696115],[114.0007447,22.4697388],[114.0009009,22.4698896],[114.0010008,22.4699817],[114.0011206,22.4700877],[114.0014023,22.4703275],[114.0014383,22.4703566],[114.0014766,22.4703859],[114.0015137,22.4704116],[114.0015459,22.4704317],[114.0015783,22.47045],[114.0016162,22.4704674],[114.0016538,22.4704816],[114.0016944,22.4704941],[114.0017328,22.4705027],[114.0017705,22.4705082],[114.0018111,22.4705119],[114.0018565,22.4705121],[114.001904,22.4705088],[114.001955,22.4705008],[114.0019966,22.4704905],[114.0020418,22.4704758],[114.0020825,22.4704586],[114.0021223,22.4704381],[114.0021637,22.4704118],[114.0022032,22.4703814],[114.0022363,22.4703509],[114.0022644,22.4703201],[114.0022939,22.4702819],[114.0023195,22.4702405],[114.0023429,22.4701929],[114.0023608,22.4701488],[114.0023773,22.4701019],[114.0024533,22.4698564],[114.0025471,22.4695513],[114.002614,22.4693342],[114.0026829,22.4691091],[114.0027655,22.468851],[114.0028144,22.468703],[114.0028742,22.4685319],[114.0029271,22.4683933],[114.0029802,22.4682672],[114.0030328,22.4681544],[114.0030835,22.4680543],[114.0031217,22.4679829],[114.0031597,22.4679161],[114.0031983,22.4678508],[114.0032484,22.4677713],[114.0033033,22.4676882],[114.003371,22.4675922],[114.0034425,22.4674964],[114.0035725,22.4673322],[114.0035898,22.4673083],[114.0036057,22.4672813],[114.0036195,22.4672529],[114.0036339,22.4672153],[114.0036431,22.4671851],[114.00365,22.4671527],[114.0036557,22.4671097],[114.0036573,22.4670626],[114.0036551,22.4670218],[114.0036502,22.4669859],[114.0036421,22.4669493],[114.0036317,22.4669157],[114.0036176,22.4668789],[114.003605,22.4668526],[114.0035339,22.4667125],[114.0034738,22.4665976],[114.0030778,22.4658269],[114.0029157,22.4655122],[114.0028141,22.4653144],[114.0026861,22.465074],[114.0026511,22.465019],[114.0026183,22.4649708],[114.0025764,22.4649157],[114.0025342,22.4648656],[114.0024831,22.4648083],[114.0024483,22.4647707],[114.0024136,22.4647331],[114.0023474,22.4646644],[114.002284,22.4645991],[114.0022273,22.4645361],[114.002203,22.4645103],[114.002146,22.4644465],[114.0021013,22.464392],[114.0020534,22.4643296],[114.0020124,22.4642721],[114.001967,22.4642033],[114.0019265,22.4641372],[114.00189,22.4640726],[114.0018576,22.4640101],[114.0018293,22.4639517],[114.0017963,22.4638772],[114.0017677,22.4638053],[114.0017407,22.4637302],[114.0017165,22.4636534],[114.001687,22.4635416],[114.0016708,22.4634682],[114.0016567,22.463391],[114.0016456,22.4633081],[114.0016359,22.4632012],[114.0016327,22.4631408],[114.0016315,22.4631083],[114.001634,22.4627679],[114.0016372,22.4624946],[114.0016394,22.4622408],[114.00164,22.4621744],[114.001641,22.4620776],[114.001643,22.4619658],[114.0016447,22.4619182],[114.0016501,22.4618453],[114.0016577,22.4617873],[114.0016726,22.4617068],[114.0016909,22.4616339],[114.00171,22.461572],[114.0017311,22.4615136],[114.0017523,22.4614625],[114.001779,22.4614067],[114.0018125,22.4613421],[114.0019147,22.4611539],[114.0019648,22.46107]],[[114.0019648,22.46107],[114.0020934,22.4608553],[114.0021596,22.460731],[114.0022213,22.4606115]],[[114.0022213,22.4606115],[114.0023118,22.4604472],[114.0023374,22.4604016],[114.0026536,22.4598391],[114.0028292,22.4595274],[114.0029597,22.4593004]],[[114.0029597,22.4593004],[114.0029836,22.459256],[114.0030188,22.4591966],[114.0030766,22.459112],[114.0031423,22.4590242],[114.0031849,22.458976],[114.0032321,22.4589278],[114.0032734,22.4588949],[114.0040419,22.4582861],[114.0046666,22.4577908],[114.0049707,22.4575666],[114.0054568,22.4571902],[114.0055263,22.4571333],[114.0055989,22.4570695],[114.005662,22.4570091],[114.0057259,22.4569406],[114.0057881,22.4568652],[114.0058417,22.456788],[114.005888,22.4567096],[114.0059194,22.4566476],[114.0059505,22.4565769],[114.0059725,22.4565189],[114.0059903,22.4564633],[114.0060124,22.4563864],[114.0060245,22.45634],[114.0060367,22.4562627],[114.0060502,22.456105],[114.0060471,22.455997],[114.0060218,22.4558372],[114.005965,22.4556432],[114.0058194,22.4552423],[114.0057105,22.454932],[114.0056355,22.4546941],[114.0055349,22.4543892],[114.005495,22.4542318],[114.0054836,22.4541518],[114.0054776,22.4540663],[114.0054849,22.4539385],[114.0055061,22.453838],[114.0055166,22.4537936],[114.0055276,22.4537621],[114.0055437,22.4537187],[114.0056369,22.4535402],[114.0059613,22.4529531],[114.0060687,22.4527625],[114.0062462,22.4524476],[114.0063103,22.452338],[114.0067001,22.4516606]],[[114.0067001,22.4516606],[114.0070953,22.4509566],[114.0071258,22.4508934],[114.0071453,22.4508472],[114.0071569,22.4508112],[114.0071649,22.4507767],[114.0071701,22.4507381],[114.0071723,22.4506974],[114.0071694,22.4506488],[114.007161,22.4506008],[114.0071497,22.4505633],[114.007132,22.4505212],[114.0071083,22.4504772],[114.0070813,22.4504372],[114.0070464,22.4503934],[114.0069985,22.45034],[114.0068467,22.4501835]],[[114.0068467,22.4501835],[114.0063038,22.4496297],[114.006138,22.4494635]],[[114.006138,22.4494635],[114.0060439,22.4493741]],[[114.0060439,22.4493741],[114.0057414,22.4490823],[114.0056839,22.4490166],[114.0056576,22.4489717],[114.0056346,22.4489195],[114.0056175,22.4488411]],[[114.0056175,22.4488411],[114.0056139,22.4488169],[114.0055916,22.4487034],[114.0055679,22.4486214],[114.0055529,22.4485907],[114.0055311,22.4485642],[114.0055066,22.4485383],[114.00547,22.4485101],[114.0054313,22.4484898],[114.0053867,22.4484702]],[[114.0053867,22.4484702],[114.0052073,22.4483977]],[[114.0052073,22.4483977],[114.0051142,22.4483812]],[[114.0051142,22.4483812],[114.0050487,22.4483682],[114.0049724,22.4483481],[114.0049054,22.4483168],[114.004835,22.4482653],[114.0045443,22.4479953],[114.0044787,22.4479425],[114.0044025,22.4479069],[114.004346,22.4478974],[114.004274,22.4478883],[114.0042184,22.4478912]],[[114.0042184,22.4478912],[114.0041843,22.4478988],[114.0041566,22.4479073],[114.0041291,22.4479179],[114.004097,22.4479359],[114.0040654,22.4479602],[114.0040474,22.4479768],[114.0040318,22.4479933],[114.0040158,22.4480154],[114.0038696,22.4482368],[114.0038555,22.4482603],[114.0038424,22.4482854]],[[114.0038424,22.4482854],[114.0036983,22.4486173],[114.0036418,22.4487385],[114.0035759,22.4488708],[114.0035008,22.4490128],[114.003453,22.4491004],[114.0028394,22.4501917],[114.0027493,22.4503513],[114.0025409,22.4507208],[114.0024601,22.4508613],[114.0023898,22.4509881],[114.0017989,22.4520426],[114.0017645,22.4521065],[114.0017325,22.4521651],[114.0017036,22.4522174],[114.0016417,22.4523242],[114.0016268,22.4523488],[114.0015641,22.4524565],[114.0015322,22.45251],[114.0015026,22.4525568],[114.0014692,22.4526056],[114.0014372,22.4526507],[114.0014033,22.4526951],[114.0013159,22.4528071],[114.0012516,22.452886],[114.0010998,22.453067],[114.0009575,22.4532376],[114.0008288,22.4533915],[114.0007691,22.4534655],[114.0007124,22.4535424],[114.0006684,22.4536079],[114.0006252,22.4536772],[114.0004977,22.453905]],[[114.0004977,22.453905],[114.0001127,22.4545907]],[[114.0001127,22.4545907],[113.9996123,22.4554867],[113.9995676,22.4555613],[113.9995184,22.455644],[113.9993853,22.4558814],[113.999251,22.4561192],[113.9984939,22.4574728],[113.9984477,22.4575533],[113.9983957,22.4576468],[113.9980258,22.4583086],[113.9979998,22.4583551],[113.9979259,22.458481]]]}},{"type":"Feature","properties":{"kind":"route","routeCode":"761P","name":"MTR Light Rail 761P","serviceNames":["Light Rail 761P (Tin Yat â Yuen Long)","Light Rail 761P (Yuen Long â Tin Yat)"],"osmRelationIds":[2942633,6485221],"osmWayCount":80},"geometry":{"type":"MultiLineString","coordinates":[[[114.0348256,22.4458041],[114.0348256,22.4457874],[114.0348255,22.4457708],[114.0344063,22.4457726],[114.0344065,22.4457892],[114.0344065,22.4458059],[114.0347375,22.4458045],[114.0348256,22.4458041]],[[114.0297434,22.4444453],[114.0303139,22.4444386],[114.0303137,22.4444244],[114.0303135,22.4444147],[114.0297431,22.4444213],[114.0297432,22.4444308],[114.0297434,22.4444453]],[[114.0271098,22.4444572],[114.02754,22.4444504],[114.0275402,22.444459],[114.0275404,22.4444701],[114.0271102,22.4444769],[114.02711,22.4444666],[114.0271098,22.4444572]],[[114.0235791,22.4445004],[114.0241423,22.4444904],[114.024142,22.4444766],[114.0241417,22.4444673],[114.0235785,22.4444773],[114.0235787,22.444486],[114.0235791,22.4445004]],[[114.0202836,22.444452],[114.0206769,22.4445153],[114.0206781,22.4445088],[114.0206812,22.4444926],[114.0202879,22.4444292],[114.020286,22.4444379],[114.0202836,22.444452]],[[114.0125769,22.4430619],[114.0125834,22.4430478],[114.0125889,22.4430359],[114.0122322,22.4428957],[114.0122262,22.4429112],[114.0122203,22.4429217],[114.0125769,22.4430619]],[[114.0078272,22.4404852],[114.0078473,22.4404582],[114.0075081,22.440243],[114.0075014,22.4402521],[114.007488,22.4402701],[114.0078272,22.4404852]],[[114.0054291,22.4452628],[114.0054364,22.4452663],[114.005464,22.4452795],[114.0056457,22.4449541],[114.0056187,22.4449413],[114.00561,22.4449371],[114.0054291,22.4452628]],[[114.0026228,22.4505412],[114.0028046,22.4502229],[114.0027811,22.4502114],[114.0027727,22.4502073],[114.0025895,22.4505249],[114.002598,22.4505291],[114.0026228,22.4505412]],[[114.000963,22.4531993],[114.0011935,22.4529235],[114.0011827,22.4529158],[114.0011652,22.4529033],[114.0011569,22.4528974],[114.0009265,22.4531733],[114.0009477,22.4531884],[114.000963,22.4531993]],[[113.9992524,22.4560607],[113.9994324,22.4557407],[113.9994181,22.4557337],[113.9994067,22.4557274],[113.9992277,22.4560486],[113.9992423,22.4560562],[113.9992524,22.4560607]],[[113.9968325,22.4618779],[113.9968498,22.4618697],[113.9968671,22.4618615],[113.9970387,22.4621852],[113.9970212,22.4621931],[113.9970038,22.462201],[113.9968325,22.4618779]],[[113.9975308,22.4643947],[113.9975495,22.4643898],[113.9975682,22.4643848],[113.9976835,22.4647584],[113.9976648,22.4647633],[113.9976461,22.4647682],[113.9975308,22.4643947]],[[113.9991924,22.466592],[113.9991756,22.466601],[113.9991588,22.4666101],[113.9993689,22.4669442],[113.9994025,22.4669261],[113.9991924,22.466592]],[[114.0346217,22.4457565],[114.0349085,22.445755],[114.0349902,22.4457537],[114.0350298,22.4457478],[114.0350671,22.4457333],[114.0351881,22.4456532]],[[114.0351881,22.4456532],[114.0352029,22.4456397],[114.0352558,22.4456022]],[[114.0352558,22.4456022],[114.0353985,22.4455007],[114.0354335,22.4454886],[114.0354711,22.4454807]],[[114.0354711,22.4454807],[114.0358064,22.4454754],[114.0358599,22.4454598],[114.0359121,22.4454314],[114.0359501,22.4453948],[114.0359772,22.4453619],[114.0360002,22.4453165]],[[114.0360002,22.4453165],[114.0360053,22.4453022],[114.0360174,22.4452629],[114.0360215,22.4452236],[114.0360221,22.4451755],[114.0360147,22.4451278],[114.0359996,22.4450817],[114.0359862,22.4450435],[114.0359665,22.4450077],[114.0359411,22.444975],[114.0359107,22.4449463],[114.0358687,22.4449181],[114.035822,22.4448974],[114.0357719,22.4448848],[114.0357202,22.4448808],[114.0356742,22.444882],[114.0356293,22.4448911],[114.0355868,22.4449075],[114.0355484,22.4449309],[114.0355137,22.4449621],[114.0354861,22.4449988],[114.0354666,22.4450398]],[[114.0354666,22.4450398],[114.0354579,22.4450692],[114.03542,22.4452166],[114.035389,22.4452862],[114.0353451,22.4453478],[114.03529,22.4453895],[114.0352264,22.4454098],[114.0351614,22.4454134],[114.0348688,22.4454135],[114.0346197,22.4454141],[114.0345815,22.4454203],[114.0345455,22.4454325],[114.0345192,22.4454459],[114.03432,22.4455852],[114.0342442,22.4456358],[114.0341999,22.445652],[114.0341502,22.4456632],[114.0339969,22.445677]],[[114.0339969,22.445677],[114.0339253,22.4456895],[114.0338689,22.4457069],[114.033826,22.4457256],[114.0337912,22.445741],[114.0337472,22.4457557],[114.0337027,22.4457628],[114.0336795,22.4457646],[114.0336568,22.4457637],[114.0336284,22.4457602],[114.0335993,22.4457538],[114.033579,22.4457476],[114.0335586,22.4457399],[114.0334031,22.4456739],[114.0333474,22.4456478],[114.0332925,22.4456196],[114.0332332,22.4455844],[114.0331629,22.4455371],[114.0331191,22.4455042],[114.0330722,22.4454653],[114.0330245,22.4454226],[114.0329672,22.4453645],[114.0329464,22.4453413],[114.0328738,22.4452587],[114.0328318,22.4452121]],[[114.0328318,22.4452121],[114.0327309,22.445099]],[[114.0327309,22.445099],[114.0326797,22.4450427],[114.0323472,22.4446709],[114.0323126,22.4446339],[114.0322829,22.4446044],[114.0322565,22.4445809],[114.032231,22.4445598],[114.0322002,22.4445358],[114.032172,22.4445177],[114.0321441,22.444503],[114.0321197,22.4444899],[114.032081,22.4444752],[114.0320485,22.4444633],[114.032014,22.4444529],[114.0319679,22.4444421],[114.0319212,22.444434],[114.0318706,22.4444275],[114.0318124,22.4444228],[114.0317689,22.4444209],[114.0300285,22.4444481],[114.0296754,22.4444501],[114.0296265,22.4444518],[114.0294695,22.4444514],[114.029295,22.444457],[114.0292742,22.4444574],[114.0279452,22.4444809],[114.0273253,22.4444841],[114.0269604,22.4444869],[114.0259777,22.4444946]],[[114.0259777,22.4444946],[114.0256491,22.4445032]],[[114.0256491,22.4445032],[114.0251652,22.4445188],[114.025067,22.444519],[114.0243628,22.4445077],[114.0238837,22.4445167],[114.0232438,22.4445266],[114.0224164,22.4445393],[114.0223667,22.4445395],[114.0222946,22.444541],[114.0222026,22.4445419],[114.022142,22.4445425],[114.0212934,22.4445531],[114.0212209,22.4445568],[114.0211339,22.4445586],[114.0209854,22.4445568],[114.0208855,22.4445518],[114.0207806,22.4445433],[114.020673,22.4445307],[114.0204769,22.4444986],[114.0201647,22.4444468],[114.0180787,22.4440799],[114.0179876,22.4440682],[114.0178922,22.4440582],[114.0177817,22.4440517],[114.0176543,22.4440515],[114.0175292,22.4440548],[114.0171656,22.4440657],[114.0170775,22.4440684],[114.0169776,22.4440693],[114.0168816,22.4440702],[114.0167923,22.4440676],[114.0167179,22.4440622],[114.0166265,22.4440513],[114.0165858,22.4440426],[114.0163127,22.4439894],[114.0161244,22.4439523]],[[114.0161244,22.4439523],[114.0152285,22.4437911],[114.0147414,22.4437007],[114.0143425,22.4436053],[114.0139255,22.4435052],[114.0134874,22.4433776],[114.0130256,22.4432323],[114.0125937,22.4430832],[114.0123818,22.4429984],[114.0120859,22.4428778],[114.0117962,22.4427628],[114.0113544,22.4425773],[114.0112466,22.442532],[114.0112136,22.4425182],[114.0111645,22.4424975],[114.0110755,22.4424502],[114.0108483,22.4423337],[114.0106623,22.4422337],[114.0105271,22.442161],[114.0104332,22.4421057],[114.0102609,22.4420041],[114.0093445,22.441452],[114.008386,22.4408534],[114.0083426,22.4408263],[114.0082871,22.4407952],[114.0082091,22.4407477],[114.0076412,22.4403959],[114.0073771,22.4402249],[114.0051756,22.4388429]],[[114.0051756,22.4388429],[114.0045696,22.4384629],[114.0045289,22.4384408],[114.0044893,22.4384255],[114.0044504,22.4384182],[114.0044102,22.438418],[114.0043734,22.438424],[114.004345,22.4384311],[114.0043183,22.4384393],[114.0042989,22.4384488],[114.0042757,22.4384628],[114.0042505,22.4384805],[114.0042325,22.4384958],[114.0042136,22.4385164],[114.0042005,22.4385338],[114.0041877,22.4385592],[114.0041804,22.4385992]],[[114.0041804,22.4385992],[114.0042146,22.4393646],[114.0042238,22.4394592],[114.0042358,22.4395732],[114.0042555,22.4396926],[114.0042916,22.4398704],[114.0043163,22.439974],[114.0043555,22.4401063],[114.0043891,22.4402039],[114.0052199,22.442246],[114.0052481,22.4423234],[114.0052829,22.4424287],[114.0053178,22.4425638],[114.0053901,22.4429297],[114.005427,22.4430969],[114.0054497,22.4431802],[114.0054751,22.4432594],[114.0055099,22.4433528],[114.0055417,22.44343],[114.0055779,22.4435063],[114.0058456,22.4440109],[114.0058768,22.4440846],[114.005901,22.4441753],[114.0059072,22.444224],[114.0059117,22.4442975],[114.0059084,22.4443501],[114.0059007,22.4444164],[114.0058886,22.4444733],[114.005871,22.4445381],[114.0058457,22.4445999],[114.0058099,22.444673],[114.0056718,22.4449336],[114.0055761,22.4451033],[114.0054123,22.4453957],[114.0047902,22.4465028],[114.0047491,22.4465755],[114.0044798,22.4470528]],[[114.0044798,22.4470528],[114.0043417,22.4472278],[114.0043198,22.4472581],[114.004302,22.4472867],[114.0042062,22.4474774]],[[114.0042062,22.4474774],[114.0040757,22.4477512]],[[114.0040757,22.4477512],[114.0040397,22.4478303],[114.0039874,22.4479502],[114.0039537,22.4480296],[114.0038424,22.4482854]],[[114.0038424,22.4482854],[114.0036983,22.4486173],[114.0036418,22.4487385],[114.0035759,22.4488708],[114.0035008,22.4490128],[114.003453,22.4491004],[114.0028394,22.4501917],[114.0027493,22.4503513],[114.0025409,22.4507208],[114.0024601,22.4508613],[114.0023898,22.4509881],[114.0017989,22.4520426],[114.0017645,22.4521065],[114.0017325,22.4521651],[114.0017036,22.4522174],[114.0016417,22.4523242],[114.0016268,22.4523488],[114.0015641,22.4524565],[114.0015322,22.45251],[114.0015026,22.4525568],[114.0014692,22.4526056],[114.0014372,22.4526507],[114.0014033,22.4526951],[114.0013159,22.4528071],[114.0012516,22.452886],[114.0010998,22.453067],[114.0009575,22.4532376],[114.0008288,22.4533915],[114.0007691,22.4534655],[114.0007124,22.4535424],[114.0006684,22.4536079],[114.0006252,22.4536772],[114.0004977,22.453905]],[[114.0004977,22.453905],[114.0001127,22.4545907]],[[114.0001127,22.4545907],[113.9996123,22.4554867],[113.9995676,22.4555613],[113.9995184,22.455644],[113.9993853,22.4558814],[113.999251,22.4561192],[113.9984939,22.4574728],[113.9984477,22.4575533],[113.9983957,22.4576468],[113.9980258,22.4583086],[113.9979998,22.4583551],[113.9979259,22.458481]],[[113.9979259,22.458481],[113.9978301,22.4586488],[113.9978123,22.4586778]],[[113.9978123,22.4586778],[113.9977902,22.4587158],[113.9976403,22.4589787]],[[113.9976403,22.4589787],[113.9973745,22.4594505],[113.9972664,22.4596435],[113.9971678,22.4598188],[113.9970426,22.4600426],[113.9970101,22.4601026],[113.9970073,22.4601082],[113.9969752,22.4601724],[113.996935,22.460264],[113.9969054,22.4603405],[113.9968753,22.460432],[113.9968516,22.4605197],[113.9968328,22.4606047],[113.9968174,22.4606959],[113.9968094,22.4607573],[113.996804,22.460815],[113.9967997,22.4608937]],[[113.9967997,22.4608937],[113.9967963,22.4610073],[113.9967906,22.4613643],[113.9967902,22.4613822],[113.9967874,22.4615293],[113.9967902,22.461586],[113.9967972,22.4616375],[113.9968118,22.4616961],[113.99683,22.4617483],[113.9968844,22.4618533],[113.9969703,22.4620153],[113.9970562,22.4621773],[113.997145,22.4623449],[113.9971679,22.4623936],[113.9971875,22.4624441],[113.9972034,22.4624957],[113.9972112,22.4625289],[113.9972153,22.4625464],[113.9973612,22.4634669]],[[113.9973612,22.4634669],[113.9974706,22.4639688],[113.9975475,22.4642524],[113.9975869,22.4643799],[113.9976446,22.4645667],[113.9977022,22.4647534],[113.9977105,22.4647803],[113.9978143,22.4650822],[113.9979072,22.465323],[113.9980066,22.4655616],[113.9981126,22.4657978],[113.998169,22.4659163],[113.9982188,22.4660176],[113.9982671,22.4661132],[113.9983438,22.4662624],[113.9984535,22.4664694],[113.9984848,22.4665238]],[[113.9984848,22.4665238],[113.9985684,22.466674],[113.998595,22.4667188],[113.9986835,22.4668653],[113.9987878,22.4670313],[113.9988936,22.4671994],[113.9989058,22.467218],[113.9990967,22.4675087]],[[113.9990967,22.4675087],[113.9991676,22.4675479],[113.9992068,22.46757],[113.9992496,22.4675853],[113.9992948,22.4675931],[113.9993407,22.4675933],[113.9993859,22.4675859],[113.9994289,22.4675711],[113.9994684,22.4675494]],[[113.9994684,22.4675494],[113.9995017,22.4675227],[113.9995296,22.467491],[113.9995511,22.4674554],[113.9995656,22.4674169],[113.9995727,22.4673766],[113.9995722,22.4673358],[113.9995633,22.467296]],[[113.9995633,22.467296],[113.9995459,22.4672532],[113.9995252,22.4672117],[113.9995013,22.4671717]],[[113.9995013,22.4671717],[113.9993589,22.4669747],[113.9993458,22.4669566],[113.9992407,22.4667895]],[[113.997643,22.4643651],[113.9977583,22.4647387],[113.997777,22.4647337],[113.9977957,22.4647288],[113.9976804,22.4643553],[113.9976617,22.4643602],[113.997643,22.4643651]],[[113.9969363,22.4618287],[113.9969536,22.4618205],[113.9969709,22.4618124],[113.9971435,22.4621378],[113.997126,22.4621457],[113.9971086,22.4621536],[113.9969363,22.4618287]],[[113.9993587,22.4561131],[113.9995401,22.4557972],[113.9995256,22.4557901],[113.9995135,22.4557841],[113.999332,22.4561],[113.9993463,22.4561071],[113.9993587,22.4561131]],[[114.0010544,22.4532675],[114.0012879,22.4529876],[114.0012792,22.4529814],[114.0012606,22.4529681],[114.0012523,22.4529622],[114.0010188,22.4532422],[114.0010353,22.4532539],[114.0010544,22.4532675]],[[114.0027158,22.4505857],[114.0028974,22.4502677],[114.0028881,22.4502632],[114.0028642,22.4502516],[114.0026831,22.4505697],[114.0027072,22.4505815],[114.0027158,22.4505857]],[[114.00552,22.4453041],[114.0055487,22.4453182],[114.0055577,22.4453226],[114.005739,22.4450027],[114.0057289,22.4449977],[114.0057037,22.4449854],[114.00552,22.4453041]],[[114.0072375,22.4402418],[114.0072463,22.44023],[114.0072576,22.4402147],[114.0069184,22.4399996],[114.0069084,22.4400131],[114.0068984,22.4400266],[114.0072375,22.4402418]],[[114.0119524,22.442909],[114.0119587,22.442896],[114.011965,22.4428832],[114.0116119,22.4427355],[114.011606,22.4427476],[114.0115993,22.4427612],[114.0119524,22.442909]],[[114.0196391,22.4444283],[114.0200317,22.4444953],[114.0200339,22.4444846],[114.0200363,22.4444726],[114.0196437,22.4444056],[114.0196414,22.4444177],[114.0196391,22.4444283]],[[114.0235791,22.4445955],[114.024142,22.4445817],[114.0241419,22.444575],[114.0241414,22.4445585],[114.0235784,22.4445724],[114.0235787,22.4445861],[114.0235791,22.4445955]],[[114.0264222,22.4445654],[114.0268117,22.4445622],[114.0268116,22.4445521],[114.0268115,22.4445397],[114.026422,22.4445434],[114.0264221,22.4445563],[114.0264222,22.4445654]],[[114.0287833,22.4445504],[114.0291652,22.4445469],[114.029165,22.4445355],[114.0291649,22.4445239],[114.028783,22.4445272],[114.0287831,22.444538],[114.0287833,22.4445504]],[[113.9992407,22.4667895],[113.9991357,22.4666225],[113.9990447,22.4664687],[113.9989704,22.4663546]],[[113.9989704,22.4663546],[113.9989109,22.4662624]],[[113.9989109,22.4662624],[113.9988722,22.4662379],[113.9988314,22.4662174],[113.9987873,22.4662039],[113.9987485,22.466199],[113.9987413,22.4661981],[113.9986949,22.4662],[113.9986496,22.4662095]],[[113.9986496,22.4662095],[113.9986056,22.4662204],[113.9985604,22.4662248],[113.9985149,22.4662225],[113.9984704,22.4662137],[113.998428,22.4661986],[113.9983835,22.4661742],[113.9983444,22.4661428],[113.998312,22.4661126]],[[113.998312,22.4661126],[113.9983057,22.4660999],[113.9982543,22.4660053],[113.9981483,22.4657836],[113.9980427,22.4655483],[113.9979436,22.4653105],[113.9978509,22.4650701],[113.9977479,22.4647704],[113.9977396,22.4647436],[113.9976819,22.4645568],[113.9976243,22.4643701],[113.9975849,22.4642425],[113.9975084,22.4639605],[113.9974015,22.4634612]],[[113.9974015,22.4634612],[113.9972533,22.4625389],[113.9972492,22.4625213],[113.9972412,22.462487],[113.9972245,22.4624331],[113.997204,22.4623804],[113.9971803,22.4623299],[113.9970911,22.4621615],[113.9970051,22.4619992],[113.996919,22.4618369],[113.9968673,22.4617381],[113.9968493,22.4616866],[113.9968366,22.4616351],[113.996829,22.4615828],[113.9968263,22.4615288],[113.9968291,22.4613828],[113.9968294,22.4613649],[113.9968348,22.4610244],[113.9968391,22.4608969]],[[113.9968391,22.4608969],[113.9968432,22.46083],[113.9968495,22.4607657],[113.9968618,22.4606744],[113.9968825,22.4605684],[113.996911,22.4604573],[113.9969406,22.460364],[113.9969716,22.4602826],[113.9970128,22.4601883],[113.9970456,22.4601226],[113.9970534,22.460107],[113.9970796,22.4600579],[113.9972018,22.4598346],[113.9973038,22.4596608],[113.9974867,22.4593314]],[[113.9974867,22.4593314],[113.9975305,22.4592597],[113.9976009,22.4591343],[113.9976238,22.4590936]],[[113.9976238,22.4590936],[113.9977422,22.4588831],[113.9978845,22.4586308],[113.9979839,22.4584538]],[[113.9979839,22.4584538],[113.9980333,22.4583713],[113.9984268,22.4576621],[113.9984779,22.4575696],[113.9985257,22.4574872],[113.9992805,22.4561333],[113.9994144,22.4558962],[113.999551,22.4556611],[113.9996019,22.4555787],[113.9996455,22.4555033],[114.0001491,22.4546076]],[[114.0001491,22.4546076],[114.0005309,22.4539208]],[[114.0005309,22.4539208],[114.0006467,22.4537138],[114.0006965,22.4536324],[114.0007354,22.4535737],[114.0007855,22.4535034],[114.0008454,22.4534266],[114.0009857,22.4532584],[114.0011278,22.4530876],[114.0012806,22.4529053],[114.0014273,22.4527257],[114.0014712,22.4526689],[114.0015141,22.4526086],[114.0015518,22.4525508],[114.0015798,22.4525039],[114.0016603,22.4523634],[114.0016743,22.4523391],[114.0017353,22.4522339],[114.0017639,22.4521818],[114.0017954,22.4521235],[114.0018309,22.4520581],[114.0024214,22.4510039],[114.0024908,22.4508761],[114.0025724,22.4507363],[114.0027833,22.4503653],[114.002872,22.450208],[114.0036447,22.4488354],[114.0037063,22.4487235],[114.0037602,22.4486226],[114.0038037,22.4485368],[114.0038584,22.4484243],[114.0039314,22.4482625]],[[114.0039314,22.4482625],[114.0040449,22.448006],[114.0040654,22.4479602],[114.0040973,22.4478879],[114.0041326,22.4478066]],[[114.0041326,22.4478066],[114.004195,22.4476918],[114.0042848,22.447554]],[[114.0042848,22.447554],[114.0043367,22.4474558]],[[114.0043367,22.4474558],[114.0047836,22.4465914],[114.0048194,22.446518],[114.0054459,22.4454112],[114.0056138,22.4451156],[114.0057074,22.4449506],[114.0058504,22.4446928],[114.0058909,22.4446181],[114.0059177,22.4445531],[114.0059383,22.4444853],[114.0059506,22.4444225],[114.005957,22.4443511],[114.005958,22.4442983],[114.0059579,22.4442486],[114.0059533,22.4442006],[114.0059462,22.4441562],[114.005928,22.4440968],[114.0058859,22.4440004],[114.0056626,22.4435857],[114.0056184,22.443495],[114.0055708,22.4433923],[114.0055414,22.4433208],[114.0055121,22.4432377],[114.0054867,22.4431526],[114.0054579,22.4430378],[114.0054033,22.4427939],[114.0053475,22.4425243],[114.0053188,22.4424138],[114.0052915,22.4423288],[114.0052604,22.4422429],[114.0044531,22.4402528],[114.0044073,22.4401245],[114.0043677,22.4400015],[114.0043401,22.4398934],[114.0042967,22.4396838],[114.0042834,22.4395944],[114.0042693,22.4394783],[114.0042591,22.439372],[114.0042286,22.4387152]],[[114.0042286,22.4387152],[114.0042331,22.4386726],[114.0042408,22.4386358],[114.0042571,22.4386007],[114.0042796,22.4385749],[114.0043045,22.4385542],[114.0043262,22.438539],[114.0043541,22.4385238],[114.0043817,22.4385134],[114.0044153,22.4385058],[114.0044321,22.4385028],[114.0044704,22.4385018],[114.0045063,22.4385036],[114.0045434,22.4385115],[114.0045892,22.4385271]],[[114.0045892,22.4385271],[114.0070936,22.4400905],[114.0073552,22.440255],[114.0081859,22.4407791],[114.0082642,22.4408287],[114.0083137,22.4408564],[114.0083572,22.4408838],[114.0093233,22.4414918],[114.0102223,22.4420307],[114.010415,22.4421445],[114.0105048,22.4421952],[114.0106451,22.4422691],[114.0108399,22.4423716],[114.0110563,22.4424802],[114.0111495,22.4425268],[114.0111972,22.4425483],[114.01123,22.4425623],[114.0113392,22.4426082],[114.0117742,22.4427957],[114.0120703,22.4429111],[114.0125531,22.4431073],[114.013021,22.4432718],[114.0134762,22.4434179],[114.0139142,22.4435485],[114.0143368,22.4436488],[114.0147299,22.4437347],[114.015219,22.4438305],[114.0161339,22.4439909]],[[114.0161339,22.4439909],[114.0162348,22.4440091],[114.0163597,22.4440302],[114.0165286,22.4440653],[114.0166357,22.4440856],[114.0167047,22.444095],[114.0167901,22.4441025],[114.0168561,22.4441055],[114.0169272,22.4441062],[114.0169926,22.4441072],[114.0170905,22.4441041],[114.0174815,22.4440907],[114.0176053,22.4440837],[114.0177346,22.4440815],[114.017844,22.444086],[114.0179585,22.4440945],[114.0180542,22.4441071],[114.0181441,22.4441227],[114.0199068,22.4444307],[114.020159,22.4444753],[114.0206673,22.4445625],[114.0207534,22.4445751],[114.0208351,22.4445836],[114.0209243,22.4445888],[114.0210195,22.44459],[114.0220994,22.4445782],[114.022142,22.4445781],[114.0222027,22.4445774],[114.0222957,22.4445766],[114.0223674,22.4445753],[114.0232439,22.4445601],[114.0238842,22.4445455],[114.0243467,22.4445428],[114.0250671,22.4445555],[114.025165,22.444556],[114.025646,22.4445437]],[[114.025646,22.4445437],[114.0259822,22.444536]],[[114.0259822,22.444536],[114.0266578,22.444527],[114.0269613,22.4445247],[114.0279358,22.4445175],[114.0289746,22.4445026],[114.0292315,22.4444968],[114.0292773,22.4444952],[114.0294947,22.4444877],[114.0296268,22.4444876],[114.0316802,22.4444543],[114.0317309,22.4444553],[114.0318013,22.4444593],[114.0318605,22.4444664],[114.0319217,22.4444758],[114.0319847,22.4444888],[114.0320308,22.4445011],[114.0320632,22.4445126],[114.0321016,22.444529],[114.0321288,22.4445428],[114.0321712,22.4445691],[114.0322122,22.4445999],[114.0322648,22.4446424],[114.0323076,22.4446811],[114.0323447,22.4447179],[114.0323953,22.4447714],[114.0325898,22.4449898],[114.0326544,22.4450628],[114.0327046,22.4451188]],[[114.0327046,22.4451188],[114.0328056,22.4452313]],[[114.0328056,22.4452313],[114.032848,22.4452802],[114.0328865,22.4453225],[114.0329202,22.4453601],[114.0329673,22.4454132],[114.0330123,22.4454588],[114.0330584,22.4455011],[114.033111,22.4455452],[114.0331771,22.4455951],[114.0332339,22.4456332],[114.0333107,22.4456795],[114.0333689,22.4457109],[114.0334263,22.4457374],[114.0334787,22.445758],[114.0335335,22.445776],[114.0335811,22.4457891],[114.0336281,22.4457999],[114.0337185,22.445818],[114.0338109,22.4458281],[114.033904,22.4458304],[114.0340033,22.4458286]],[[114.0340033,22.4458286],[114.0341139,22.4458208],[114.0341438,22.4458174],[114.0341754,22.4458094],[114.0342966,22.4457765],[114.0343216,22.4457683],[114.0343487,22.4457635],[114.0343763,22.4457595],[114.0344102,22.4457578],[114.0346217,22.4457565]]]}},{"type":"Feature","properties":{"kind":"route","routeCode":"505","name":"MTR Light Rail 505","serviceNames":["Light Rail 505 (Sam Shing â Siu Hong)","Light Rail 505 (Siu Hong â Sam Shing)"],"osmRelationIds":[3515354,6481282],"osmWayCount":95},"geometry":{"type":"MultiLineString","coordinates":[[[113.9780665,22.4119864],[113.9780992,22.4120037],[113.9781535,22.4119162],[113.978168,22.4119246],[113.9781832,22.4119334],[113.9781305,22.412018],[113.9781377,22.4120436],[113.9782711,22.4120102],[113.9782878,22.4117921],[113.9782685,22.4117336],[113.9782349,22.4117121],[113.9780665,22.4119864]],[[113.9723721,22.4072626],[113.9727473,22.4073613],[113.9727521,22.4073454],[113.9727547,22.407337],[113.9723796,22.4072383],[113.9723721,22.4072626]],[[113.968991,22.4067566],[113.969095,22.4067193],[113.969343,22.4066304],[113.9693476,22.4066414],[113.9693615,22.4066744],[113.9690094,22.4068005],[113.9689956,22.4067676],[113.968991,22.4067566]],[[113.9662554,22.4076737],[113.9666102,22.4075974],[113.9666063,22.4075817],[113.9666023,22.4075661],[113.9662479,22.407644],[113.9662516,22.4076586],[113.9662554,22.4076737]],[[113.9634913,22.4065157],[113.9637208,22.4067748],[113.9637455,22.4067561],[113.963516,22.406497],[113.9635052,22.4065051],[113.9634913,22.4065157]],[[113.9642963,22.4053472],[113.9646823,22.4052934],[113.9646756,22.4052521],[113.9642896,22.4053059],[113.9642926,22.4053242],[113.9642963,22.4053472]],[[113.9678528,22.40158],[113.9678334,22.4015816],[113.9678141,22.4015833],[113.9678056,22.4014987],[113.967794,22.4014145],[113.9677794,22.4013306],[113.9677618,22.4012473],[113.9677808,22.4012438],[113.9677999,22.4012404],[113.9678177,22.4013243],[113.9678325,22.4014094],[113.9678442,22.4014948],[113.9678528,22.40158]],[[113.9673981,22.396982],[113.9673698,22.3972077],[113.9673552,22.3972069],[113.9673479,22.3973264],[113.9673188,22.3973249],[113.9673399,22.396979],[113.9673593,22.39698],[113.967369,22.3969805],[113.9673779,22.396981],[113.9673981,22.396982]],[[113.9687285,22.395277],[113.9691044,22.3951883],[113.9691002,22.395173],[113.9690969,22.3951609],[113.968721,22.3952495],[113.9687249,22.3952638],[113.9687285,22.395277]],[[113.9727441,22.3940565],[113.9727621,22.3941184],[113.9728177,22.3941052],[113.9730261,22.3940595],[113.9730851,22.394045],[113.9730741,22.3940039],[113.973123,22.3939932],[113.9731347,22.3940346],[113.9732098,22.3940182],[113.973197,22.3939681],[113.9733171,22.3939426],[113.9733296,22.3939912],[113.9734979,22.3939554],[113.9734875,22.3939127],[113.9735607,22.3938972],[113.9735321,22.3937812],[113.9726507,22.3939763],[113.9726773,22.3940707],[113.9727441,22.3940565]],[[113.9750902,22.3915187],[113.9751051,22.3915184],[113.9751315,22.3915181],[113.9751388,22.3915179],[113.9751351,22.3913293],[113.9751251,22.3913303],[113.975108,22.3913297],[113.9751056,22.3912077],[113.9750934,22.3912079],[113.9750841,22.3912081],[113.9750902,22.3915187]],[[113.9751343,22.387796],[113.9751566,22.3877959],[113.9751818,22.3877958],[113.9751833,22.387353],[113.9751606,22.387353],[113.9751358,22.3873531],[113.9751343,22.387796]],[[113.9750905,22.3843994],[113.9750784,22.3844],[113.9750663,22.3844007],[113.9750882,22.38476],[113.9751003,22.3847594],[113.9751125,22.3847587],[113.9750905,22.3843994]],[[113.9764975,22.3827202],[113.9768709,22.3828845],[113.9768652,22.3828956],[113.9768592,22.3829074],[113.9764858,22.3827431],[113.9764975,22.3827202]],[[113.9781323,22.4118367],[113.978225,22.411693],[113.9782487,22.4116488],[113.9782556,22.4116333],[113.9782745,22.4115854],[113.978282,22.4115488],[113.9782852,22.4115189],[113.9782839,22.4114874],[113.9782786,22.4114549]],[[113.9782786,22.4114549],[113.9782318,22.4112941]],[[113.9782318,22.4112941],[113.9782237,22.411232],[113.9782188,22.4111847],[113.9782157,22.4111223],[113.9782128,22.4110536],[113.9782021,22.4109961],[113.9781915,22.4109538],[113.9778136,22.4096566],[113.9777924,22.409596],[113.9777678,22.4095392],[113.9777355,22.4094791],[113.9776397,22.4093417]],[[113.9776397,22.4093417],[113.9776071,22.409306],[113.9775765,22.4092844],[113.9775427,22.409267],[113.9774967,22.4092498],[113.9774535,22.409242],[113.977413,22.4092423],[113.9773638,22.409248],[113.9773189,22.4092574],[113.9771932,22.4092874]],[[113.9771932,22.4092874],[113.9764108,22.4094658]],[[113.9764108,22.4094658],[113.9763063,22.4094903],[113.9762819,22.4094948],[113.9762659,22.4094978],[113.9762302,22.4095021],[113.9762034,22.409502],[113.9761754,22.4094989],[113.9761466,22.4094912],[113.976115,22.4094778],[113.976084,22.4094577],[113.9760497,22.4094294],[113.9760254,22.4094051],[113.975999,22.4093731],[113.97597,22.4093346]],[[113.97597,22.4093346],[113.9759064,22.409218],[113.975874,22.409166],[113.975846,22.4091249],[113.9758092,22.4090745],[113.9757727,22.4090268],[113.9757058,22.4089453],[113.9756339,22.4088635],[113.9755538,22.4087805],[113.9754662,22.4086939],[113.9753839,22.4086158],[113.9753039,22.4085457],[113.975217,22.408472],[113.9751215,22.4083955],[113.9750112,22.4083123],[113.9748786,22.4082187],[113.9747388,22.4081282],[113.9745927,22.4080412],[113.9744187,22.4079466],[113.9743358,22.4079044],[113.9742012,22.4078405],[113.9740948,22.4077941],[113.9739817,22.4077474],[113.9738495,22.4076958],[113.9737547,22.4076611],[113.9736123,22.407612],[113.9735348,22.4075874],[113.973398,22.4075461],[113.9732055,22.4074949],[113.9728574,22.4074048],[113.9725636,22.4073283],[113.9714169,22.4070319],[113.9713066,22.4070035],[113.9712229,22.4069823],[113.9708155,22.4068625],[113.9705517,22.4067789],[113.9701234,22.4066432],[113.9700527,22.4066226],[113.9699847,22.4066074],[113.96991,22.4065955],[113.9698311,22.4065881],[113.969767,22.4065885],[113.9697008,22.4065948],[113.9696443,22.4066031],[113.969588,22.4066138],[113.9695335,22.4066278],[113.9694749,22.4066458],[113.9694176,22.4066663],[113.9691898,22.4067479],[113.969061,22.4067941],[113.9689909,22.4068192],[113.9689414,22.4068369],[113.9688893,22.4068556],[113.9673012,22.4074208],[113.9672192,22.4074505],[113.9670985,22.4074927],[113.9669948,22.4075226],[113.9669204,22.4075429],[113.9668189,22.4075675],[113.9667138,22.4075906]],[[113.9667138,22.4075906],[113.9664372,22.4076484],[113.9662107,22.4076976],[113.9658958,22.4077668],[113.9658245,22.4077788],[113.9657523,22.4077876],[113.9656652,22.4077928],[113.965589,22.4077925],[113.9655098,22.4077889],[113.9654211,22.407781],[113.965342,22.4077695],[113.9652602,22.4077543],[113.9650393,22.4077121],[113.9648454,22.4076697],[113.9647875,22.4076549],[113.9647246,22.4076356],[113.964658,22.4076114],[113.9646068,22.4075899],[113.9645548,22.4075651],[113.9645061,22.4075365],[113.9644699,22.4075131],[113.9644271,22.4074822],[113.9643929,22.4074551],[113.9640732,22.4071795],[113.9640205,22.4071318],[113.9639651,22.4070777],[113.9639165,22.4070276],[113.9638855,22.4069939],[113.963733,22.4068182]],[[113.963733,22.4068182],[113.9635936,22.4066563],[113.9635264,22.4065783]],[[113.9635264,22.4065783],[113.9634059,22.4064391],[113.9633719,22.4063923],[113.963344,22.4063491],[113.9633129,22.4062911],[113.9632891,22.4062353],[113.9632662,22.4061667],[113.9632538,22.4061155],[113.9632477,22.4060731],[113.9632438,22.406014],[113.963245,22.4059567],[113.9632506,22.4059032],[113.9632595,22.4058542],[113.9632755,22.4057945],[113.9632844,22.4057684],[113.9632979,22.405734],[113.9633199,22.4056883],[113.9633422,22.4056494],[113.9633465,22.4056432],[113.9633619,22.4056206],[113.9633708,22.4056089],[113.963382,22.4055943],[113.9634028,22.4055695],[113.9634329,22.4055391],[113.9634541,22.4055194],[113.9634859,22.4054938],[113.9635208,22.4054701],[113.9635623,22.4054462],[113.9636153,22.4054195],[113.9636595,22.4054013],[113.9637069,22.4053847],[113.9637571,22.4053712],[113.9638047,22.4053612],[113.96417,22.4053091],[113.9644805,22.4052659],[113.9648955,22.4052068],[113.964944,22.4051949],[113.9650144,22.4051683],[113.9657368,22.4048431]],[[113.9657368,22.4048431],[113.965781,22.4048162],[113.9659183,22.4047226],[113.9661451,22.4045683],[113.9662081,22.4045199],[113.9662706,22.404468],[113.9663572,22.4043883],[113.966464,22.4042843],[113.9666188,22.4041329]],[[113.9666188,22.4041329],[113.9670052,22.4037534],[113.9670379,22.4037171],[113.967084,22.4036642],[113.9671218,22.403614],[113.9671583,22.4035613],[113.9671991,22.403493],[113.9675387,22.402872],[113.9676061,22.4027372],[113.9676461,22.4026426],[113.9676925,22.4025168],[113.967721,22.4024267],[113.9677479,22.4023276],[113.9677686,22.4022389],[113.9677848,22.4021445],[113.9677986,22.4020354],[113.9678085,22.4018963],[113.9678098,22.4017751],[113.9678031,22.4015955],[113.9677935,22.4015],[113.967782,22.4014161],[113.9677675,22.4013326],[113.9677112,22.4010504],[113.9676942,22.4009636],[113.9676777,22.4008848],[113.9676546,22.4007695],[113.9674751,22.3997771],[113.9673643,22.3992773]],[[113.9673643,22.3992773],[113.9673468,22.3991885],[113.9673113,22.3990287],[113.9672832,22.3988677],[113.9672624,22.3987057],[113.967249,22.3985431],[113.967243,22.39838],[113.9672444,22.3982169],[113.9672546,22.3980351],[113.9673067,22.3973242],[113.9673172,22.3971513],[113.9673278,22.396978],[113.9673396,22.3968102],[113.9673445,22.3967411]],[[113.9673445,22.3967411],[113.9673961,22.396493],[113.9674332,22.3960605],[113.9674386,22.3959852],[113.9674627,22.3955751],[113.9674659,22.3955554],[113.9674712,22.3955326],[113.9674789,22.3955116],[113.9674896,22.3954883],[113.967503,22.3954654],[113.9675146,22.3954494],[113.9675306,22.3954336],[113.9675483,22.3954191],[113.967567,22.3954059],[113.9676023,22.3953883],[113.9676276,22.3953776],[113.9676583,22.3953683],[113.9676848,22.395362],[113.9677135,22.3953567],[113.967746,22.3953518],[113.9677749,22.3953486]],[[113.9677749,22.3953486],[113.9680652,22.3953538],[113.9681031,22.3953532],[113.968163,22.3953496],[113.9682212,22.3953437],[113.9682968,22.3953316],[113.9683534,22.3953203],[113.9686916,22.3952398],[113.9689046,22.3951896],[113.9693366,22.3950882],[113.9697656,22.3949878],[113.9699697,22.3949367],[113.9701949,22.3948699],[113.9704116,22.3948148]],[[113.9704116,22.3948148],[113.9708466,22.3947074],[113.9716192,22.3945254],[113.971957,22.3944485]],[[113.971957,22.3944485],[113.972058,22.3944211],[113.9720948,22.3944068],[113.9721214,22.3943954],[113.9721454,22.3943816],[113.9721635,22.3943684],[113.9721845,22.3943494],[113.9722241,22.3943025],[113.972318,22.3941639]],[[113.972318,22.3941639],[113.9723501,22.3941233],[113.9723861,22.3940854],[113.9724252,22.3940491],[113.9724666,22.394017],[113.9725163,22.3939883],[113.9725721,22.3939677],[113.9730817,22.3938547],[113.9736365,22.393737],[113.973704,22.3937297],[113.9737767,22.3937308],[113.9738467,22.3937434],[113.9739054,22.3937591],[113.9743188,22.393893]],[[113.9743188,22.393893],[113.9743926,22.3938932],[113.9744485,22.3938799],[113.9744948,22.3938622],[113.9745359,22.3938359],[113.9745702,22.3938053],[113.9745957,22.3937722],[113.9746187,22.3937241],[113.9746462,22.3936682]],[[113.9746462,22.3936682],[113.9746934,22.3935253],[113.9747184,22.3934673],[113.9747622,22.3933911],[113.9748281,22.3932963],[113.9748853,22.3931997],[113.9749346,22.3930902]],[[113.9749346,22.3930902],[113.9749757,22.3929762],[113.9750108,22.3928313],[113.9750269,22.3927041],[113.9750311,22.3926005],[113.9750231,22.3924668],[113.9750151,22.3923505],[113.9750029,22.3921529]],[[113.9750029,22.3921529],[113.9750029,22.3920735],[113.9750092,22.3920069],[113.9750229,22.3919379],[113.9750429,22.3918667],[113.9750596,22.3917984],[113.9750686,22.3917464],[113.9750727,22.3916893],[113.9750738,22.3916359],[113.9750666,22.3913686],[113.9750572,22.3910505],[113.9750501,22.3906037],[113.9750526,22.3904926],[113.9750592,22.3903956],[113.9750754,22.3902579]],[[113.9750754,22.3902579],[113.9751529,22.3898256],[113.9751753,22.3896298],[113.9751877,22.3892082],[113.9751971,22.388824]],[[113.9751971,22.388824],[113.9751947,22.3886412],[113.9751945,22.3885761],[113.9751913,22.3884407],[113.9751807,22.3883402],[113.9751372,22.388032],[113.9751269,22.3879246]],[[113.9751269,22.3879246],[113.9751264,22.3878348],[113.9751228,22.3875741],[113.9751236,22.3873561]],[[113.9751236,22.3873561],[113.9751237,22.3873263],[113.9751086,22.3868723],[113.9751195,22.3866414],[113.9751269,22.3864817],[113.9751211,22.3859569],[113.9751121,22.3854689],[113.9751011,22.3852882]],[[113.9751011,22.3852882],[113.9750712,22.3847989],[113.9750578,22.3845814],[113.97504,22.3842883],[113.9750091,22.3837818],[113.9749939,22.3835327],[113.9749846,22.3833875]],[[113.9749846,22.3833875],[113.9749662,22.3831023],[113.9749682,22.3830475],[113.9749749,22.3829811],[113.9749831,22.3829229],[113.9749986,22.3828579],[113.9750172,22.3827978],[113.9750423,22.3827374]],[[113.9750423,22.3827374],[113.975161,22.3825135],[113.9751946,22.3824605],[113.9752298,22.3824175],[113.9752675,22.3823853],[113.9752993,22.3823631],[113.9753302,22.3823451],[113.9753582,22.382334],[113.9753786,22.3823285],[113.9754188,22.3823195],[113.975468,22.3823164],[113.9755774,22.3823288],[113.9756592,22.3823518],[113.9759651,22.3824805]],[[113.9759651,22.3824805],[113.9764833,22.3826961],[113.976693,22.3827864],[113.9768988,22.3828736],[113.9770465,22.3829383],[113.9771525,22.3829836],[113.9772299,22.3830005],[113.977322,22.3830031],[113.9773847,22.3829917],[113.9774503,22.3829634],[113.9775078,22.3829177],[113.9775486,22.3828619],[113.9775746,22.3828015],[113.9775842,22.3827404],[113.9775797,22.3826906],[113.9775565,22.3826317],[113.9775329,22.3825911],[113.9774998,22.3825614],[113.9774623,22.3825393],[113.9773593,22.382493]],[[113.9773593,22.382493],[113.97721,22.3824298],[113.9771773,22.3824202],[113.97714,22.3824139],[113.9771077,22.3824111],[113.9766172,22.3824804]],[[113.976381,22.3824898],[113.9768449,22.3824218],[113.9768415,22.3824018],[113.976838,22.3823817],[113.9763741,22.3824497],[113.9763776,22.3824697],[113.976381,22.3824898]],[[113.9749887,22.3844047],[113.9749765,22.3844054],[113.9749644,22.384406],[113.9749864,22.3847653],[113.9749985,22.3847647],[113.9750106,22.3847641],[113.9749887,22.3844047]],[[113.9750141,22.3877998],[113.9750374,22.3877997],[113.9750615,22.3877996],[113.9750595,22.3873539],[113.9750379,22.3873539],[113.975012,22.387354],[113.9750141,22.3877998]],[[113.974805,22.3914577],[113.9748179,22.3914573],[113.9748525,22.3914563],[113.9748417,22.3911437],[113.9748262,22.3911443],[113.9747942,22.3911451],[113.974805,22.3914577]],[[113.9726223,22.3938856],[113.9735098,22.3936953],[113.9734814,22.3935882],[113.9732355,22.39364],[113.9732471,22.3936857],[113.9731262,22.3937116],[113.9731128,22.3936634],[113.9730468,22.3936779],[113.9730563,22.3937185],[113.973,22.3937307],[113.9729901,22.3936908],[113.9728722,22.3937154],[113.9728841,22.3937556],[113.9727923,22.3937747],[113.9727815,22.3937355],[113.9726671,22.393759],[113.9726815,22.3938131],[113.9726078,22.3938303],[113.9726223,22.3938856]],[[113.9687046,22.3951902],[113.9690805,22.3951015],[113.9690762,22.3950859],[113.9690732,22.395075],[113.9686973,22.3951637],[113.9687009,22.395177],[113.9687046,22.3951902]],[[113.9660203,22.3968763],[113.9660333,22.3968765],[113.9660592,22.3968768],[113.966064,22.3965163],[113.9660381,22.396516],[113.9660251,22.3965159],[113.9660203,22.3968763]],[[113.9666498,22.3986716],[113.9666505,22.3982921],[113.9666092,22.398292],[113.9666085,22.3986715],[113.9666498,22.3986716]],[[113.9676544,22.4012545],[113.9676735,22.4012512],[113.9676926,22.4012479],[113.9677125,22.4013417],[113.9677267,22.4014234],[113.967738,22.4015056],[113.9677473,22.4015988],[113.9677279,22.4015999],[113.9677085,22.4016011],[113.9676993,22.4015095],[113.9676882,22.4014286],[113.9676742,22.401348],[113.9676544,22.4012545]],[[113.9642812,22.4052429],[113.9646644,22.4051901],[113.9646588,22.4051557],[113.9642756,22.4052085],[113.9642788,22.4052283],[113.9642812,22.4052429]],[[113.9634185,22.4065713],[113.9636466,22.4068324],[113.9636658,22.4068181],[113.9634377,22.406557],[113.9634279,22.4065643],[113.9634185,22.4065713]],[[113.9662676,22.4077663],[113.9666456,22.4076843],[113.9666429,22.4076737],[113.9666392,22.4076591],[113.9662611,22.4077406],[113.966265,22.4077558],[113.9662676,22.4077663]],[[113.9690322,22.406855],[113.9693843,22.4067288],[113.9693948,22.406754],[113.9692793,22.4067954],[113.9692188,22.406817],[113.9691583,22.4068387],[113.9690428,22.4068801],[113.9690322,22.406855]],[[113.972349,22.4073468],[113.9727226,22.4074449],[113.9727254,22.4074359],[113.9727291,22.4074237],[113.9723556,22.4073256],[113.972349,22.4073468]],[[113.9763641,22.4111594],[113.9763705,22.4107966],[113.9763525,22.4107965],[113.976341,22.4107962],[113.976334,22.4111579],[113.9763446,22.4111585],[113.9763641,22.4111594]],[[113.9766172,22.3824804],[113.9763856,22.3825155],[113.9763505,22.3825192],[113.9763312,22.3825199],[113.9763125,22.3825209],[113.976275,22.3825207],[113.9762346,22.3825174],[113.9761946,22.3825112],[113.9761552,22.3825023]],[[113.9761552,22.3825023],[113.9758906,22.3823909]],[[113.9758906,22.3823909],[113.9756868,22.3823032],[113.9755872,22.3822695],[113.9755659,22.382266],[113.9755217,22.3822573],[113.9754459,22.3822651],[113.9753671,22.3822779],[113.9753402,22.3822865],[113.97531,22.3822997],[113.9752773,22.3823162],[113.9752461,22.3823368],[113.9752168,22.3823614],[113.9751828,22.3823977],[113.9751524,22.3824369],[113.975129,22.3824743],[113.975105,22.3825166],[113.9748527,22.3830147]],[[113.9748527,22.3830147],[113.9748328,22.3830813],[113.9748243,22.383123],[113.9748219,22.3831639],[113.9748226,22.3831909],[113.974826,22.3832163],[113.9748326,22.3832398],[113.9748453,22.3832683],[113.9748603,22.3832949],[113.9748845,22.3833329]],[[113.9748845,22.3833329],[113.974906,22.3833608],[113.9749225,22.3833942],[113.9749346,22.383429],[113.9749551,22.3835347],[113.9749703,22.3837838],[113.9750012,22.3842903],[113.975019,22.3845834],[113.9750324,22.3848009],[113.9750584,22.385203],[113.9750726,22.385471],[113.9750822,22.3859573]],[[113.9750822,22.3859573],[113.9750881,22.3864821],[113.9750806,22.3866421],[113.9750698,22.3868707]],[[113.9750698,22.3868707],[113.9750802,22.3873256],[113.9750793,22.3873366]],[[113.9750793,22.3873366],[113.9750826,22.3875746],[113.9750798,22.3878343],[113.9750819,22.3879246]],[[113.9750819,22.3879246],[113.9750905,22.3880336],[113.975138,22.3883454],[113.9751479,22.388441],[113.9751539,22.3886081],[113.9751545,22.3886412],[113.9751577,22.3887033],[113.9751484,22.3892107],[113.9751287,22.3896253],[113.9751082,22.3898196],[113.9750206,22.3902006],[113.9749668,22.3903902]],[[113.9749668,22.3903902],[113.9748931,22.3906623],[113.9748595,22.3908034],[113.9748518,22.3908773],[113.9748518,22.3909371],[113.9748535,22.3910041],[113.9748608,22.3913037],[113.9748666,22.391576],[113.9748695,22.3917164],[113.9748753,22.3918095],[113.9748876,22.3919192],[113.9749063,22.3920215],[113.9749358,22.3921383]],[[113.9749358,22.3921383],[113.9749599,22.3922312],[113.9749743,22.3923491],[113.9749815,22.3924639],[113.9749867,22.3925987],[113.9749827,22.3927049],[113.9749679,22.3928247],[113.9749339,22.3929633],[113.9748949,22.3930745]],[[113.9748949,22.3930745],[113.9748471,22.3931833],[113.9747873,22.3932799],[113.9747236,22.3933693],[113.974673,22.3934527],[113.974649,22.3935098],[113.9745955,22.3936561]],[[113.9745955,22.3936561],[113.9745635,22.393711],[113.974532,22.3937492],[113.9744787,22.3937986],[113.9744327,22.3938248],[113.9743697,22.3938378],[113.9743016,22.3938387]],[[113.9743016,22.3938387],[113.9738945,22.3937104],[113.973819,22.3936896],[113.9737499,22.3936812],[113.9736821,22.393683],[113.9736248,22.3936903],[113.9730692,22.3938077],[113.9725656,22.3939213],[113.9725118,22.3939404],[113.9724521,22.393974],[113.9723993,22.3940149],[113.9723543,22.3940588],[113.9723169,22.3941017],[113.9722718,22.3941555]],[[113.9722718,22.3941555],[113.9722263,22.3942233],[113.9721952,22.3942661],[113.9721655,22.3943024],[113.9721368,22.3943321],[113.9721129,22.3943528],[113.9720913,22.3943654],[113.9720674,22.3943753],[113.9720435,22.3943819],[113.9719485,22.3944037]],[[113.9719485,22.3944037],[113.9703998,22.3947778]],[[113.9703998,22.3947778],[113.9703252,22.3947955],[113.9701809,22.394836],[113.969951,22.3949059],[113.9697458,22.394957],[113.9693278,22.3950564],[113.9688962,22.3951593],[113.9686834,22.3952098],[113.9683465,22.3952862],[113.9682783,22.3952983],[113.968216,22.3953066],[113.9681617,22.3953109],[113.9681095,22.3953127],[113.9680658,22.3953127],[113.96774,22.3953024]],[[113.96774,22.3953024],[113.9676837,22.3953009],[113.9676281,22.3952995],[113.9675987,22.3953013],[113.9675721,22.3953045],[113.9675608,22.3953068],[113.9675346,22.3953145],[113.9675131,22.3953228],[113.9674947,22.3953328],[113.9674752,22.3953476],[113.9674591,22.3953616],[113.9674401,22.3953854],[113.9674263,22.3954063],[113.9674126,22.3954309],[113.967403,22.3954527],[113.9673948,22.3954758],[113.9673878,22.3955014],[113.9673841,22.3955203]],[[113.9673841,22.3955203],[113.9673617,22.3958623]],[[113.9673617,22.3958623],[113.9673516,22.3959043],[113.9673339,22.395944],[113.967309,22.3959803],[113.9672777,22.3960121],[113.9672387,22.3960397],[113.967195,22.3960603],[113.9671479,22.3960732],[113.9670991,22.396078]],[[113.9670991,22.396078],[113.9663086,22.3961051],[113.9662648,22.3961114],[113.966223,22.3961248],[113.9661844,22.396145],[113.9661503,22.3961712],[113.9661219,22.3962027],[113.9661001,22.3962384],[113.9660856,22.3962771],[113.9660788,22.3963176],[113.9660767,22.3964696]],[[113.9660767,22.3964696],[113.9660737,22.3966967],[113.9660727,22.3967742]],[[113.9660727,22.3967742],[113.9660711,22.3968945],[113.9660713,22.3969073],[113.9660718,22.3969386],[113.9660778,22.3969824],[113.966089,22.3970253],[113.9661053,22.3970668],[113.9661264,22.3971063],[113.9665713,22.3978194],[113.9666041,22.3978953],[113.9666297,22.3979734],[113.9666482,22.3980533],[113.9666592,22.3981343],[113.9666627,22.3982159],[113.9666626,22.3982921]],[[113.9666626,22.3982921],[113.9666623,22.3984819],[113.9666619,22.3986716]],[[113.9666619,22.3986716],[113.9666442,22.3991268],[113.9666474,22.3991699],[113.9666582,22.3992118],[113.9666765,22.3992516],[113.9667015,22.399288],[113.9667328,22.3993201],[113.9667693,22.399347],[113.9668102,22.3993679],[113.9670083,22.399467]],[[113.9670083,22.399467],[113.9672984,22.3996242],[113.967327,22.399642],[113.9673576,22.3996665],[113.9673822,22.3996926],[113.9674028,22.3997216],[113.967419,22.3997528],[113.9674323,22.3997854]],[[113.9674323,22.3997854],[113.9676204,22.4007755],[113.9676425,22.4008875],[113.9676584,22.4009657],[113.967676,22.4010559],[113.9677244,22.4013397],[113.9677387,22.4014218],[113.9677501,22.4015044],[113.9677594,22.4015981],[113.9677686,22.4017626],[113.9677675,22.4018965],[113.9677576,22.4020402],[113.9677469,22.4021258],[113.96771,22.4023204],[113.9676818,22.4024246],[113.9676495,22.4025224],[113.9676011,22.4026484],[113.9674809,22.4029003],[113.9672326,22.4033557]],[[113.9672326,22.4033557],[113.9671135,22.4035119],[113.967031,22.4036108],[113.9669347,22.403714],[113.9663025,22.4043375],[113.9661864,22.4044473],[113.9661008,22.4045201],[113.9660073,22.4045957],[113.9659538,22.4046359],[113.9658097,22.4047367],[113.9656985,22.4048119],[113.9656347,22.4048509]],[[113.9656347,22.4048509],[113.9650159,22.4051295],[113.9649769,22.405144],[113.9649256,22.4051607],[113.9648802,22.4051724],[113.9648371,22.4051803],[113.9644748,22.4052311],[113.9641646,22.4052737],[113.9637986,22.4053234],[113.9637596,22.4053307],[113.9636935,22.4053474],[113.9636319,22.4053682],[113.9635897,22.4053861],[113.9635457,22.4054082],[113.9635087,22.4054297],[113.9634755,22.4054512],[113.9634442,22.4054749],[113.9634096,22.4055047],[113.9633872,22.4055271],[113.9633608,22.4055561],[113.9633392,22.4055828],[113.963319,22.4056112],[113.9633138,22.4056194],[113.963304,22.4056348],[113.9632975,22.405645],[113.9632722,22.4056897],[113.9632504,22.4057358],[113.9632375,22.4057688],[113.9632244,22.4058092],[113.9632119,22.4058615],[113.9632039,22.4059132],[113.9631988,22.4059758],[113.9631996,22.4060324],[113.9632052,22.4060944],[113.9632137,22.4061454],[113.9632261,22.406194],[113.963246,22.4062508],[113.9632737,22.4063095],[113.9633055,22.4063654],[113.963337,22.4064134],[113.9633737,22.4064623],[113.9634761,22.4065821]],[[113.9634761,22.4065821],[113.9635618,22.40668],[113.9637013,22.4068417]],[[113.9637013,22.4068417],[113.9638471,22.4070096],[113.9638743,22.4070395],[113.963927,22.4070947],[113.9639864,22.4071516],[113.9640594,22.4072167],[113.9643129,22.4074369],[113.9643788,22.407492],[113.9644306,22.4075325],[113.9644796,22.4075666],[113.9645289,22.4075963],[113.9645823,22.407624],[113.9646336,22.407647],[113.9646883,22.4076668],[113.964754,22.4076871],[113.9648196,22.4077037],[113.9650318,22.4077454],[113.9652492,22.4077881],[113.9654249,22.4078216],[113.9654998,22.4078315],[113.9655729,22.4078381],[113.9656353,22.4078397],[113.9656899,22.4078381],[113.965749,22.4078335],[113.9658148,22.4078243],[113.9658674,22.4078142],[113.9659796,22.4077886]],[[113.9659796,22.4077886],[113.9662203,22.4077351],[113.9664466,22.4076858],[113.9668341,22.4076025],[113.9669257,22.4075812],[113.9669967,22.4075611],[113.9671,22.4075288],[113.9672203,22.4074863],[113.9673034,22.4074567],[113.9689034,22.4068891],[113.9689543,22.4068709],[113.9690049,22.4068527],[113.9692039,22.4067815],[113.9694318,22.4066996],[113.9694901,22.4066778],[113.9695498,22.4066597],[113.9696108,22.4066455],[113.9696727,22.4066352],[113.9697352,22.4066288],[113.9697981,22.4066265],[113.9698609,22.4066282],[113.9699235,22.4066339],[113.9699855,22.4066436],[113.9700466,22.4066572],[113.9701066,22.4066747],[113.9705394,22.4068111],[113.9708173,22.4068987],[113.9712054,22.4070125],[113.9712872,22.4070338],[113.9713986,22.4070631],[113.9725555,22.4073625],[113.9728479,22.4074378],[113.9733211,22.4075596],[113.9735206,22.4076188],[113.9737493,22.4076957],[113.9739464,22.4077704],[113.9740404,22.407809],[113.9741858,22.4078731],[113.9743164,22.4079344],[113.974398,22.4079772],[113.97461,22.4080939],[113.974751,22.4081802],[113.974908,22.4082853],[113.9750688,22.4084027],[113.9751961,22.4085039],[113.975321,22.4086114],[113.9754163,22.4086985],[113.9755127,22.4087922],[113.9756041,22.4088882],[113.9756954,22.4089919],[113.9757696,22.409085],[113.9758352,22.4091783],[113.9758753,22.4092414],[113.9759158,22.4093114],[113.9759947,22.4094537]],[[113.9759947,22.4094537],[113.9760576,22.4095671],[113.9760779,22.409607],[113.9761013,22.409653],[113.9761673,22.4097866]],[[113.9761673,22.4097866],[113.9761971,22.4098484],[113.9762478,22.4099611],[113.9762734,22.4100264],[113.976293,22.4100856],[113.9763151,22.4101637],[113.9763308,22.4102334],[113.976358,22.4104025],[113.9763781,22.4105813],[113.9763843,22.4106822],[113.9763873,22.4107674],[113.9763848,22.4110146],[113.9763742,22.4112232],[113.9763516,22.4115307],[113.9763475,22.4115734],[113.9763391,22.4116331],[113.9763138,22.4117657],[113.9762823,22.4118894],[113.9762693,22.4119624],[113.9762651,22.4120173],[113.9762656,22.4120434],[113.9762705,22.4120883],[113.9762745,22.4121117],[113.9762834,22.4121424],[113.9762965,22.4121738],[113.9763092,22.4121975],[113.9763247,22.4122218],[113.9763454,22.4122508],[113.9763623,22.4122709],[113.9763797,22.4122894],[113.9764037,22.4123118],[113.9764237,22.4123286],[113.9764378,22.4123384],[113.9764478,22.4123453],[113.9764705,22.4123589],[113.976503,22.4123742],[113.9765355,22.412386],[113.9765682,22.4123942],[113.9765998,22.4124004],[113.9766414,22.4124061],[113.9766766,22.4124086],[113.9767133,22.4124091],[113.9767677,22.4124056],[113.9768042,22.4124015],[113.9768453,22.4123957],[113.9768842,22.4123881],[113.9769354,22.4123773],[113.9775919,22.4122114],[113.9778058,22.4121559]],[[113.9778058,22.4121559],[113.977852,22.412144],[113.9778997,22.4121271],[113.9779421,22.4121035],[113.9779758,22.4120751],[113.9780063,22.4120356],[113.9781323,22.4118367]]]}},{"type":"Feature","properties":{"kind":"route","routeCode":"507","name":"MTR Light Rail 507","serviceNames":["Light Rail 507 (Tin King â Tuen Mun Ferry Pier)","Light Rail 507 (Tuen Mun Ferry Pier â Tin King)"],"osmRelationIds":[3679916,6481316],"osmWayCount":98},"geometry":{"type":"MultiLineString","coordinates":[[[113.9661432,22.372753],[113.9661628,22.3727625],[113.9661802,22.3727711],[113.9663509,22.3724732],[113.9663324,22.3724641],[113.966314,22.3724551],[113.9661432,22.372753]],[[113.9669348,22.3750676],[113.9669062,22.3750536],[113.9668919,22.3750466],[113.9667145,22.3753619],[113.9667288,22.3753688],[113.9667576,22.3753826],[113.9669348,22.3750676]],[[113.9703578,22.3814301],[113.970338,22.3810588],[113.9703238,22.3810595],[113.9703122,22.38106],[113.970332,22.3814312],[113.9703451,22.3814306],[113.9703578,22.3814301]],[[113.9728209,22.3833535],[113.9728215,22.3833634],[113.9728223,22.3833794],[113.9731781,22.3833626],[113.9731774,22.383349],[113.9731767,22.3833361],[113.9728209,22.3833535]],[[113.9749887,22.3844047],[113.9749765,22.3844054],[113.9749644,22.384406],[113.9749864,22.3847653],[113.9749985,22.3847647],[113.9750106,22.3847641],[113.9749887,22.3844047]],[[113.9750141,22.3877998],[113.9750374,22.3877997],[113.9750615,22.3877996],[113.9750595,22.3873539],[113.9750379,22.3873539],[113.975012,22.387354],[113.9750141,22.3877998]],[[113.974805,22.3914577],[113.9748179,22.3914573],[113.9748525,22.3914563],[113.9748417,22.3911437],[113.9748262,22.3911443],[113.9747942,22.3911451],[113.974805,22.3914577]],[[113.9726223,22.3938856],[113.9735098,22.3936953],[113.9734814,22.3935882],[113.9732355,22.39364],[113.9732471,22.3936857],[113.9731262,22.3937116],[113.9731128,22.3936634],[113.9730468,22.3936779],[113.9730563,22.3937185],[113.973,22.3937307],[113.9729901,22.3936908],[113.9728722,22.3937154],[113.9728841,22.3937556],[113.9727923,22.3937747],[113.9727815,22.3937355],[113.9726671,22.393759],[113.9726815,22.3938131],[113.9726078,22.3938303],[113.9726223,22.3938856]],[[113.972933,22.3969727],[113.9728436,22.3966509],[113.9728312,22.3966539],[113.9728177,22.3966571],[113.972907,22.3969788],[113.9729177,22.3969763],[113.972933,22.3969727]],[[113.9741832,22.3999932],[113.9742038,22.3999791],[113.9742195,22.3999684],[113.9739845,22.3996746],[113.9739482,22.3996994],[113.9741832,22.3999932]],[[113.9746568,22.4024389],[113.9746673,22.4024662],[113.9750336,22.4023504],[113.975023,22.4023222],[113.9747706,22.4024026],[113.9746568,22.4024389]],[[113.9718104,22.4026692],[113.9718132,22.4026469],[113.9719937,22.4026666],[113.9721025,22.4026785],[113.9721742,22.4026864],[113.9721714,22.4027087],[113.9718104,22.4026692]],[[113.9705646,22.403784],[113.9705497,22.4037725],[113.9705347,22.403761],[113.9703062,22.4040145],[113.9703211,22.404026],[113.9703361,22.4040375],[113.9705646,22.403784]],[[113.9642812,22.4052429],[113.9646644,22.4051901],[113.9646588,22.4051557],[113.9642756,22.4052085],[113.9642788,22.4052283],[113.9642812,22.4052429]],[[113.9634185,22.4065713],[113.9636466,22.4068324],[113.9636658,22.4068181],[113.9634377,22.406557],[113.9634279,22.4065643],[113.9634185,22.4065713]],[[113.9661632,22.4078758],[113.9665169,22.4080249],[113.9665257,22.408007],[113.9665333,22.4079916],[113.9661795,22.4078427],[113.9661731,22.4078556],[113.9661632,22.4078758]],[[113.96629,22.3726294],[113.9661864,22.3728112],[113.9661384,22.3728738],[113.9661116,22.3729013],[113.9660702,22.37293],[113.966015,22.372956]],[[113.966015,22.372956],[113.9658756,22.3729959]],[[113.9658756,22.3729959],[113.9658381,22.3730067]],[[113.9658381,22.3730067],[113.9657667,22.3730107],[113.9657026,22.373004],[113.9656472,22.3729864],[113.9656172,22.3729714]],[[113.9656172,22.3729714],[113.965558,22.3729262],[113.965511,22.3728621],[113.9654933,22.3728188],[113.9654843,22.3727732],[113.9654903,22.3726896],[113.9655164,22.3726252],[113.9655559,22.3725731],[113.9656191,22.3725247],[113.9657082,22.3724921]],[[113.9657082,22.3724921],[113.9662449,22.372341],[113.9673146,22.3720667],[113.9673721,22.3720583],[113.9674192,22.3720569],[113.9674761,22.3720576],[113.9675343,22.3720496],[113.9676219,22.3720303],[113.9677271,22.3720228],[113.9678269,22.3720395],[113.9679063,22.3720713],[113.967988,22.372126],[113.9680557,22.3722142],[113.9681035,22.3723482],[113.9681157,22.3724507]],[[113.9681157,22.3724507],[113.9681163,22.3724738],[113.9681113,22.3725332],[113.9681012,22.3726192],[113.9680914,22.3727021],[113.9680828,22.3727688],[113.9680664,22.3729074],[113.9680508,22.3729987],[113.9680328,22.3730772],[113.968009,22.3731597],[113.9679847,22.3732342],[113.9679583,22.3733018],[113.9679245,22.3733758],[113.9678888,22.3734474],[113.9678378,22.3735392],[113.9677818,22.3736319],[113.9676057,22.373902],[113.9675398,22.3740091],[113.9674747,22.3741216],[113.9669614,22.3750295],[113.9668501,22.3752272],[113.9666903,22.3755122],[113.9665955,22.3756822],[113.9665728,22.3757297],[113.9665501,22.3757834],[113.9665328,22.3758343],[113.9665181,22.3758876],[113.9665077,22.3759388],[113.9664998,22.375996],[113.9664962,22.3760626],[113.9664984,22.3761302],[113.966506,22.3761962],[113.9665184,22.3762658],[113.9665367,22.3763426],[113.9666235,22.3766723],[113.966645,22.3767442],[113.9666723,22.3768268],[113.9669124,22.3774874],[113.966936,22.3775526],[113.96697,22.377646],[113.9669958,22.377717],[113.9670241,22.3777896],[113.9670523,22.3778564],[113.9670813,22.3779186],[113.9671135,22.3779786],[113.9671519,22.3780421],[113.9671874,22.3780926],[113.9672317,22.3781472],[113.9672816,22.3782007],[113.9673305,22.378247],[113.9673837,22.3782929],[113.967448,22.3783431],[113.9675223,22.378395],[113.9676029,22.3784475],[113.9676591,22.3784822],[113.9679194,22.378637]],[[113.9679194,22.378637],[113.9690627,22.379317]],[[113.9690627,22.379317],[113.9696266,22.3796524],[113.9696689,22.3796792],[113.9698262,22.379784],[113.9698979,22.3798366],[113.9699496,22.3798784],[113.9699991,22.3799221],[113.970044,22.3799674],[113.9700896,22.3800201],[113.9701317,22.3800764],[113.9701682,22.3801349],[113.9702013,22.380199],[113.9702279,22.3802619],[113.9702519,22.380332],[113.9702732,22.3804117],[113.9702884,22.380489],[113.9703076,22.3806371],[113.9703171,22.3807577]],[[113.9703171,22.3807577],[113.9703558,22.3812447],[113.9703779,22.3814734],[113.9704964,22.3830392],[113.9705106,22.3831838],[113.9705196,22.3832343],[113.9705304,22.3832765],[113.9705457,22.3833116],[113.9705655,22.383344],[113.9705916,22.3833748],[113.9706254,22.3834015],[113.9706617,22.383422],[113.9707011,22.3834372],[113.9707425,22.3834467],[113.9707849,22.3834502],[113.9727218,22.3833417],[113.9730479,22.3833279],[113.9732515,22.3833162],[113.9740649,22.3832717],[113.9746593,22.3832517]],[[113.9746593,22.3832517],[113.9747026,22.3832509],[113.9747364,22.3832533],[113.974766,22.3832595],[113.9747949,22.3832699],[113.9748243,22.3832846],[113.9748505,22.3833008],[113.9748845,22.3833329]],[[113.9748845,22.3833329],[113.974906,22.3833608],[113.9749225,22.3833942],[113.9749346,22.383429],[113.9749551,22.3835347],[113.9749703,22.3837838],[113.9750012,22.3842903],[113.975019,22.3845834],[113.9750324,22.3848009],[113.9750584,22.385203],[113.9750726,22.385471],[113.9750822,22.3859573]],[[113.9750822,22.3859573],[113.9750881,22.3864821],[113.9750806,22.3866421],[113.9750698,22.3868707]],[[113.9750698,22.3868707],[113.9750802,22.3873256],[113.9750793,22.3873366]],[[113.9750793,22.3873366],[113.9750826,22.3875746],[113.9750798,22.3878343],[113.9750819,22.3879246]],[[113.9750819,22.3879246],[113.9750905,22.3880336],[113.975138,22.3883454],[113.9751479,22.388441],[113.9751539,22.3886081],[113.9751545,22.3886412],[113.9751577,22.3887033],[113.9751484,22.3892107],[113.9751287,22.3896253],[113.9751082,22.3898196],[113.9750206,22.3902006],[113.9749668,22.3903902]],[[113.9749668,22.3903902],[113.9748931,22.3906623],[113.9748595,22.3908034],[113.9748518,22.3908773],[113.9748518,22.3909371],[113.9748535,22.3910041],[113.9748608,22.3913037],[113.9748666,22.391576],[113.9748695,22.3917164],[113.9748753,22.3918095],[113.9748876,22.3919192],[113.9749063,22.3920215],[113.9749358,22.3921383]],[[113.9749358,22.3921383],[113.9749599,22.3922312],[113.9749743,22.3923491],[113.9749815,22.3924639],[113.9749867,22.3925987],[113.9749827,22.3927049],[113.9749679,22.3928247],[113.9749339,22.3929633],[113.9748949,22.3930745]],[[113.9748949,22.3930745],[113.9748471,22.3931833],[113.9747873,22.3932799],[113.9747236,22.3933693],[113.974673,22.3934527],[113.974649,22.3935098],[113.9745955,22.3936561]],[[113.9745955,22.3936561],[113.9745635,22.393711],[113.974532,22.3937492],[113.9744787,22.3937986],[113.9744327,22.3938248],[113.9743697,22.3938378],[113.9743016,22.3938387]],[[113.9743016,22.3938387],[113.9738945,22.3937104],[113.973819,22.3936896],[113.9737499,22.3936812],[113.9736821,22.393683],[113.9736248,22.3936903],[113.9730692,22.3938077],[113.9725656,22.3939213],[113.9725118,22.3939404],[113.9724521,22.393974],[113.9723993,22.3940149],[113.9723543,22.3940588],[113.9723169,22.3941017],[113.9722718,22.3941555]],[[113.9722718,22.3941555],[113.9722533,22.3941955],[113.9722354,22.3942523],[113.9722285,22.3942799],[113.9722241,22.3943025],[113.9722224,22.3943239],[113.9722234,22.3943482],[113.9722267,22.3943749],[113.9722307,22.3943971],[113.9722475,22.394461],[113.9722911,22.394608]],[[113.9722911,22.394608],[113.9725109,22.3954036]],[[113.9725109,22.3954036],[113.9728873,22.3967567],[113.9729793,22.3970876],[113.9731818,22.3978168],[113.973218,22.3979688],[113.9732363,22.3980507],[113.9732789,22.3982666],[113.9733039,22.3983885],[113.9733366,22.3985323],[113.9733579,22.3986098],[113.9733835,22.3986959],[113.9734089,22.3987637],[113.9734436,22.3988495],[113.9734766,22.3989217],[113.9735125,22.3989937],[113.9735574,22.3990741],[113.9736027,22.3991496],[113.9736468,22.3992159],[113.9736961,22.3992835],[113.9737897,22.3994067],[113.9741138,22.3998135],[113.9742834,22.4000267],[113.9743433,22.4001001],[113.9747248,22.400579],[113.9748163,22.4006972],[113.9748895,22.4007991],[113.9749592,22.4009052],[113.9750839,22.4011169],[113.9752067,22.401334],[113.9752568,22.4014347],[113.9753001,22.4015343],[113.9753236,22.4016012],[113.9753495,22.4016846],[113.9754163,22.4019556]],[[113.9754163,22.4019556],[113.9754196,22.4019881],[113.9754197,22.4020241],[113.975416,22.4020554],[113.9754114,22.4020794],[113.9754048,22.4021025],[113.9753947,22.4021279],[113.9753837,22.4021507],[113.9753686,22.4021745],[113.9753457,22.4022026],[113.9753225,22.4022267],[113.9752985,22.4022475],[113.9752732,22.4022655],[113.9752423,22.4022843],[113.975214,22.4022997],[113.9751855,22.4023129],[113.9751532,22.4023252]],[[113.9751532,22.4023252],[113.9748548,22.4024199],[113.974594,22.402503],[113.9741216,22.4026522],[113.9740701,22.402666],[113.9739995,22.4026804],[113.9739036,22.4026945],[113.9738562,22.4026985],[113.9737946,22.4027006],[113.9737103,22.4026989],[113.9735772,22.4026926],[113.9733196,22.4026801],[113.9732209,22.4026756],[113.9731279,22.4026793],[113.9730357,22.4026907],[113.9729441,22.4027118],[113.9728813,22.402728],[113.9728348,22.4027447],[113.972805,22.4027536],[113.9727747,22.4027611]],[[113.9727747,22.4027611],[113.9727389,22.4027681],[113.9727027,22.402773],[113.9726432,22.4027766],[113.9725835,22.4027748],[113.9723275,22.4027424],[113.972232,22.4027323],[113.9719894,22.4027052],[113.9717743,22.4026818],[113.9717547,22.4026796],[113.9716831,22.4026743],[113.9716627,22.4026742],[113.9716252,22.4026791],[113.9715889,22.4026894],[113.9715549,22.4027049],[113.971524,22.4027253],[113.9714971,22.4027499],[113.9713672,22.4028905],[113.9712294,22.4030351],[113.9709727,22.4033168],[113.9708911,22.4034139],[113.970793,22.4035361],[113.9706119,22.4037491],[113.9704597,22.4039179],[113.970256,22.4041438],[113.9702362,22.4041657],[113.9701179,22.404309],[113.9700659,22.4043719],[113.9699463,22.4044997]],[[113.9699463,22.4044997],[113.9698527,22.4046145]],[[113.9698527,22.4046145],[113.969713,22.4047622],[113.9696285,22.4048403],[113.9696033,22.4048567],[113.9695714,22.404873],[113.9695385,22.4048864],[113.9695059,22.4048958],[113.9694676,22.4049028],[113.9694267,22.4049058],[113.9693817,22.4049048],[113.9693356,22.4048991],[113.9692868,22.4048889],[113.9692429,22.4048747],[113.968774,22.404682],[113.9686519,22.4046361],[113.9685446,22.4046003],[113.9684226,22.4045665],[113.9683058,22.4045379],[113.9681786,22.4045111],[113.9680513,22.4044906],[113.9679204,22.4044748],[113.9677811,22.4044628],[113.9676632,22.404457],[113.9674924,22.4044536],[113.9673783,22.4044552],[113.9672304,22.4044616],[113.967177,22.4044651],[113.9671439,22.4044675],[113.9670204,22.4044799],[113.9668251,22.4045]],[[113.9668251,22.4045],[113.9665947,22.4045228],[113.9664238,22.4045441],[113.966327,22.4045601],[113.9662718,22.4045749],[113.9661763,22.40461],[113.9659183,22.4047226],[113.9656347,22.4048509]],[[113.9656347,22.4048509],[113.9650159,22.4051295],[113.9649769,22.405144],[113.9649256,22.4051607],[113.9648802,22.4051724],[113.9648371,22.4051803],[113.9644748,22.4052311],[113.9641646,22.4052737],[113.9637986,22.4053234],[113.9637596,22.4053307],[113.9636935,22.4053474],[113.9636319,22.4053682],[113.9635897,22.4053861],[113.9635457,22.4054082],[113.9635087,22.4054297],[113.9634755,22.4054512],[113.9634442,22.4054749],[113.9634096,22.4055047],[113.9633872,22.4055271],[113.9633608,22.4055561],[113.9633392,22.4055828],[113.963319,22.4056112],[113.9633138,22.4056194],[113.963304,22.4056348],[113.9632975,22.405645],[113.9632722,22.4056897],[113.9632504,22.4057358],[113.9632375,22.4057688],[113.9632244,22.4058092],[113.9632119,22.4058615],[113.9632039,22.4059132],[113.9631988,22.4059758],[113.9631996,22.4060324],[113.9632052,22.4060944],[113.9632137,22.4061454],[113.9632261,22.406194],[113.963246,22.4062508],[113.9632737,22.4063095],[113.9633055,22.4063654],[113.963337,22.4064134],[113.9633737,22.4064623],[113.9634761,22.4065821]],[[113.9634761,22.4065821],[113.9635618,22.40668],[113.9637013,22.4068417]],[[113.9637013,22.4068417],[113.9638471,22.4070096],[113.9638743,22.4070395],[113.963927,22.4070947],[113.9639864,22.4071516],[113.9640594,22.4072167],[113.9643129,22.4074369],[113.9643788,22.407492],[113.9644306,22.4075325],[113.9644796,22.4075666],[113.9645289,22.4075963],[113.9645823,22.407624],[113.9646336,22.407647],[113.9646883,22.4076668],[113.964754,22.4076871],[113.9648196,22.4077037],[113.9650318,22.4077454],[113.9652492,22.4077881],[113.9654249,22.4078216],[113.9654998,22.4078315],[113.9655729,22.4078381],[113.9656353,22.4078397],[113.9656899,22.4078381],[113.965749,22.4078335],[113.9658148,22.4078243],[113.9658674,22.4078142],[113.9659796,22.4077886]],[[113.9663625,22.4079047],[113.9661491,22.4078151],[113.9661148,22.4078038],[113.9660873,22.4077961],[113.9660613,22.4077903],[113.9660349,22.4077869],[113.9660103,22.4077863],[113.9659796,22.4077886]],[[113.9634913,22.4065157],[113.9637208,22.4067748],[113.9637455,22.4067561],[113.963516,22.406497],[113.9635052,22.4065051],[113.9634913,22.4065157]],[[113.9642963,22.4053472],[113.9646823,22.4052934],[113.9646756,22.4052521],[113.9642896,22.4053059],[113.9642926,22.4053242],[113.9642963,22.4053472]],[[113.9700984,22.4044478],[113.9701074,22.4044551],[113.9701164,22.4044624],[113.9700877,22.4044927],[113.9701057,22.4045073],[113.9698958,22.4047286],[113.9698718,22.4047091],[113.9698598,22.4046994],[113.9700984,22.4044478]],[[113.9722257,22.4028597],[113.9718576,22.4028194],[113.9718599,22.4028015],[113.9718621,22.4027837],[113.9720462,22.4028039],[113.9722303,22.402824],[113.9722257,22.4028597]],[[113.9741993,22.4027047],[113.974568,22.4025898],[113.9745647,22.4025805],[113.9745587,22.4025639],[113.9741898,22.4026798],[113.9741957,22.4026952],[113.9741993,22.4027047]],[[113.9747029,22.4004708],[113.9747258,22.4004551],[113.9744944,22.4001661],[113.9744867,22.4001713],[113.9744715,22.4001817],[113.9747029,22.4004708]],[[113.9732012,22.3975885],[113.9731051,22.3972415],[113.973096,22.3972437],[113.973079,22.3972477],[113.9731751,22.3975946],[113.9732012,22.3975885]],[[113.9727441,22.3940565],[113.9727621,22.3941184],[113.9728177,22.3941052],[113.9730261,22.3940595],[113.9730851,22.394045],[113.9730741,22.3940039],[113.973123,22.3939932],[113.9731347,22.3940346],[113.9732098,22.3940182],[113.973197,22.3939681],[113.9733171,22.3939426],[113.9733296,22.3939912],[113.9734979,22.3939554],[113.9734875,22.3939127],[113.9735607,22.3938972],[113.9735321,22.3937812],[113.9726507,22.3939763],[113.9726773,22.3940707],[113.9727441,22.3940565]],[[113.9750902,22.3915187],[113.9751051,22.3915184],[113.9751315,22.3915181],[113.9751388,22.3915179],[113.9751351,22.3913293],[113.9751251,22.3913303],[113.975108,22.3913297],[113.9751056,22.3912077],[113.9750934,22.3912079],[113.9750841,22.3912081],[113.9750902,22.3915187]],[[113.9751343,22.387796],[113.9751566,22.3877959],[113.9751818,22.3877958],[113.9751833,22.387353],[113.9751606,22.387353],[113.9751358,22.3873531],[113.9751343,22.387796]],[[113.9750905,22.3843994],[113.9750784,22.3844],[113.9750663,22.3844007],[113.9750882,22.38476],[113.9751003,22.3847594],[113.9751125,22.3847587],[113.9750905,22.3843994]],[[113.9728143,22.3832495],[113.9728152,22.3832624],[113.9728161,22.3832771],[113.9731808,22.3832591],[113.9731808,22.3832483],[113.9731777,22.383231],[113.9728143,22.3832495]],[[113.9704526,22.3813575],[113.9704328,22.3809863],[113.9704212,22.3809868],[113.970407,22.3809875],[113.9704268,22.3813587],[113.9704408,22.3813581],[113.9704526,22.3813575]],[[113.9668364,22.3754206],[113.9668284,22.3754167],[113.9668087,22.3754073],[113.9669865,22.3750883],[113.9670076,22.3750984],[113.9670153,22.3751021],[113.9668364,22.3754206]],[[113.9663625,22.4079047],[113.9666352,22.4080197],[113.9666648,22.4080311],[113.9666968,22.4080392],[113.9667309,22.4080426],[113.9667608,22.4080426],[113.9667926,22.4080389],[113.9668233,22.4080314],[113.966858,22.4080174],[113.966884,22.4080028],[113.9669055,22.4079872],[113.9669275,22.4079676],[113.9669457,22.4079467],[113.9669613,22.4079233],[113.966974,22.4078985],[113.9669829,22.4078731],[113.9669891,22.4078438],[113.9669907,22.407813],[113.9669875,22.4077797],[113.9669825,22.4077555],[113.9669738,22.4077314],[113.9669608,22.4077067],[113.9669477,22.4076871],[113.9669333,22.4076696],[113.9669173,22.4076531],[113.9669013,22.4076395],[113.9668811,22.4076256],[113.9668582,22.4076127],[113.9668341,22.4076025],[113.9668069,22.4075952],[113.9667788,22.4075907],[113.9667498,22.4075893],[113.9667138,22.4075906]],[[113.9667138,22.4075906],[113.9664372,22.4076484],[113.9662107,22.4076976],[113.9658958,22.4077668],[113.9658245,22.4077788],[113.9657523,22.4077876],[113.9656652,22.4077928],[113.965589,22.4077925],[113.9655098,22.4077889],[113.9654211,22.407781],[113.965342,22.4077695],[113.9652602,22.4077543],[113.9650393,22.4077121],[113.9648454,22.4076697],[113.9647875,22.4076549],[113.9647246,22.4076356],[113.964658,22.4076114],[113.9646068,22.4075899],[113.9645548,22.4075651],[113.9645061,22.4075365],[113.9644699,22.4075131],[113.9644271,22.4074822],[113.9643929,22.4074551],[113.9640732,22.4071795],[113.9640205,22.4071318],[113.9639651,22.4070777],[113.9639165,22.4070276],[113.9638855,22.4069939],[113.963733,22.4068182]],[[113.963733,22.4068182],[113.9635936,22.4066563],[113.9635264,22.4065783]],[[113.9635264,22.4065783],[113.9634059,22.4064391],[113.9633719,22.4063923],[113.963344,22.4063491],[113.9633129,22.4062911],[113.9632891,22.4062353],[113.9632662,22.4061667],[113.9632538,22.4061155],[113.9632477,22.4060731],[113.9632438,22.406014],[113.963245,22.4059567],[113.9632506,22.4059032],[113.9632595,22.4058542],[113.9632755,22.4057945],[113.9632844,22.4057684],[113.9632979,22.405734],[113.9633199,22.4056883],[113.9633422,22.4056494],[113.9633465,22.4056432],[113.9633619,22.4056206],[113.9633708,22.4056089],[113.963382,22.4055943],[113.9634028,22.4055695],[113.9634329,22.4055391],[113.9634541,22.4055194],[113.9634859,22.4054938],[113.9635208,22.4054701],[113.9635623,22.4054462],[113.9636153,22.4054195],[113.9636595,22.4054013],[113.9637069,22.4053847],[113.9637571,22.4053712],[113.9638047,22.4053612],[113.96417,22.4053091],[113.9644805,22.4052659],[113.9648955,22.4052068],[113.964944,22.4051949],[113.9650144,22.4051683],[113.9657368,22.4048431]],[[113.9657368,22.4048431],[113.9660059,22.4047207],[113.9660973,22.4046814],[113.9661511,22.40466],[113.9662131,22.4046377],[113.9663085,22.40461],[113.9663706,22.4045954],[113.9664298,22.4045841],[113.9664932,22.404575],[113.9667236,22.4045502]],[[113.9667236,22.4045502],[113.9670154,22.4045165],[113.9671402,22.4045042],[113.967194,22.4045006],[113.9672489,22.4044972],[113.9673721,22.404492],[113.9675154,22.4044909],[113.9676574,22.4044937],[113.9677673,22.4044983],[113.9679122,22.4045084],[113.9680374,22.4045232],[113.9681677,22.4045444],[113.968292,22.4045702],[113.9684187,22.4046023],[113.9685288,22.4046332],[113.968635,22.4046688],[113.9687675,22.4047187],[113.9692866,22.4049324],[113.9693233,22.4049446],[113.9693615,22.4049534],[113.9694018,22.4049591],[113.9694404,22.4049603],[113.9694817,22.4049571],[113.9695275,22.4049477],[113.9695683,22.4049346],[113.9695994,22.4049207],[113.969627,22.4049054],[113.9696506,22.4048895],[113.9696755,22.4048698],[113.9697532,22.4047948],[113.9698033,22.4047419],[113.9699703,22.4045658],[113.9700886,22.4044338],[113.9702918,22.4042094]],[[113.9702918,22.4042094],[113.9703115,22.4041874],[113.9706405,22.4038225],[113.9706688,22.4037912],[113.9708507,22.4035772],[113.9710282,22.4033601],[113.9712849,22.4030784],[113.9715228,22.4028301],[113.971558,22.4028033],[113.9715976,22.4027825],[113.9716405,22.4027682],[113.9716854,22.4027609],[113.9717436,22.4027608],[113.9718293,22.4027688],[113.9720476,22.4027927],[113.9722216,22.4028118],[113.9724718,22.4028408],[113.9725796,22.4028487],[113.9726706,22.4028474],[113.9726991,22.4028439],[113.9727335,22.4028382],[113.972773,22.402829],[113.9727995,22.4028218],[113.9728796,22.4027944]],[[113.9728796,22.4027944],[113.9729154,22.4027824],[113.9730059,22.4027552],[113.9730829,22.4027366],[113.9731604,22.4027244],[113.9732362,22.4027193],[113.9733131,22.4027196],[113.973571,22.4027302],[113.9737486,22.4027384],[113.9737988,22.4027382],[113.9738632,22.4027365],[113.9739355,22.4027302],[113.9740172,22.4027171],[113.9740823,22.4027017],[113.9743705,22.4026116],[113.9746082,22.4025368],[113.9751857,22.4023562]],[[113.9751857,22.4023562],[113.9752144,22.4023441],[113.9752527,22.4023258],[113.9752939,22.4023027],[113.9753285,22.4022767],[113.9753574,22.4022522],[113.975387,22.4022214],[113.9754128,22.402191],[113.9754422,22.4021493],[113.9754574,22.4021199],[113.9754673,22.402096],[113.9754741,22.4020689],[113.9754772,22.4020347]],[[113.9754772,22.4020347],[113.9753935,22.4017],[113.9753604,22.4015949],[113.9753107,22.4014646],[113.9752755,22.401387],[113.9752404,22.4013164],[113.9751165,22.4010973],[113.9749941,22.4008915],[113.9749278,22.4007886],[113.9748546,22.4006854],[113.9747885,22.4005995],[113.9745756,22.4003342],[113.9743725,22.4000788],[113.974313,22.4000059],[113.9738108,22.3993771],[113.9737208,22.3992546],[113.9736501,22.3991505],[113.9735993,22.3990666],[113.9735517,22.3989828],[113.9735131,22.3989053],[113.9734847,22.3988433],[113.9734521,22.3987645],[113.973423,22.3986869],[113.973395,22.3985956],[113.973374,22.3985155],[113.9733451,22.3983878],[113.9733188,22.3982609],[113.9732756,22.3980406],[113.9732576,22.3979602],[113.9732246,22.3978334],[113.9731181,22.397448],[113.9730141,22.3970809],[113.9729073,22.3966925],[113.9725476,22.3953955]],[[113.9725476,22.3953955],[113.9723204,22.3945669]],[[113.9723204,22.3945669],[113.9722783,22.3944193],[113.9722725,22.3943942],[113.9722698,22.3943735],[113.9722682,22.3943413],[113.9722694,22.3943119],[113.9722736,22.3942806],[113.9722792,22.3942531],[113.9722906,22.3942209],[113.9723042,22.3941906],[113.972318,22.3941639]],[[113.972318,22.3941639],[113.9723501,22.3941233],[113.9723861,22.3940854],[113.9724252,22.3940491],[113.9724666,22.394017],[113.9725163,22.3939883],[113.9725721,22.3939677],[113.9730817,22.3938547],[113.9736365,22.393737],[113.973704,22.3937297],[113.9737767,22.3937308],[113.9738467,22.3937434],[113.9739054,22.3937591],[113.9743188,22.393893]],[[113.9743188,22.393893],[113.9743926,22.3938932],[113.9744485,22.3938799],[113.9744948,22.3938622],[113.9745359,22.3938359],[113.9745702,22.3938053],[113.9745957,22.3937722],[113.9746187,22.3937241],[113.9746462,22.3936682]],[[113.9746462,22.3936682],[113.9746934,22.3935253],[113.9747184,22.3934673],[113.9747622,22.3933911],[113.9748281,22.3932963],[113.9748853,22.3931997],[113.9749346,22.3930902]],[[113.9749346,22.3930902],[113.9749757,22.3929762],[113.9750108,22.3928313],[113.9750269,22.3927041],[113.9750311,22.3926005],[113.9750231,22.3924668],[113.9750151,22.3923505],[113.9750029,22.3921529]],[[113.9750029,22.3921529],[113.9750029,22.3920735],[113.9750092,22.3920069],[113.9750229,22.3919379],[113.9750429,22.3918667],[113.9750596,22.3917984],[113.9750686,22.3917464],[113.9750727,22.3916893],[113.9750738,22.3916359],[113.9750666,22.3913686],[113.9750572,22.3910505],[113.9750501,22.3906037],[113.9750526,22.3904926],[113.9750592,22.3903956],[113.9750754,22.3902579]],[[113.9750754,22.3902579],[113.9751529,22.3898256],[113.9751753,22.3896298],[113.9751877,22.3892082],[113.9751971,22.388824]],[[113.9751971,22.388824],[113.9751947,22.3886412],[113.9751945,22.3885761],[113.9751913,22.3884407],[113.9751807,22.3883402],[113.9751372,22.388032],[113.9751269,22.3879246]],[[113.9751269,22.3879246],[113.9751264,22.3878348],[113.9751228,22.3875741],[113.9751236,22.3873561]],[[113.9751236,22.3873561],[113.9751237,22.3873263],[113.9751086,22.3868723],[113.9751195,22.3866414],[113.9751269,22.3864817],[113.9751211,22.3859569],[113.9751121,22.3854689],[113.9751011,22.3852882]],[[113.9751011,22.3852882],[113.9750712,22.3847989],[113.9750578,22.3845814],[113.97504,22.3842883],[113.9750091,22.3837818],[113.9749939,22.3835327],[113.9749846,22.3833875]],[[113.9749846,22.3833875],[113.9749744,22.3833553],[113.9749611,22.383327],[113.9749445,22.3833001],[113.974919,22.383272],[113.9748899,22.3832477],[113.9748579,22.3832285],[113.974826,22.3832163],[113.9748019,22.3832097],[113.974776,22.3832057],[113.9747459,22.383203],[113.9747184,22.3832028],[113.9746368,22.3832072]],[[113.9746368,22.3832072],[113.9740588,22.3832317],[113.9732491,22.3832678],[113.9730445,22.3832794],[113.9727186,22.3832953],[113.9708657,22.3834125],[113.9708117,22.3834074],[113.9707593,22.3833941],[113.97071,22.383373],[113.9706652,22.3833446],[113.9706308,22.3833147],[113.9706015,22.3832806],[113.9705778,22.3832429],[113.9705601,22.3832024],[113.9705489,22.3831601],[113.9705334,22.3830361],[113.9704186,22.3814719],[113.9703882,22.3811755],[113.9703548,22.3807557]],[[113.9703548,22.3807557],[113.9703446,22.3806355],[113.9703289,22.3804856],[113.9703218,22.3804342],[113.9703105,22.3803778],[113.9702988,22.3803318],[113.9702813,22.3802729],[113.97026,22.3802155],[113.9702329,22.3801563],[113.9701984,22.380096],[113.9701609,22.3800376],[113.9701221,22.3799857],[113.9700862,22.3799443],[113.9700437,22.379902],[113.9700002,22.3798648],[113.9699478,22.3798236],[113.9698734,22.3797685],[113.9698338,22.3797411],[113.9690776,22.37929]],[[113.9690776,22.37929],[113.9679391,22.3786108]],[[113.9679391,22.3786108],[113.9676711,22.3784509],[113.9675814,22.3783943],[113.9674959,22.3783365],[113.9674311,22.3782879],[113.9673721,22.3782383],[113.9673125,22.3781837],[113.9672577,22.378124],[113.9672135,22.3780689],[113.9671749,22.3780121],[113.9671439,22.3779584],[113.9671151,22.3779028],[113.9670811,22.3778278],[113.9670476,22.3777465],[113.9670066,22.3776338],[113.9669726,22.3775403],[113.9669491,22.3774756],[113.9666871,22.3767549],[113.9666588,22.3766656],[113.9665779,22.376358],[113.9665628,22.376288],[113.9665511,22.3762144],[113.9665434,22.376147],[113.9665408,22.3760793],[113.9665431,22.3760153],[113.9665497,22.3759611],[113.966561,22.3759001],[113.9665754,22.3758421],[113.9665924,22.3757896],[113.9666157,22.3757311],[113.9666447,22.3756697],[113.9667235,22.3755285],[113.9668826,22.3752432],[113.9669936,22.3750449],[113.9675104,22.3741293],[113.9675661,22.3740339],[113.9676263,22.3739367],[113.9676933,22.3738331],[113.9678154,22.3736478],[113.9678823,22.3735373],[113.9679265,22.3734587],[113.9679634,22.373386],[113.9679914,22.3733251],[113.9680189,22.3732547],[113.9680538,22.3731519],[113.9680782,22.3730706],[113.9680958,22.3729917],[113.9681097,22.3729071],[113.9681211,22.3728145],[113.9681263,22.3727695],[113.9681351,22.372699],[113.9681451,22.3726155],[113.9681551,22.3725311],[113.9681574,22.3724653],[113.9681585,22.3724414]],[[113.9681585,22.3724414],[113.9681466,22.3723402],[113.9680959,22.3721976],[113.9680236,22.3721005],[113.9679304,22.3720371],[113.9678408,22.3720022],[113.9677314,22.3719839],[113.9676158,22.3719888],[113.9675222,22.3720107],[113.9674695,22.3720323],[113.9674192,22.3720569],[113.9673796,22.3720817],[113.9673218,22.3721049],[113.9672994,22.3721138],[113.9671295,22.3721569]],[[113.9671295,22.3721569],[113.9670403,22.3721796]],[[113.9670403,22.3721796],[113.9669055,22.3722155]],[[113.9669055,22.3722155],[113.9667754,22.37225]],[[113.9667754,22.37225],[113.9666512,22.3722853]],[[113.9666512,22.3722853],[113.9665352,22.3723166]],[[113.9665352,22.3723166],[113.9664807,22.3723396],[113.9664403,22.3723677],[113.9664176,22.3723954],[113.96629,22.3726294]]]}},{"type":"Feature","properties":{"kind":"route","routeCode":"610","name":"MTR Light Rail 610","serviceNames":["Light Rail 610 (Tuen Mun Ferry Pier â Yuen Long)","Light Rail 610 (Yuen Long â Tuen Mun Ferry Pier)"],"osmRelationIds":[3680161,6481420],"osmWayCount":138},"geometry":{"type":"MultiLineString","coordinates":[[[113.966382,22.3726987],[113.9664016,22.3727082],[113.966419,22.3727168],[113.9665897,22.3724189],[113.9665712,22.3724098],[113.9665528,22.3724008],[113.966382,22.3726987]],[[113.9610125,22.3751926],[113.9610305,22.3752044],[113.9610466,22.375215],[113.9612576,22.3749401],[113.9612405,22.3749288],[113.9612235,22.3749177],[113.9610125,22.3751926]],[[113.9618253,22.3783016],[113.9616033,22.3780202],[113.9615899,22.3780288],[113.9615779,22.3780366],[113.9617999,22.3783179],[113.9618253,22.3783016]],[[113.9633831,22.382007],[113.9632979,22.3816604],[113.9632884,22.3816624],[113.963279,22.3816644],[113.9632695,22.3816664],[113.9633546,22.382013],[113.9633831,22.382007]],[[113.9650532,22.3854438],[113.965069,22.3854369],[113.9650837,22.3854304],[113.964929,22.3851284],[113.9649103,22.3851366],[113.9648985,22.3851418],[113.9650532,22.3854438]],[[113.9670432,22.3905438],[113.9670596,22.3905372],[113.9669052,22.3902071],[113.9668889,22.3902145],[113.9668788,22.3902191],[113.9670334,22.3905478],[113.9670432,22.3905438]],[[113.9673838,22.3944911],[113.9674029,22.3944915],[113.9674256,22.3944921],[113.9674329,22.3942172],[113.9674086,22.3942166],[113.9673911,22.3942163],[113.9673838,22.3944911]],[[113.9672721,22.3969732],[113.9672527,22.3969722],[113.967243,22.3969717],[113.9672218,22.3973198],[113.9672315,22.3973203],[113.9672509,22.3973213],[113.9672721,22.3969732]],[[113.9676544,22.4012545],[113.9676735,22.4012512],[113.9676926,22.4012479],[113.9677125,22.4013417],[113.9677267,22.4014234],[113.967738,22.4015056],[113.9677473,22.4015988],[113.9677279,22.4015999],[113.9677085,22.4016011],[113.9676993,22.4015095],[113.9676882,22.4014286],[113.9676742,22.401348],[113.9676544,22.4012545]],[[113.9700984,22.4044478],[113.9701074,22.4044551],[113.9701164,22.4044624],[113.9700877,22.4044927],[113.9701057,22.4045073],[113.9698958,22.4047286],[113.9698718,22.4047091],[113.9698598,22.4046994],[113.9700984,22.4044478]],[[113.9722257,22.4028597],[113.9718576,22.4028194],[113.9718599,22.4028015],[113.9718621,22.4027837],[113.9720462,22.4028039],[113.9722303,22.402824],[113.9722257,22.4028597]],[[113.9741993,22.4027047],[113.974568,22.4025898],[113.9745647,22.4025805],[113.9745587,22.4025639],[113.9741898,22.4026798],[113.9741957,22.4026952],[113.9741993,22.4027047]],[[113.975841,22.4037032],[113.9758702,22.4036958],[113.9757671,22.403345],[113.9757378,22.4033523],[113.975841,22.4037032]],[[113.9771008,22.4080275],[113.9771397,22.4080177],[113.9770354,22.407666],[113.977018,22.4076704],[113.9770077,22.407673],[113.9770376,22.4077739],[113.9770264,22.4077768],[113.9771008,22.4080275]],[[113.9782981,22.4117252],[113.9782828,22.4117294],[113.9782685,22.4117336],[113.9782878,22.4117921],[113.9782711,22.4120102],[113.9784053,22.4121748],[113.9784263,22.4121691],[113.9784415,22.4121648],[113.9782981,22.4117252]],[[113.9815701,22.4183746],[113.9816717,22.418547],[113.9817329,22.4186508],[113.9817488,22.4186778],[113.9817694,22.4186675],[113.9815907,22.4183643],[113.981579,22.4183701],[113.9815701,22.4183746]],[[113.9864721,22.4237612],[113.9862126,22.4234929],[113.9862048,22.4234994],[113.9861955,22.4235071],[113.9864549,22.4237754],[113.9864642,22.4237677],[113.9864721,22.4237612]],[[113.9923172,22.4298461],[113.9923248,22.4298385],[113.9923394,22.429824],[113.9920562,22.4295886],[113.9920459,22.4295989],[113.992034,22.4296108],[113.9923172,22.4298461]],[[113.9975666,22.4338037],[113.9975774,22.4337903],[113.9975902,22.4337744],[113.9972979,22.4335726],[113.9972861,22.4335873],[113.9972742,22.4336019],[113.9975666,22.4338037]],[[114.0072375,22.4402418],[114.0072463,22.44023],[114.0072576,22.4402147],[114.0069184,22.4399996],[114.0069084,22.4400131],[114.0068984,22.4400266],[114.0072375,22.4402418]],[[114.0119524,22.442909],[114.0119587,22.442896],[114.011965,22.4428832],[114.0116119,22.4427355],[114.011606,22.4427476],[114.0115993,22.4427612],[114.0119524,22.442909]],[[114.0196391,22.4444283],[114.0200317,22.4444953],[114.0200339,22.4444846],[114.0200363,22.4444726],[114.0196437,22.4444056],[114.0196414,22.4444177],[114.0196391,22.4444283]],[[114.0235791,22.4445955],[114.024142,22.4445817],[114.0241419,22.444575],[114.0241414,22.4445585],[114.0235784,22.4445724],[114.0235787,22.4445861],[114.0235791,22.4445955]],[[114.0264222,22.4445654],[114.0268117,22.4445622],[114.0268116,22.4445521],[114.0268115,22.4445397],[114.026422,22.4445434],[114.0264221,22.4445563],[114.0264222,22.4445654]],[[114.0287833,22.4445504],[114.0291652,22.4445469],[114.029165,22.4445355],[114.0291649,22.4445239],[114.028783,22.4445272],[114.0287831,22.444538],[114.0287833,22.4445504]],[[114.0349387,22.445674],[114.0349391,22.4456599],[114.0349387,22.4456432],[114.0345118,22.445646],[114.0345114,22.4456619],[114.0345115,22.4456763],[114.0349387,22.445674]],[[113.966538,22.3725607],[113.9664224,22.3727569],[113.9663842,22.3728053],[113.9663525,22.372834],[113.9663115,22.3728595],[113.9662548,22.3728841]],[[113.9662548,22.3728841],[113.9661379,22.3729184]],[[113.9661379,22.3729184],[113.966015,22.372956]],[[113.966015,22.372956],[113.9658756,22.3729959]],[[113.9658756,22.3729959],[113.9658381,22.3730067]],[[113.9658381,22.3730067],[113.9656427,22.3730627]],[[113.9656427,22.3730627],[113.9655893,22.3730791],[113.96517,22.3731966],[113.9649235,22.3732574],[113.9626643,22.3736545],[113.9625623,22.3736816],[113.9624782,22.3737122],[113.9623914,22.3737537],[113.9623134,22.3737953],[113.9622395,22.3738428],[113.9621787,22.373889],[113.9621217,22.3739393],[113.962069,22.3739934],[113.9617659,22.3743483],[113.9616072,22.3745302],[113.9614815,22.37469],[113.9614271,22.3747608],[113.9613632,22.3748446],[113.9611818,22.3750618],[113.9610196,22.375309],[113.9609698,22.3753707],[113.9605085,22.3758092],[113.9604628,22.3758511],[113.9604161,22.375896],[113.9603856,22.3759347],[113.9603523,22.3759898],[113.960328,22.3760529],[113.9603119,22.3761134],[113.9603061,22.3761641],[113.9603027,22.3762252],[113.9603027,22.376261],[113.9603088,22.3763343],[113.9603246,22.3764018],[113.9603577,22.3764751],[113.9603904,22.3765327],[113.9604442,22.3765993],[113.9615406,22.3779217],[113.9617261,22.378153],[113.9618369,22.3782934],[113.9625305,22.3792234],[113.9627531,22.3796047],[113.9628875,22.3799413],[113.9629822,22.3803086],[113.9630901,22.3808185],[113.9631866,22.3811567],[113.963221,22.3812966],[113.9632865,22.3815634],[113.9633523,22.3818312],[113.9633949,22.3820045],[113.9634135,22.3820803],[113.9634696,22.3823086],[113.9635386,22.3824649],[113.9637561,22.3829581],[113.9639513,22.3833641],[113.9641791,22.3838126],[113.9642971,22.3839977],[113.9644765,22.3842642],[113.9647607,22.3847685],[113.9648798,22.3850055],[113.9650155,22.3852754],[113.9651206,22.3854739],[113.9652145,22.3856484],[113.9654596,22.3861361],[113.9655141,22.3862623],[113.9655528,22.3863681],[113.9655853,22.3864842],[113.9655999,22.3865456],[113.9657709,22.3874318],[113.9658141,22.3876421],[113.9658303,22.3877101],[113.9658593,22.3878167],[113.9658901,22.3879238],[113.9659273,22.3880331],[113.9659932,22.3882077],[113.9661225,22.3884976],[113.9669957,22.3903668],[113.9671183,22.390629],[113.9673345,22.3910914],[113.9673634,22.3911576],[113.9673922,22.3912328],[113.9674194,22.3913165],[113.9674325,22.3913651],[113.9674434,22.3914218],[113.9674561,22.3915355],[113.9674614,22.3924921],[113.9674357,22.3933753],[113.9674488,22.3940957],[113.9674427,22.394355],[113.9674341,22.3945717]],[[113.9674341,22.3945717],[113.967432,22.3947795],[113.9674301,22.3948289],[113.9673841,22.3955203]],[[113.9673841,22.3955203],[113.9673617,22.3958623]],[[113.9673617,22.3958623],[113.9673508,22.3960169],[113.9673376,22.3962074],[113.9673431,22.396278],[113.9673202,22.3966145],[113.967301,22.3968061],[113.9672842,22.3969743],[113.9672736,22.397149],[113.967263,22.3973219],[113.9672108,22.3980341],[113.9672007,22.3982157],[113.9671993,22.3983805],[113.9672054,22.3985453],[113.9672189,22.3987096],[113.9672399,22.3988733],[113.9672683,22.399036],[113.9673038,22.3991975],[113.9673387,22.3993713],[113.9674323,22.3997854]],[[113.9674323,22.3997854],[113.9676204,22.4007755],[113.9676425,22.4008875],[113.9676584,22.4009657],[113.967676,22.4010559],[113.9677244,22.4013397],[113.9677387,22.4014218],[113.9677501,22.4015044],[113.9677594,22.4015981],[113.9677686,22.4017626],[113.9677675,22.4018965],[113.9677576,22.4020402],[113.9677469,22.4021258],[113.96771,22.4023204],[113.9676818,22.4024246],[113.9676495,22.4025224],[113.9676011,22.4026484],[113.9674809,22.4029003],[113.9672326,22.4033557]],[[113.9672326,22.4033557],[113.9671697,22.403471],[113.9671291,22.4035391],[113.9670938,22.4035895],[113.9670537,22.4036411],[113.967005,22.4036968],[113.9669635,22.4037429],[113.9665197,22.4041791],[113.9665039,22.4041968],[113.9664906,22.4042159],[113.9664805,22.4042347],[113.9664704,22.4042599],[113.966464,22.4042843],[113.9664603,22.4043134],[113.9664609,22.4043383],[113.966465,22.4043631],[113.9664728,22.4043902],[113.9664808,22.4044094],[113.9664948,22.4044331],[113.9665099,22.4044543],[113.9665241,22.4044706],[113.9665436,22.4044891],[113.9665666,22.4045064],[113.9665947,22.4045228],[113.9666267,22.4045355],[113.9666494,22.4045426],[113.9666736,22.4045469],[113.9666974,22.4045497],[113.9667236,22.4045502]],[[113.9667236,22.4045502],[113.9670154,22.4045165],[113.9671402,22.4045042],[113.967194,22.4045006],[113.9672489,22.4044972],[113.9673721,22.404492],[113.9675154,22.4044909],[113.9676574,22.4044937],[113.9677673,22.4044983],[113.9679122,22.4045084],[113.9680374,22.4045232],[113.9681677,22.4045444],[113.968292,22.4045702],[113.9684187,22.4046023],[113.9685288,22.4046332],[113.968635,22.4046688],[113.9687675,22.4047187],[113.9692866,22.4049324],[113.9693233,22.4049446],[113.9693615,22.4049534],[113.9694018,22.4049591],[113.9694404,22.4049603],[113.9694817,22.4049571],[113.9695275,22.4049477],[113.9695683,22.4049346],[113.9695994,22.4049207],[113.969627,22.4049054],[113.9696506,22.4048895],[113.9696755,22.4048698],[113.9697532,22.4047948],[113.9698033,22.4047419],[113.9699703,22.4045658],[113.9700886,22.4044338],[113.9702918,22.4042094]],[[113.9702918,22.4042094],[113.9703115,22.4041874],[113.9706405,22.4038225],[113.9706688,22.4037912],[113.9708507,22.4035772],[113.9710282,22.4033601],[113.9712849,22.4030784],[113.9715228,22.4028301],[113.971558,22.4028033],[113.9715976,22.4027825],[113.9716405,22.4027682],[113.9716854,22.4027609],[113.9717436,22.4027608],[113.9718293,22.4027688],[113.9720476,22.4027927],[113.9722216,22.4028118],[113.9724718,22.4028408],[113.9725796,22.4028487],[113.9726706,22.4028474],[113.9726991,22.4028439],[113.9727335,22.4028382],[113.972773,22.402829],[113.9727995,22.4028218],[113.9728796,22.4027944]],[[113.9728796,22.4027944],[113.9729154,22.4027824],[113.9730059,22.4027552],[113.9730829,22.4027366],[113.9731604,22.4027244],[113.9732362,22.4027193],[113.9733131,22.4027196],[113.973571,22.4027302],[113.9737486,22.4027384],[113.9737988,22.4027382],[113.9738632,22.4027365],[113.9739355,22.4027302],[113.9740172,22.4027171],[113.9740823,22.4027017],[113.9743705,22.4026116],[113.9746082,22.4025368],[113.9751857,22.4023562]],[[113.9751857,22.4023562],[113.9752189,22.4023496],[113.9752544,22.4023452],[113.975293,22.4023435],[113.9753303,22.4023465],[113.9753682,22.4023535],[113.9754039,22.4023649],[113.9754276,22.4023762],[113.9754538,22.4023923],[113.975481,22.4024161],[113.9755084,22.4024487],[113.9755308,22.4024803],[113.9755465,22.4025101],[113.9755627,22.4025488]],[[113.9755627,22.4025488],[113.9756406,22.4028636],[113.9756987,22.4030744],[113.9757375,22.4032046],[113.975831,22.4035202],[113.9765741,22.4060441],[113.9770039,22.4075038],[113.9770954,22.4078144],[113.9774502,22.4089376]],[[113.9774502,22.4089376],[113.9775009,22.4091255],[113.9775427,22.409267],[113.9776039,22.409476]],[[113.9776039,22.409476],[113.9780457,22.4109846],[113.9780622,22.4110335],[113.9780859,22.4110857],[113.9781206,22.4111488],[113.9781521,22.4112],[113.9781738,22.411241],[113.978197,22.4113008]],[[113.978197,22.4113008],[113.9782145,22.4113541]],[[113.9782145,22.4113541],[113.9782745,22.4115854],[113.9782975,22.4116635],[113.9783156,22.4117167]],[[113.9783156,22.4117167],[113.9784003,22.4119738],[113.9784924,22.4122527]],[[113.9784924,22.4122527],[113.978513,22.4123221],[113.9785331,22.4123771],[113.9785422,22.4124034],[113.978562,22.4124681],[113.9785775,22.4125229],[113.9785863,22.4125585]],[[113.9785863,22.4125585],[113.9786905,22.4130601],[113.9787352,22.4132491],[113.9787617,22.4133526],[113.9787992,22.4134569],[113.9788331,22.4135419],[113.9788784,22.4136296],[113.9789325,22.4137195],[113.9789892,22.4137945],[113.9790393,22.41386],[113.9791021,22.4139323],[113.979158,22.4139959],[113.9794093,22.4143086]],[[113.9794093,22.4143086],[113.9795228,22.414444],[113.9796423,22.4145987],[113.979709,22.4146868],[113.9797728,22.4147891],[113.9804144,22.4160169]],[[113.9804144,22.4160169],[113.9810735,22.4173095]],[[113.9810735,22.4173095],[113.9812262,22.4176039]],[[113.9812262,22.4176039],[113.9817121,22.4184953],[113.9818293,22.4186953],[113.9819656,22.4188987],[113.9822295,22.4192777],[113.982596,22.4197296],[113.9831606,22.4203205],[113.9839927,22.4211621],[113.9840268,22.4211966],[113.9840667,22.4212402],[113.9841099,22.4212837],[113.9847399,22.4219126]],[[113.9847399,22.4219126],[113.9849224,22.4221007],[113.9849373,22.4221158]],[[113.9849373,22.4221158],[113.9849475,22.422127],[113.9849843,22.4221673],[113.9850175,22.4222014],[113.985042,22.4222273],[113.9863554,22.4236166],[113.9865729,22.4238468],[113.9867828,22.4240675],[113.9871897,22.4244956],[113.9872171,22.4245244],[113.9872667,22.4245786],[113.9881352,22.4255277],[113.9890071,22.4264542],[113.9890498,22.4264995],[113.9891023,22.4265545],[113.9900727,22.4275894],[113.9901199,22.4276397],[113.9902553,22.4277835],[113.9903292,22.4278604],[113.991343,22.4289159],[113.9913938,22.4289688],[113.9914544,22.4290276],[113.9917282,22.4292932],[113.9922035,22.4296983],[113.9924352,22.4298877],[113.9930255,22.4303941],[113.9931347,22.4304827],[113.9932168,22.430552],[113.9939613,22.4311541],[113.9942795,22.4314091],[113.9944142,22.4315154],[113.9945535,22.4316217],[113.9946958,22.4317257],[113.9948214,22.431817],[113.9949498,22.4319031],[113.9951308,22.4320265],[113.995438,22.4322448],[113.9961724,22.4327613],[113.9962113,22.4327884],[113.9974391,22.4336572],[113.9976374,22.4337979],[113.9983669,22.4343098],[113.9984436,22.4343631],[113.9988653,22.434662],[113.9989107,22.4346946],[113.9992029,22.4349088],[113.9996437,22.4352325],[113.99985,22.4353863],[113.9999974,22.4354858],[114.0002048,22.4356285],[114.0002497,22.4356622]],[[114.0002497,22.4356622],[114.0003059,22.4357029],[114.0003242,22.4357178],[114.0005297,22.4358616],[114.0006761,22.4359646],[114.0007743,22.4360355]],[[114.0007743,22.4360355],[114.0017421,22.4367184],[114.0023176,22.4371115],[114.0033486,22.4377648]],[[114.0033486,22.4377648],[114.0034232,22.4378093],[114.0035406,22.4378794],[114.0039991,22.4381559]],[[114.0039991,22.4381559],[114.0041514,22.4382562],[114.0044102,22.438418],[114.0045892,22.4385271]],[[114.0045892,22.4385271],[114.0070936,22.4400905],[114.0073552,22.440255],[114.0081859,22.4407791],[114.0082642,22.4408287],[114.0083137,22.4408564],[114.0083572,22.4408838],[114.0093233,22.4414918],[114.0102223,22.4420307],[114.010415,22.4421445],[114.0105048,22.4421952],[114.0106451,22.4422691],[114.0108399,22.4423716],[114.0110563,22.4424802],[114.0111495,22.4425268],[114.0111972,22.4425483],[114.01123,22.4425623],[114.0113392,22.4426082],[114.0117742,22.4427957],[114.0120703,22.4429111],[114.0125531,22.4431073],[114.013021,22.4432718],[114.0134762,22.4434179],[114.0139142,22.4435485],[114.0143368,22.4436488],[114.0147299,22.4437347],[114.015219,22.4438305],[114.0161339,22.4439909]],[[114.0161339,22.4439909],[114.0162348,22.4440091],[114.0163597,22.4440302],[114.0165286,22.4440653],[114.0166357,22.4440856],[114.0167047,22.444095],[114.0167901,22.4441025],[114.0168561,22.4441055],[114.0169272,22.4441062],[114.0169926,22.4441072],[114.0170905,22.4441041],[114.0174815,22.4440907],[114.0176053,22.4440837],[114.0177346,22.4440815],[114.017844,22.444086],[114.0179585,22.4440945],[114.0180542,22.4441071],[114.0181441,22.4441227],[114.0199068,22.4444307],[114.020159,22.4444753],[114.0206673,22.4445625],[114.0207534,22.4445751],[114.0208351,22.4445836],[114.0209243,22.4445888],[114.0210195,22.44459],[114.0220994,22.4445782],[114.022142,22.4445781],[114.0222027,22.4445774],[114.0222957,22.4445766],[114.0223674,22.4445753],[114.0232439,22.4445601],[114.0238842,22.4445455],[114.0243467,22.4445428],[114.0250671,22.4445555],[114.025165,22.444556],[114.025646,22.4445437]],[[114.025646,22.4445437],[114.0259822,22.444536]],[[114.0259822,22.444536],[114.0266578,22.444527],[114.0269613,22.4445247],[114.0279358,22.4445175],[114.0289746,22.4445026],[114.0292315,22.4444968],[114.0292773,22.4444952],[114.0294947,22.4444877],[114.0296268,22.4444876],[114.0316802,22.4444543],[114.0317309,22.4444553],[114.0318013,22.4444593],[114.0318605,22.4444664],[114.0319217,22.4444758],[114.0319847,22.4444888],[114.0320308,22.4445011],[114.0320632,22.4445126],[114.0321016,22.444529],[114.0321288,22.4445428],[114.0321712,22.4445691],[114.0322122,22.4445999],[114.0322648,22.4446424],[114.0323076,22.4446811],[114.0323447,22.4447179],[114.0323953,22.4447714],[114.0325898,22.4449898],[114.0326544,22.4450628],[114.0327046,22.4451188]],[[114.0327046,22.4451188],[114.0328056,22.4452313]],[[114.0328056,22.4452313],[114.032848,22.4452802],[114.0328865,22.4453225],[114.0329202,22.4453601],[114.0329673,22.4454132],[114.0330123,22.4454588],[114.0330584,22.4455011],[114.033111,22.4455452],[114.0331771,22.4455951],[114.0332339,22.4456332],[114.0333107,22.4456795],[114.0333689,22.4457109],[114.0334263,22.4457374],[114.0334787,22.445758],[114.0335335,22.445776],[114.0335811,22.4457891],[114.0336281,22.4457999],[114.0337185,22.445818],[114.0338109,22.4458281],[114.033904,22.4458304],[114.0340033,22.4458286]],[[114.0340033,22.4458286],[114.0340899,22.4458081],[114.0341346,22.4457911],[114.0341699,22.445769],[114.034205,22.4457473]],[[114.034205,22.4457473],[114.0343217,22.4456615],[114.034333,22.445653]],[[114.034333,22.445653],[114.0343603,22.4456421],[114.0343896,22.4456341],[114.0344164,22.4456297],[114.0344394,22.4456282],[114.0345124,22.4456283],[114.0347252,22.4456269]],[[114.0297434,22.4444453],[114.0303139,22.4444386],[114.0303137,22.4444244],[114.0303135,22.4444147],[114.0297431,22.4444213],[114.0297432,22.4444308],[114.0297434,22.4444453]],[[114.0271098,22.4444572],[114.02754,22.4444504],[114.0275402,22.444459],[114.0275404,22.4444701],[114.0271102,22.4444769],[114.02711,22.4444666],[114.0271098,22.4444572]],[[114.0235791,22.4445004],[114.0241423,22.4444904],[114.024142,22.4444766],[114.0241417,22.4444673],[114.0235785,22.4444773],[114.0235787,22.444486],[114.0235791,22.4445004]],[[114.0202836,22.444452],[114.0206769,22.4445153],[114.0206781,22.4445088],[114.0206812,22.4444926],[114.0202879,22.4444292],[114.020286,22.4444379],[114.0202836,22.444452]],[[114.0125769,22.4430619],[114.0125834,22.4430478],[114.0125889,22.4430359],[114.0122322,22.4428957],[114.0122262,22.4429112],[114.0122203,22.4429217],[114.0125769,22.4430619]],[[114.0078272,22.4404852],[114.0078473,22.4404582],[114.0075081,22.440243],[114.0075014,22.4402521],[114.007488,22.4402701],[114.0078272,22.4404852]],[[113.9976296,22.4337257],[113.9976417,22.4337112],[113.9976538,22.4336967],[113.997365,22.4334906],[113.9973518,22.4335064],[113.9973408,22.4335196],[113.9976296,22.4337257]],[[113.9923735,22.4297841],[113.9923853,22.4297725],[113.9923951,22.4297628],[113.9921129,22.4295263],[113.9920914,22.4295476],[113.9923735,22.4297841]],[[113.9869738,22.4241537],[113.9867143,22.4238855],[113.9867064,22.423892],[113.9866972,22.4238996],[113.9869567,22.4241679],[113.9869641,22.4241617],[113.9869738,22.4241537]],[[113.9819082,22.4186793],[113.9821075,22.4189714],[113.9821273,22.4189598],[113.9820601,22.4188612],[113.9819281,22.4186677],[113.9819185,22.4186733],[113.9819082,22.4186793]],[[113.9784141,22.4115812],[113.9783874,22.4116227],[113.9784093,22.4116972],[113.9783951,22.4117007],[113.9783788,22.4117057],[113.9785509,22.4122509],[113.9785667,22.4122458],[113.9785806,22.4122435],[113.9785489,22.4121406],[113.9785808,22.4121317],[113.9785453,22.4120145],[113.9784982,22.4118589],[113.9784141,22.4115812]],[[113.9771909,22.4079572],[113.9772263,22.407948],[113.9771218,22.4076021],[113.9771015,22.4076073],[113.9770863,22.4076113],[113.9771909,22.4079572]],[[113.9759307,22.4036797],[113.9759595,22.4036725],[113.9758566,22.4033222],[113.9758279,22.4033294],[113.9759307,22.4036797]],[[113.9746568,22.4024389],[113.9746673,22.4024662],[113.9750336,22.4023504],[113.975023,22.4023222],[113.9747706,22.4024026],[113.9746568,22.4024389]],[[113.9718104,22.4026692],[113.9718132,22.4026469],[113.9719937,22.4026666],[113.9721025,22.4026785],[113.9721742,22.4026864],[113.9721714,22.4027087],[113.9718104,22.4026692]],[[113.9705646,22.403784],[113.9705497,22.4037725],[113.9705347,22.403761],[113.9703062,22.4040145],[113.9703211,22.404026],[113.9703361,22.4040375],[113.9705646,22.403784]],[[113.9678528,22.40158],[113.9678334,22.4015816],[113.9678141,22.4015833],[113.9678056,22.4014987],[113.967794,22.4014145],[113.9677794,22.4013306],[113.9677618,22.4012473],[113.9677808,22.4012438],[113.9677999,22.4012404],[113.9678177,22.4013243],[113.9678325,22.4014094],[113.9678442,22.4014948],[113.9678528,22.40158]],[[113.9673981,22.396982],[113.9673698,22.3972077],[113.9673552,22.3972069],[113.9673479,22.3973264],[113.9673188,22.3973249],[113.9673399,22.396979],[113.9673593,22.39698],[113.967369,22.3969805],[113.9673779,22.396981],[113.9673981,22.396982]],[[113.9674918,22.3944924],[113.9675288,22.3944931],[113.9675349,22.3942182],[113.9675267,22.394218],[113.9674979,22.3942175],[113.9674918,22.3944924]],[[113.9673851,22.3910766],[113.9674112,22.3910659],[113.9672556,22.3907366],[113.9672467,22.3907404],[113.9672314,22.3907469],[113.9673851,22.3910766]],[[113.9651471,22.3854051],[113.965164,22.3853977],[113.9651776,22.3853917],[113.9650229,22.3850897],[113.9650074,22.3850965],[113.9649924,22.3851031],[113.9651471,22.3854051]],[[113.9633618,22.381647],[113.963447,22.3819936],[113.9634944,22.3819836],[113.9634092,22.381637],[113.9633855,22.381642],[113.9633618,22.381647]],[[113.9618988,22.3782514],[113.9616767,22.37797],[113.9616669,22.3779763],[113.9616513,22.3779864],[113.9618734,22.3782678],[113.9618851,22.3782609],[113.9618988,22.3782514]],[[113.9610712,22.375297],[113.9610896,22.3753095],[113.9611035,22.3753182],[113.9613139,22.3750439],[113.9613009,22.3750336],[113.9612815,22.3750227],[113.9610712,22.375297]],[[113.9668804,22.3727455],[113.966889,22.3727741],[113.9672399,22.3726828],[113.9672313,22.3726541],[113.9668804,22.3727455]],[[114.0347252,22.4456269],[114.0350806,22.4456242],[114.0351868,22.4456224],[114.03521,22.4456199],[114.0352342,22.4456128],[114.0352558,22.4456022]],[[114.0352558,22.4456022],[114.0353985,22.4455007],[114.0354335,22.4454886],[114.0354711,22.4454807]],[[114.0354711,22.4454807],[114.0358064,22.4454754],[114.0358599,22.4454598],[114.0359121,22.4454314],[114.0359501,22.4453948],[114.0359772,22.4453619],[114.0360002,22.4453165]],[[114.0360002,22.4453165],[114.0360053,22.4453022],[114.0360174,22.4452629],[114.0360215,22.4452236],[114.0360221,22.4451755],[114.0360147,22.4451278],[114.0359996,22.4450817],[114.0359862,22.4450435],[114.0359665,22.4450077],[114.0359411,22.444975],[114.0359107,22.4449463],[114.0358687,22.4449181],[114.035822,22.4448974],[114.0357719,22.4448848],[114.0357202,22.4448808],[114.0356742,22.444882],[114.0356293,22.4448911],[114.0355868,22.4449075],[114.0355484,22.4449309],[114.0355137,22.4449621],[114.0354861,22.4449988],[114.0354666,22.4450398]],[[114.0354666,22.4450398],[114.0354579,22.4450692],[114.03542,22.4452166],[114.035389,22.4452862],[114.0353451,22.4453478],[114.03529,22.4453895],[114.0352264,22.4454098],[114.0351614,22.4454134],[114.0348688,22.4454135],[114.0346197,22.4454141],[114.0345815,22.4454203],[114.0345455,22.4454325],[114.0345192,22.4454459],[114.03432,22.4455852],[114.0342442,22.4456358],[114.0341999,22.445652],[114.0341502,22.4456632],[114.0339969,22.445677]],[[114.0339969,22.445677],[114.0339253,22.4456895],[114.0338689,22.4457069],[114.033826,22.4457256],[114.0337912,22.445741],[114.0337472,22.4457557],[114.0337027,22.4457628],[114.0336795,22.4457646],[114.0336568,22.4457637],[114.0336284,22.4457602],[114.0335993,22.4457538],[114.033579,22.4457476],[114.0335586,22.4457399],[114.0334031,22.4456739],[114.0333474,22.4456478],[114.0332925,22.4456196],[114.0332332,22.4455844],[114.0331629,22.4455371],[114.0331191,22.4455042],[114.0330722,22.4454653],[114.0330245,22.4454226],[114.0329672,22.4453645],[114.0329464,22.4453413],[114.0328738,22.4452587],[114.0328318,22.4452121]],[[114.0328318,22.4452121],[114.0327309,22.445099]],[[114.0327309,22.445099],[114.0326797,22.4450427],[114.0323472,22.4446709],[114.0323126,22.4446339],[114.0322829,22.4446044],[114.0322565,22.4445809],[114.032231,22.4445598],[114.0322002,22.4445358],[114.032172,22.4445177],[114.0321441,22.444503],[114.0321197,22.4444899],[114.032081,22.4444752],[114.0320485,22.4444633],[114.032014,22.4444529],[114.0319679,22.4444421],[114.0319212,22.444434],[114.0318706,22.4444275],[114.0318124,22.4444228],[114.0317689,22.4444209],[114.0300285,22.4444481],[114.0296754,22.4444501],[114.0296265,22.4444518],[114.0294695,22.4444514],[114.029295,22.444457],[114.0292742,22.4444574],[114.0279452,22.4444809],[114.0273253,22.4444841],[114.0269604,22.4444869],[114.0259777,22.4444946]],[[114.0259777,22.4444946],[114.0256491,22.4445032]],[[114.0256491,22.4445032],[114.0251652,22.4445188],[114.025067,22.444519],[114.0243628,22.4445077],[114.0238837,22.4445167],[114.0232438,22.4445266],[114.0224164,22.4445393],[114.0223667,22.4445395],[114.0222946,22.444541],[114.0222026,22.4445419],[114.022142,22.4445425],[114.0212934,22.4445531],[114.0212209,22.4445568],[114.0211339,22.4445586],[114.0209854,22.4445568],[114.0208855,22.4445518],[114.0207806,22.4445433],[114.020673,22.4445307],[114.0204769,22.4444986],[114.0201647,22.4444468],[114.0180787,22.4440799],[114.0179876,22.4440682],[114.0178922,22.4440582],[114.0177817,22.4440517],[114.0176543,22.4440515],[114.0175292,22.4440548],[114.0171656,22.4440657],[114.0170775,22.4440684],[114.0169776,22.4440693],[114.0168816,22.4440702],[114.0167923,22.4440676],[114.0167179,22.4440622],[114.0166265,22.4440513],[114.0165858,22.4440426],[114.0163127,22.4439894],[114.0161244,22.4439523]],[[114.0161244,22.4439523],[114.0152285,22.4437911],[114.0147414,22.4437007],[114.0143425,22.4436053],[114.0139255,22.4435052],[114.0134874,22.4433776],[114.0130256,22.4432323],[114.0125937,22.4430832],[114.0123818,22.4429984],[114.0120859,22.4428778],[114.0117962,22.4427628],[114.0113544,22.4425773],[114.0112466,22.442532],[114.0112136,22.4425182],[114.0111645,22.4424975],[114.0110755,22.4424502],[114.0108483,22.4423337],[114.0106623,22.4422337],[114.0105271,22.442161],[114.0104332,22.4421057],[114.0102609,22.4420041],[114.0093445,22.441452],[114.008386,22.4408534],[114.0083426,22.4408263],[114.0082871,22.4407952],[114.0082091,22.4407477],[114.0076412,22.4403959],[114.0073771,22.4402249],[114.0051756,22.4388429]],[[114.0051756,22.4388429],[114.0051431,22.438814],[114.0050939,22.4387621],[114.0050597,22.4387257],[114.0050148,22.4386907],[114.0045881,22.4384217],[114.0045299,22.4383898],[114.0044768,22.438362],[114.0044213,22.4383352],[114.0043091,22.4382863],[114.0042579,22.4382609],[114.0042073,22.4382342],[114.0040224,22.4381255]],[[114.0040224,22.4381255],[114.0038205,22.4380091],[114.003603,22.4378788]],[[114.003603,22.4378788],[114.0035618,22.4378499],[114.0034437,22.4377799],[114.0023462,22.437077],[114.0017678,22.4366864],[114.000799,22.4360086],[114.0007385,22.4359651],[114.0006988,22.4359379],[114.0005539,22.4358357],[114.0003606,22.4357026],[114.0003149,22.4356643],[114.0000239,22.4354616],[113.9998084,22.4353115],[113.9995586,22.4351176],[113.9994053,22.4350076],[113.9993193,22.4349458],[113.9990608,22.4347549],[113.9985812,22.4344188],[113.9984659,22.4343376],[113.9976598,22.4337709],[113.9974676,22.4336358],[113.9963135,22.432809],[113.9962358,22.4327574],[113.9954643,22.4322122],[113.9951562,22.431997],[113.9949768,22.4318728],[113.9948469,22.4317846],[113.9947232,22.4316963],[113.9945822,22.4315893],[113.9944456,22.431484],[113.9943112,22.4313766],[113.9939943,22.4311222],[113.9932437,22.4305219],[113.9931585,22.4304499],[113.9930519,22.4303625],[113.9924606,22.4298594],[113.9922253,22.4296735],[113.9917474,22.4292722],[113.9914853,22.4290072],[113.991422,22.4289431],[113.9913731,22.4288921],[113.9903639,22.4278392],[113.9902901,22.4277596],[113.9901476,22.4276166],[113.990099,22.4275647],[113.9891302,22.4265287],[113.9890798,22.4264768],[113.9890353,22.4264284],[113.9873102,22.4245539],[113.9872564,22.4244954],[113.9872292,22.4244676],[113.986814,22.424044],[113.9866045,22.4238234],[113.9863809,22.4235915],[113.9850826,22.4222074],[113.9850621,22.4221855],[113.9850331,22.4221565],[113.9849862,22.4221099],[113.9849704,22.4220943]],[[113.9849704,22.4220943],[113.9849531,22.4220778],[113.9849228,22.4220469],[113.9847707,22.4218922]],[[113.9847707,22.4218922],[113.9841508,22.4212619],[113.9840999,22.4212102],[113.9840607,22.4211693],[113.9840253,22.4211339],[113.9836162,22.4207249],[113.9831888,22.4202938],[113.9826262,22.4197025],[113.9822655,22.4192552],[113.9820934,22.4190296],[113.9819948,22.4188831],[113.9818604,22.4186794],[113.9817461,22.418477],[113.9813143,22.417675],[113.9812229,22.4174969]],[[113.9812229,22.4174969],[113.9810717,22.4172022]],[[113.9810717,22.4172022],[113.9804534,22.4159974]],[[113.9804534,22.4159974],[113.980311,22.4157199],[113.979814,22.4147732],[113.9797492,22.4146634],[113.9796838,22.4145701],[113.9795583,22.4144178],[113.9794518,22.4142879]],[[113.9794518,22.4142879],[113.979194,22.4139845],[113.9791343,22.4139185],[113.979071,22.4138449],[113.9790203,22.4137793],[113.9789689,22.41371],[113.9789159,22.4136202],[113.9788715,22.413535],[113.9788345,22.4134416],[113.978802,22.4133451],[113.9787741,22.4132431],[113.9787301,22.4130553],[113.9786243,22.4125511]],[[113.9786243,22.4125511],[113.9786122,22.4124951],[113.9786008,22.4124512],[113.9785867,22.4124038],[113.9785677,22.4123443],[113.9785561,22.4123097],[113.9785459,22.412281]],[[113.9785459,22.412281],[113.9784408,22.4119631]],[[113.9784408,22.4119631],[113.9783454,22.4116745]],[[113.9783454,22.4116745],[113.9783383,22.4116518],[113.9782786,22.4114549]],[[113.9782786,22.4114549],[113.9782318,22.4112941]],[[113.9782318,22.4112941],[113.9782237,22.411232],[113.9782188,22.4111847],[113.9782157,22.4111223],[113.9782128,22.4110536],[113.9782021,22.4109961],[113.9781915,22.4109538],[113.9778136,22.4096566],[113.9777924,22.409596],[113.9777678,22.4095392],[113.9777355,22.4094791],[113.9776397,22.4093417]],[[113.9776397,22.4093417],[113.9776064,22.409292],[113.9775822,22.4092475],[113.9775634,22.4091994],[113.9775521,22.4091633],[113.9775036,22.4089869]],[[113.9775036,22.4089869],[113.9771307,22.4078086],[113.9770382,22.4074952],[113.9758686,22.4035116],[113.9757758,22.4031955],[113.9757083,22.402967],[113.9755853,22.4024722]],[[113.9755853,22.4024722],[113.9755747,22.4024481],[113.9755626,22.4024254],[113.9755474,22.4024034],[113.9755355,22.4023897],[113.9755205,22.4023757],[113.9754854,22.4023501],[113.9754579,22.4023358],[113.975422,22.4023218],[113.9753874,22.4023123],[113.9753585,22.4023067],[113.9753256,22.4023035],[113.9752939,22.4023027],[113.9752517,22.4023052],[113.975202,22.4023137],[113.9751532,22.4023252]],[[113.9751532,22.4023252],[113.9748548,22.4024199],[113.974594,22.402503],[113.9741216,22.4026522],[113.9740701,22.402666],[113.9739995,22.4026804],[113.9739036,22.4026945],[113.9738562,22.4026985],[113.9737946,22.4027006],[113.9737103,22.4026989],[113.9735772,22.4026926],[113.9733196,22.4026801],[113.9732209,22.4026756],[113.9731279,22.4026793],[113.9730357,22.4026907],[113.9729441,22.4027118],[113.9728813,22.402728],[113.9728348,22.4027447],[113.972805,22.4027536],[113.9727747,22.4027611]],[[113.9727747,22.4027611],[113.9727389,22.4027681],[113.9727027,22.402773],[113.9726432,22.4027766],[113.9725835,22.4027748],[113.9723275,22.4027424],[113.972232,22.4027323],[113.9719894,22.4027052],[113.9717743,22.4026818],[113.9717547,22.4026796],[113.9716831,22.4026743],[113.9716627,22.4026742],[113.9716252,22.4026791],[113.9715889,22.4026894],[113.9715549,22.4027049],[113.971524,22.4027253],[113.9714971,22.4027499],[113.9713672,22.4028905],[113.9712294,22.4030351],[113.9709727,22.4033168],[113.9708911,22.4034139],[113.970793,22.4035361],[113.9706119,22.4037491],[113.9704597,22.4039179],[113.970256,22.4041438],[113.9702362,22.4041657],[113.9701179,22.404309],[113.9700659,22.4043719],[113.9699463,22.4044997]],[[113.9699463,22.4044997],[113.9698527,22.4046145]],[[113.9698527,22.4046145],[113.969713,22.4047622],[113.9696285,22.4048403],[113.9696033,22.4048567],[113.9695714,22.404873],[113.9695385,22.4048864],[113.9695059,22.4048958],[113.9694676,22.4049028],[113.9694267,22.4049058],[113.9693817,22.4049048],[113.9693356,22.4048991],[113.9692868,22.4048889],[113.9692429,22.4048747],[113.968774,22.404682],[113.9686519,22.4046361],[113.9685446,22.4046003],[113.9684226,22.4045665],[113.9683058,22.4045379],[113.9681786,22.4045111],[113.9680513,22.4044906],[113.9679204,22.4044748],[113.9677811,22.4044628],[113.9676632,22.404457],[113.9674924,22.4044536],[113.9673783,22.4044552],[113.9672304,22.4044616],[113.967177,22.4044651],[113.9671439,22.4044675],[113.9670204,22.4044799],[113.9668251,22.4045]],[[113.9668251,22.4045],[113.9667995,22.404499],[113.9667743,22.4044955],[113.9667509,22.4044909],[113.9667256,22.4044835],[113.9667008,22.4044739],[113.9666811,22.4044637],[113.9666621,22.404451],[113.9666436,22.4044364],[113.9666278,22.4044212],[113.9666137,22.4044047],[113.9666,22.4043857],[113.9665888,22.4043669],[113.9665789,22.404344],[113.9665718,22.4043214],[113.9665672,22.4042959],[113.9665655,22.4042734],[113.9665668,22.4042507],[113.9665701,22.4042294],[113.9665764,22.4042057],[113.9665883,22.4041781],[113.9666034,22.4041529],[113.9666188,22.4041329]],[[113.9666188,22.4041329],[113.9670052,22.4037534],[113.9670379,22.4037171],[113.967084,22.4036642],[113.9671218,22.403614],[113.9671583,22.4035613],[113.9671991,22.403493],[113.9675387,22.402872],[113.9676061,22.4027372],[113.9676461,22.4026426],[113.9676925,22.4025168],[113.967721,22.4024267],[113.9677479,22.4023276],[113.9677686,22.4022389],[113.9677848,22.4021445],[113.9677986,22.4020354],[113.9678085,22.4018963],[113.9678098,22.4017751],[113.9678031,22.4015955],[113.9677935,22.4015],[113.967782,22.4014161],[113.9677675,22.4013326],[113.9677112,22.4010504],[113.9676942,22.4009636],[113.9676777,22.4008848],[113.9676546,22.4007695],[113.9674751,22.3997771],[113.9673643,22.3992773]],[[113.9673643,22.3992773],[113.9673468,22.3991885],[113.9673113,22.3990287],[113.9672832,22.3988677],[113.9672624,22.3987057],[113.967249,22.3985431],[113.967243,22.39838],[113.9672444,22.3982169],[113.9672546,22.3980351],[113.9673067,22.3973242],[113.9673172,22.3971513],[113.9673278,22.396978],[113.9673396,22.3968102],[113.9673445,22.3967411]],[[113.9673445,22.3967411],[113.9673742,22.3963205]],[[113.9673742,22.3963205],[113.9673955,22.3960364],[113.9673977,22.3960037],[113.9674234,22.3955459],[113.9674377,22.3954524],[113.9674591,22.3953616],[113.9674791,22.3952828],[113.9674863,22.3952462],[113.9674917,22.3952062],[113.9675028,22.3950662]],[[113.9675028,22.3950662],[113.9675173,22.394833],[113.9675146,22.394785],[113.9675094,22.3947479],[113.9674752,22.3945742],[113.9674734,22.3945404],[113.9674801,22.3943558],[113.9674911,22.3940961],[113.9674912,22.393379],[113.9675137,22.392492],[113.9674934,22.3915309],[113.9674845,22.3914361],[113.9674725,22.3913611],[113.9674534,22.391286],[113.967429,22.3912168],[113.9673995,22.391145],[113.9672929,22.3909179],[113.9671516,22.3906158],[113.9661735,22.3885266],[113.9660679,22.3882902],[113.9659884,22.3880929],[113.9659385,22.3879513],[113.9658824,22.387761],[113.965864,22.3876927],[113.9658365,22.3875693],[113.9658135,22.3874577],[113.965647,22.3865952],[113.9656245,22.3864935],[113.9655905,22.3863641],[113.9655539,22.3862567],[113.9655288,22.3861946],[113.9654933,22.3861161],[113.9651628,22.3854554],[113.9650567,22.3852573],[113.9649214,22.3849881],[113.964798,22.3847419],[113.964515,22.3842506],[113.964375,22.3840187],[113.9640264,22.3833323],[113.963962,22.3831954],[113.9638927,22.3830528],[113.9638323,22.3829287],[113.9635567,22.382304],[113.9634591,22.3820935],[113.9634352,22.3819961],[113.9633926,22.3818228],[113.9633268,22.3815549],[113.9632822,22.3813735],[113.9632615,22.3812894],[113.9632268,22.3811482],[113.9631602,22.3808886],[113.9630202,22.3802974],[113.9629325,22.3799302],[113.9627892,22.3795854],[113.9625583,22.3791951],[113.9618629,22.3782752],[113.9617525,22.3781351],[113.9615671,22.377904],[113.9604786,22.3765756],[113.9604308,22.3765161],[113.9603966,22.3764622],[113.960365,22.3763941],[113.9603514,22.3763334],[113.960346,22.376261],[113.9603454,22.3762048],[113.9603497,22.3761453],[113.9603698,22.3760677],[113.9603935,22.3760081],[113.960423,22.3759578],[113.960449,22.3759211],[113.9604959,22.3758727],[113.9605352,22.3758334],[113.9609968,22.3753928],[113.9610453,22.3753267],[113.961216,22.3750842],[113.9613926,22.3748676],[113.9614622,22.3747834],[113.9615235,22.3747046],[113.9616433,22.3745508],[113.9618003,22.3743754],[113.9620985,22.3740234],[113.9621505,22.3739696],[113.9622071,22.37392],[113.9622678,22.3738747],[113.962337,22.3738315],[113.96241,22.3737939],[113.9624664,22.3737645],[113.9625249,22.373739],[113.9625752,22.3737217],[113.9626459,22.3737006],[113.9627076,22.3736878],[113.9649391,22.3733021],[113.9651811,22.37324],[113.9656019,22.3731243],[113.9656571,22.3731074]],[[113.9656571,22.3731074],[113.9666044,22.3728361],[113.9666774,22.3728176],[113.9667269,22.3728017],[113.9667779,22.3727798],[113.9668208,22.372752],[113.9668751,22.3727279],[113.9670515,22.3726799],[113.9672795,22.3726149],[113.9673536,22.3725927],[113.9674134,22.3725544],[113.9674585,22.3725035],[113.9674847,22.3724494],[113.9674959,22.372386],[113.9674896,22.3723269],[113.9674651,22.3722665],[113.9674284,22.3722187],[113.9673874,22.3721852],[113.9673574,22.3721683],[113.9673353,22.3721589],[113.9673159,22.3721524],[113.9672724,22.3721434],[113.9672121,22.3721426],[113.9671295,22.3721569]],[[113.9671295,22.3721569],[113.9670403,22.3721796]],[[113.9670403,22.3721796],[113.9669055,22.3722155]],[[113.9669055,22.3722155],[113.9667754,22.37225]],[[113.9667754,22.37225],[113.9667237,22.372275],[113.9666829,22.3723059],[113.9666619,22.3723324],[113.966538,22.3725607]]]}},{"type":"Feature","properties":{"kind":"route","routeCode":"614","name":"MTR Light Rail 614","serviceNames":["Light Rail 614 (Tuen Mun Ferry Pier â Yuen Long)","Light Rail 614 (Yuen Long â Tuen Mun Ferry Pier)"],"osmRelationIds":[3680323,6485194],"osmWayCount":147},"geometry":{"type":"MultiLineString","coordinates":[[[114.0350007,22.4456071],[114.0350005,22.4455912],[114.0350013,22.4455767],[114.0345678,22.4455793],[114.0345673,22.4455928],[114.0345675,22.4456099],[114.0350007,22.4456071]],[[114.0297434,22.4444453],[114.0303139,22.4444386],[114.0303137,22.4444244],[114.0303135,22.4444147],[114.0297431,22.4444213],[114.0297432,22.4444308],[114.0297434,22.4444453]],[[114.0271098,22.4444572],[114.02754,22.4444504],[114.0275402,22.444459],[114.0275404,22.4444701],[114.0271102,22.4444769],[114.02711,22.4444666],[114.0271098,22.4444572]],[[114.0235791,22.4445004],[114.0241423,22.4444904],[114.024142,22.4444766],[114.0241417,22.4444673],[114.0235785,22.4444773],[114.0235787,22.444486],[114.0235791,22.4445004]],[[114.0202836,22.444452],[114.0206769,22.4445153],[114.0206781,22.4445088],[114.0206812,22.4444926],[114.0202879,22.4444292],[114.020286,22.4444379],[114.0202836,22.444452]],[[114.0125769,22.4430619],[114.0125834,22.4430478],[114.0125889,22.4430359],[114.0122322,22.4428957],[114.0122262,22.4429112],[114.0122203,22.4429217],[114.0125769,22.4430619]],[[114.0078272,22.4404852],[114.0078473,22.4404582],[114.0075081,22.440243],[114.0075014,22.4402521],[114.007488,22.4402701],[114.0078272,22.4404852]],[[113.9976296,22.4337257],[113.9976417,22.4337112],[113.9976538,22.4336967],[113.997365,22.4334906],[113.9973518,22.4335064],[113.9973408,22.4335196],[113.9976296,22.4337257]],[[113.9923735,22.4297841],[113.9923853,22.4297725],[113.9923951,22.4297628],[113.9921129,22.4295263],[113.9920914,22.4295476],[113.9923735,22.4297841]],[[113.9869738,22.4241537],[113.9867143,22.4238855],[113.9867064,22.423892],[113.9866972,22.4238996],[113.9869567,22.4241679],[113.9869641,22.4241617],[113.9869738,22.4241537]],[[113.9819082,22.4186793],[113.9821075,22.4189714],[113.9821273,22.4189598],[113.9820601,22.4188612],[113.9819281,22.4186677],[113.9819185,22.4186733],[113.9819082,22.4186793]],[[113.9784141,22.4115812],[113.9783874,22.4116227],[113.9784093,22.4116972],[113.9783951,22.4117007],[113.9783788,22.4117057],[113.9785509,22.4122509],[113.9785667,22.4122458],[113.9785806,22.4122435],[113.9785489,22.4121406],[113.9785808,22.4121317],[113.9785453,22.4120145],[113.9784982,22.4118589],[113.9784141,22.4115812]],[[113.9788592,22.4069204],[113.9788759,22.4069175],[113.9788828,22.4069163],[113.9788125,22.4065659],[113.9788038,22.4065674],[113.9787878,22.4065702],[113.9788592,22.4069204]],[[113.97958,22.4033043],[113.9795889,22.4033009],[113.9794422,22.4029648],[113.9794301,22.4029693],[113.979418,22.4029738],[113.9795647,22.40331],[113.97958,22.4033043]],[[113.9779772,22.400063],[113.9781184,22.4003733],[113.9781349,22.4003677],[113.9781467,22.4003624],[113.9780054,22.400052],[113.9779926,22.400057],[113.9779772,22.400063]],[[113.9774731,22.397588],[113.9774934,22.3975908],[113.9775032,22.3975924],[113.9775614,22.3972547],[113.9775476,22.3972524],[113.9775308,22.3972505],[113.9774731,22.397588]],[[113.9769905,22.3947004],[113.977004,22.3946641],[113.9770122,22.3946391],[113.9769828,22.3946311],[113.9766369,22.3945303],[113.9766285,22.3945567],[113.9766177,22.3945896],[113.9769905,22.3947004]],[[113.9750902,22.3915187],[113.9751051,22.3915184],[113.9751315,22.3915181],[113.9751388,22.3915179],[113.9751351,22.3913293],[113.9751251,22.3913303],[113.975108,22.3913297],[113.9751056,22.3912077],[113.9750934,22.3912079],[113.9750841,22.3912081],[113.9750902,22.3915187]],[[113.9751343,22.387796],[113.9751566,22.3877959],[113.9751818,22.3877958],[113.9751833,22.387353],[113.9751606,22.387353],[113.9751358,22.3873531],[113.9751343,22.387796]],[[113.9750905,22.3843994],[113.9750784,22.3844],[113.9750663,22.3844007],[113.9750882,22.38476],[113.9751003,22.3847594],[113.9751125,22.3847587],[113.9750905,22.3843994]],[[113.9728143,22.3832495],[113.9728152,22.3832624],[113.9728161,22.3832771],[113.9731808,22.3832591],[113.9731808,22.3832483],[113.9731777,22.383231],[113.9728143,22.3832495]],[[113.9704526,22.3813575],[113.9704328,22.3809863],[113.9704212,22.3809868],[113.970407,22.3809875],[113.9704268,22.3813587],[113.9704408,22.3813581],[113.9704526,22.3813575]],[[113.9668364,22.3754206],[113.9668284,22.3754167],[113.9668087,22.3754073],[113.9669865,22.3750883],[113.9670076,22.3750984],[113.9670153,22.3751021],[113.9668364,22.3754206]],[[113.9664976,22.3726764],[113.9665171,22.372686],[113.9665345,22.3726945],[113.9667052,22.3723967],[113.9666867,22.3723876],[113.9666683,22.3723786],[113.9664976,22.3726764]],[[114.0347843,22.4455614],[114.0351604,22.4455568],[114.0351914,22.4455527],[114.0352145,22.445546],[114.035285,22.4454975],[114.0353132,22.4454859],[114.0353477,22.4454795]],[[114.0353477,22.4454795],[114.0354711,22.4454807]],[[114.0354711,22.4454807],[114.0358064,22.4454754],[114.0358599,22.4454598],[114.0359121,22.4454314],[114.0359501,22.4453948],[114.0359772,22.4453619],[114.0360002,22.4453165]],[[114.0360002,22.4453165],[114.0360053,22.4453022],[114.0360174,22.4452629],[114.0360215,22.4452236],[114.0360221,22.4451755],[114.0360147,22.4451278],[114.0359996,22.4450817],[114.0359862,22.4450435],[114.0359665,22.4450077],[114.0359411,22.444975],[114.0359107,22.4449463],[114.0358687,22.4449181],[114.035822,22.4448974],[114.0357719,22.4448848],[114.0357202,22.4448808],[114.0356742,22.444882],[114.0356293,22.4448911],[114.0355868,22.4449075],[114.0355484,22.4449309],[114.0355137,22.4449621],[114.0354861,22.4449988],[114.0354666,22.4450398]],[[114.0354666,22.4450398],[114.0354579,22.4450692],[114.03542,22.4452166],[114.035389,22.4452862],[114.0353451,22.4453478],[114.03529,22.4453895],[114.0352264,22.4454098],[114.0351614,22.4454134],[114.0348688,22.4454135],[114.0346197,22.4454141],[114.0345815,22.4454203],[114.0345455,22.4454325],[114.0345192,22.4454459],[114.03432,22.4455852],[114.0342442,22.4456358],[114.0341999,22.445652],[114.0341502,22.4456632],[114.0339969,22.445677]],[[114.0339969,22.445677],[114.0339253,22.4456895],[114.0338689,22.4457069],[114.033826,22.4457256],[114.0337912,22.445741],[114.0337472,22.4457557],[114.0337027,22.4457628],[114.0336795,22.4457646],[114.0336568,22.4457637],[114.0336284,22.4457602],[114.0335993,22.4457538],[114.033579,22.4457476],[114.0335586,22.4457399],[114.0334031,22.4456739],[114.0333474,22.4456478],[114.0332925,22.4456196],[114.0332332,22.4455844],[114.0331629,22.4455371],[114.0331191,22.4455042],[114.0330722,22.4454653],[114.0330245,22.4454226],[114.0329672,22.4453645],[114.0329464,22.4453413],[114.0328738,22.4452587],[114.0328318,22.4452121]],[[114.0328318,22.4452121],[114.0327309,22.445099]],[[114.0327309,22.445099],[114.0326797,22.4450427],[114.0323472,22.4446709],[114.0323126,22.4446339],[114.0322829,22.4446044],[114.0322565,22.4445809],[114.032231,22.4445598],[114.0322002,22.4445358],[114.032172,22.4445177],[114.0321441,22.444503],[114.0321197,22.4444899],[114.032081,22.4444752],[114.0320485,22.4444633],[114.032014,22.4444529],[114.0319679,22.4444421],[114.0319212,22.444434],[114.0318706,22.4444275],[114.0318124,22.4444228],[114.0317689,22.4444209],[114.0300285,22.4444481],[114.0296754,22.4444501],[114.0296265,22.4444518],[114.0294695,22.4444514],[114.029295,22.444457],[114.0292742,22.4444574],[114.0279452,22.4444809],[114.0273253,22.4444841],[114.0269604,22.4444869],[114.0259777,22.4444946]],[[114.0259777,22.4444946],[114.0256491,22.4445032]],[[114.0256491,22.4445032],[114.0251652,22.4445188],[114.025067,22.444519],[114.0243628,22.4445077],[114.0238837,22.4445167],[114.0232438,22.4445266],[114.0224164,22.4445393],[114.0223667,22.4445395],[114.0222946,22.444541],[114.0222026,22.4445419],[114.022142,22.4445425],[114.0212934,22.4445531],[114.0212209,22.4445568],[114.0211339,22.4445586],[114.0209854,22.4445568],[114.0208855,22.4445518],[114.0207806,22.4445433],[114.020673,22.4445307],[114.0204769,22.4444986],[114.0201647,22.4444468],[114.0180787,22.4440799],[114.0179876,22.4440682],[114.0178922,22.4440582],[114.0177817,22.4440517],[114.0176543,22.4440515],[114.0175292,22.4440548],[114.0171656,22.4440657],[114.0170775,22.4440684],[114.0169776,22.4440693],[114.0168816,22.4440702],[114.0167923,22.4440676],[114.0167179,22.4440622],[114.0166265,22.4440513],[114.0165858,22.4440426],[114.0163127,22.4439894],[114.0161244,22.4439523]],[[114.0161244,22.4439523],[114.0152285,22.4437911],[114.0147414,22.4437007],[114.0143425,22.4436053],[114.0139255,22.4435052],[114.0134874,22.4433776],[114.0130256,22.4432323],[114.0125937,22.4430832],[114.0123818,22.4429984],[114.0120859,22.4428778],[114.0117962,22.4427628],[114.0113544,22.4425773],[114.0112466,22.442532],[114.0112136,22.4425182],[114.0111645,22.4424975],[114.0110755,22.4424502],[114.0108483,22.4423337],[114.0106623,22.4422337],[114.0105271,22.442161],[114.0104332,22.4421057],[114.0102609,22.4420041],[114.0093445,22.441452],[114.008386,22.4408534],[114.0083426,22.4408263],[114.0082871,22.4407952],[114.0082091,22.4407477],[114.0076412,22.4403959],[114.0073771,22.4402249],[114.0051756,22.4388429]],[[114.0051756,22.4388429],[114.0051431,22.438814],[114.0050939,22.4387621],[114.0050597,22.4387257],[114.0050148,22.4386907],[114.0045881,22.4384217],[114.0045299,22.4383898],[114.0044768,22.438362],[114.0044213,22.4383352],[114.0043091,22.4382863],[114.0042579,22.4382609],[114.0042073,22.4382342],[114.0040224,22.4381255]],[[114.0040224,22.4381255],[114.0038205,22.4380091],[114.003603,22.4378788]],[[114.003603,22.4378788],[114.0035618,22.4378499],[114.0034437,22.4377799],[114.0023462,22.437077],[114.0017678,22.4366864],[114.000799,22.4360086],[114.0007385,22.4359651],[114.0006988,22.4359379],[114.0005539,22.4358357],[114.0003606,22.4357026],[114.0003149,22.4356643],[114.0000239,22.4354616],[113.9998084,22.4353115],[113.9995586,22.4351176],[113.9994053,22.4350076],[113.9993193,22.4349458],[113.9990608,22.4347549],[113.9985812,22.4344188],[113.9984659,22.4343376],[113.9976598,22.4337709],[113.9974676,22.4336358],[113.9963135,22.432809],[113.9962358,22.4327574],[113.9954643,22.4322122],[113.9951562,22.431997],[113.9949768,22.4318728],[113.9948469,22.4317846],[113.9947232,22.4316963],[113.9945822,22.4315893],[113.9944456,22.431484],[113.9943112,22.4313766],[113.9939943,22.4311222],[113.9932437,22.4305219],[113.9931585,22.4304499],[113.9930519,22.4303625],[113.9924606,22.4298594],[113.9922253,22.4296735],[113.9917474,22.4292722],[113.9914853,22.4290072],[113.991422,22.4289431],[113.9913731,22.4288921],[113.9903639,22.4278392],[113.9902901,22.4277596],[113.9901476,22.4276166],[113.990099,22.4275647],[113.9891302,22.4265287],[113.9890798,22.4264768],[113.9890353,22.4264284],[113.9873102,22.4245539],[113.9872564,22.4244954],[113.9872292,22.4244676],[113.986814,22.424044],[113.9866045,22.4238234],[113.9863809,22.4235915],[113.9850826,22.4222074],[113.9850621,22.4221855],[113.9850331,22.4221565],[113.9849862,22.4221099],[113.9849704,22.4220943]],[[113.9849704,22.4220943],[113.9849531,22.4220778],[113.9849228,22.4220469],[113.9847707,22.4218922]],[[113.9847707,22.4218922],[113.9841508,22.4212619],[113.9840999,22.4212102],[113.9840607,22.4211693],[113.9840253,22.4211339],[113.9836162,22.4207249],[113.9831888,22.4202938],[113.9826262,22.4197025],[113.9822655,22.4192552],[113.9820934,22.4190296],[113.9819948,22.4188831],[113.9818604,22.4186794],[113.9817461,22.418477],[113.9813143,22.417675],[113.9812229,22.4174969]],[[113.9812229,22.4174969],[113.9810717,22.4172022]],[[113.9810717,22.4172022],[113.9804534,22.4159974]],[[113.9804534,22.4159974],[113.980311,22.4157199],[113.979814,22.4147732],[113.9797492,22.4146634],[113.9796838,22.4145701],[113.9795583,22.4144178],[113.9794518,22.4142879]],[[113.9794518,22.4142879],[113.979194,22.4139845],[113.9791343,22.4139185],[113.979071,22.4138449],[113.9790203,22.4137793],[113.9789689,22.41371],[113.9789159,22.4136202],[113.9788715,22.413535],[113.9788345,22.4134416],[113.978802,22.4133451],[113.9787741,22.4132431],[113.9787301,22.4130553],[113.9786243,22.4125511]],[[113.9786243,22.4125511],[113.9786122,22.4124951],[113.9786008,22.4124512],[113.9785867,22.4124038],[113.9785677,22.4123443],[113.9785561,22.4123097],[113.9785459,22.412281]],[[113.9785459,22.412281],[113.9784408,22.4119631]],[[113.9784408,22.4119631],[113.9783454,22.4116745]],[[113.9783454,22.4116745],[113.9783383,22.4116518],[113.9782786,22.4114549]],[[113.9782786,22.4114549],[113.9782318,22.4112941]],[[113.9782318,22.4112941],[113.9781544,22.4110005]],[[113.9781544,22.4110005],[113.9780094,22.4105221],[113.9777018,22.4095471],[113.9776822,22.4094652],[113.9776682,22.4093902],[113.977656,22.4093021],[113.9776496,22.4092131],[113.9776488,22.4091527],[113.9776533,22.4091005],[113.9776602,22.409058],[113.9776723,22.4090018],[113.9776891,22.4089482],[113.9777162,22.4088757],[113.9777409,22.4088219],[113.9777713,22.4087646],[113.9778029,22.4087163],[113.9778282,22.4086827],[113.9778731,22.4086282],[113.9779148,22.4085814],[113.9779645,22.4085299],[113.9780199,22.4084778],[113.9780947,22.4084155],[113.9786673,22.4079828],[113.9787313,22.4079291],[113.9788054,22.4078574],[113.9788437,22.407809],[113.9788714,22.4077647],[113.9788944,22.4077207],[113.978917,22.4076637],[113.978932,22.407606],[113.9789418,22.4075395],[113.9789441,22.4074586],[113.97894,22.4074053],[113.9789309,22.4073448],[113.9788651,22.4070313],[113.978811,22.4067586],[113.9787657,22.4065348],[113.9787352,22.4063803],[113.9787252,22.4063118],[113.9787165,22.4062512],[113.9787111,22.4061937],[113.9787068,22.4061103],[113.9787129,22.4060021],[113.9787273,22.4058949],[113.9787478,22.4057988]],[[113.9787478,22.4057988],[113.9787825,22.4056955],[113.9788305,22.4055825],[113.9788853,22.4054724],[113.9789356,22.4053857],[113.9789967,22.4052904],[113.9790746,22.4051808],[113.9791378,22.4050963],[113.9793843,22.40478],[113.9794394,22.4047037],[113.9794734,22.4046547],[113.9795018,22.4046105],[113.9795341,22.4045537],[113.9795804,22.4044609],[113.9796147,22.4043779],[113.9796346,22.4043177],[113.9796622,22.4042187],[113.9796761,22.4041511],[113.9796859,22.4040841],[113.9796925,22.4040166],[113.9796959,22.4039329],[113.9796946,22.4038616],[113.9796903,22.4037941],[113.9796826,22.4037288],[113.9796722,22.4036697],[113.9796565,22.4036023],[113.979637,22.4035332],[113.9796212,22.403484],[113.9795989,22.4034263],[113.979469,22.4031278],[113.9793563,22.4028683],[113.979304,22.4027573],[113.9792275,22.4026114],[113.9791679,22.4025054],[113.9785347,22.4013192],[113.9784864,22.4012244],[113.9784517,22.4011604],[113.9784228,22.4011013],[113.9783332,22.4009015],[113.9782593,22.4007084],[113.9782084,22.4005926],[113.9780452,22.4002411],[113.9779501,22.4000232],[113.9779046,22.399918],[113.9778467,22.3997987],[113.9777702,22.3996549],[113.9777203,22.3995536],[113.9776477,22.3993876],[113.9776211,22.3993224],[113.9775547,22.3991426],[113.9775091,22.3989994],[113.9774648,22.3987895],[113.9774338,22.3985902],[113.9774212,22.3984661],[113.9774146,22.3983597],[113.9774163,22.3982396],[113.977423,22.3980226],[113.9774251,22.3979246],[113.9774324,22.3978051],[113.9774438,22.3977171],[113.9774907,22.3974112],[113.9775258,22.3972066],[113.9776226,22.3966679]],[[113.9776226,22.3966679],[113.9778161,22.3955223],[113.9778266,22.3954501],[113.9778324,22.3953778],[113.977831,22.3953126],[113.9778235,22.395245],[113.9778131,22.3951983],[113.9777954,22.3951505],[113.9777724,22.395108],[113.9777419,22.3950661],[113.9777019,22.3950188],[113.9776491,22.3949708],[113.9775959,22.3949287],[113.9775386,22.3948957],[113.97749,22.3948725],[113.9774325,22.394852],[113.9770742,22.3947441],[113.9767912,22.3946624],[113.9764342,22.394557],[113.9763259,22.3945228],[113.9760088,22.3944003],[113.9758171,22.3943298]],[[113.9758171,22.3943298],[113.9751222,22.3940956],[113.9747669,22.3939748]],[[113.9747669,22.3939748],[113.9747072,22.3939339],[113.9746712,22.3938881],[113.9746444,22.3938336],[113.9746323,22.3937757],[113.9746344,22.393731],[113.9746462,22.3936682]],[[113.9746462,22.3936682],[113.9746934,22.3935253],[113.9747184,22.3934673],[113.9747622,22.3933911],[113.9748281,22.3932963],[113.9748853,22.3931997],[113.9749346,22.3930902]],[[113.9749346,22.3930902],[113.9749757,22.3929762],[113.9750108,22.3928313],[113.9750269,22.3927041],[113.9750311,22.3926005],[113.9750231,22.3924668],[113.9750151,22.3923505],[113.9750029,22.3921529]],[[113.9750029,22.3921529],[113.9750029,22.3920735],[113.9750092,22.3920069],[113.9750229,22.3919379],[113.9750429,22.3918667],[113.9750596,22.3917984],[113.9750686,22.3917464],[113.9750727,22.3916893],[113.9750738,22.3916359],[113.9750666,22.3913686],[113.9750572,22.3910505],[113.9750501,22.3906037],[113.9750526,22.3904926],[113.9750592,22.3903956],[113.9750754,22.3902579]],[[113.9750754,22.3902579],[113.9751529,22.3898256],[113.9751753,22.3896298],[113.9751877,22.3892082],[113.9751971,22.388824]],[[113.9751971,22.388824],[113.9751947,22.3886412],[113.9751945,22.3885761],[113.9751913,22.3884407],[113.9751807,22.3883402],[113.9751372,22.388032],[113.9751269,22.3879246]],[[113.9751269,22.3879246],[113.9751264,22.3878348],[113.9751228,22.3875741],[113.9751236,22.3873561]],[[113.9751236,22.3873561],[113.9751237,22.3873263],[113.9751086,22.3868723],[113.9751195,22.3866414],[113.9751269,22.3864817],[113.9751211,22.3859569],[113.9751121,22.3854689],[113.9751011,22.3852882]],[[113.9751011,22.3852882],[113.9750712,22.3847989],[113.9750578,22.3845814],[113.97504,22.3842883],[113.9750091,22.3837818],[113.9749939,22.3835327],[113.9749846,22.3833875]],[[113.9749846,22.3833875],[113.9749744,22.3833553],[113.9749611,22.383327],[113.9749445,22.3833001],[113.974919,22.383272],[113.9748899,22.3832477],[113.9748579,22.3832285],[113.974826,22.3832163],[113.9748019,22.3832097],[113.974776,22.3832057],[113.9747459,22.383203],[113.9747184,22.3832028],[113.9746368,22.3832072]],[[113.9746368,22.3832072],[113.9740588,22.3832317],[113.9732491,22.3832678],[113.9730445,22.3832794],[113.9727186,22.3832953],[113.9708657,22.3834125],[113.9708117,22.3834074],[113.9707593,22.3833941],[113.97071,22.383373],[113.9706652,22.3833446],[113.9706308,22.3833147],[113.9706015,22.3832806],[113.9705778,22.3832429],[113.9705601,22.3832024],[113.9705489,22.3831601],[113.9705334,22.3830361],[113.9704186,22.3814719],[113.9703882,22.3811755],[113.9703548,22.3807557]],[[113.9703548,22.3807557],[113.9703446,22.3806355],[113.9703289,22.3804856],[113.9703218,22.3804342],[113.9703105,22.3803778],[113.9702988,22.3803318],[113.9702813,22.3802729],[113.97026,22.3802155],[113.9702329,22.3801563],[113.9701984,22.380096],[113.9701609,22.3800376],[113.9701221,22.3799857],[113.9700862,22.3799443],[113.9700437,22.379902],[113.9700002,22.3798648],[113.9699478,22.3798236],[113.9698734,22.3797685],[113.9698338,22.3797411],[113.9690776,22.37929]],[[113.9690776,22.37929],[113.9679391,22.3786108]],[[113.9679391,22.3786108],[113.9676711,22.3784509],[113.9675814,22.3783943],[113.9674959,22.3783365],[113.9674311,22.3782879],[113.9673721,22.3782383],[113.9673125,22.3781837],[113.9672577,22.378124],[113.9672135,22.3780689],[113.9671749,22.3780121],[113.9671439,22.3779584],[113.9671151,22.3779028],[113.9670811,22.3778278],[113.9670476,22.3777465],[113.9670066,22.3776338],[113.9669726,22.3775403],[113.9669491,22.3774756],[113.9666871,22.3767549],[113.9666588,22.3766656],[113.9665779,22.376358],[113.9665628,22.376288],[113.9665511,22.3762144],[113.9665434,22.376147],[113.9665408,22.3760793],[113.9665431,22.3760153],[113.9665497,22.3759611],[113.966561,22.3759001],[113.9665754,22.3758421],[113.9665924,22.3757896],[113.9666157,22.3757311],[113.9666447,22.3756697],[113.9667235,22.3755285],[113.9668826,22.3752432],[113.9669936,22.3750449],[113.9675104,22.3741293],[113.9675661,22.3740339],[113.9676263,22.3739367],[113.9676933,22.3738331],[113.9678154,22.3736478],[113.9678823,22.3735373],[113.9679265,22.3734587],[113.9679634,22.373386],[113.9679914,22.3733251],[113.9680189,22.3732547],[113.9680538,22.3731519],[113.9680782,22.3730706],[113.9680958,22.3729917],[113.9681097,22.3729071],[113.9681211,22.3728145],[113.9681263,22.3727695],[113.9681351,22.372699],[113.9681451,22.3726155],[113.9681551,22.3725311],[113.9681574,22.3724653],[113.9681585,22.3724414]],[[113.9681585,22.3724414],[113.9681466,22.3723402],[113.9680959,22.3721976],[113.9680236,22.3721005],[113.9679304,22.3720371],[113.9678408,22.3720022],[113.9677314,22.3719839],[113.9676158,22.3719888],[113.9675222,22.3720107],[113.9674695,22.3720323],[113.9674192,22.3720569],[113.9673796,22.3720817],[113.9673218,22.3721049],[113.9672994,22.3721138],[113.9671295,22.3721569]],[[113.9671295,22.3721569],[113.9670403,22.3721796]],[[113.9670403,22.3721796],[113.9669055,22.3722155]],[[113.9669055,22.3722155],[113.9668495,22.3722411],[113.9668072,22.3722742],[113.9667856,22.3723],[113.9666595,22.3725334]],[[113.9669348,22.3750676],[113.9669062,22.3750536],[113.9668919,22.3750466],[113.9667145,22.3753619],[113.9667288,22.3753688],[113.9667576,22.3753826],[113.9669348,22.3750676]],[[113.9703578,22.3814301],[113.970338,22.3810588],[113.9703238,22.3810595],[113.9703122,22.38106],[113.970332,22.3814312],[113.9703451,22.3814306],[113.9703578,22.3814301]],[[113.9728209,22.3833535],[113.9728215,22.3833634],[113.9728223,22.3833794],[113.9731781,22.3833626],[113.9731774,22.383349],[113.9731767,22.3833361],[113.9728209,22.3833535]],[[113.9749887,22.3844047],[113.9749765,22.3844054],[113.9749644,22.384406],[113.9749864,22.3847653],[113.9749985,22.3847647],[113.9750106,22.3847641],[113.9749887,22.3844047]],[[113.9750141,22.3877998],[113.9750374,22.3877997],[113.9750615,22.3877996],[113.9750595,22.3873539],[113.9750379,22.3873539],[113.975012,22.387354],[113.9750141,22.3877998]],[[113.974805,22.3914577],[113.9748179,22.3914573],[113.9748525,22.3914563],[113.9748417,22.3911437],[113.9748262,22.3911443],[113.9747942,22.3911451],[113.974805,22.3914577]],[[113.9769489,22.3948256],[113.976956,22.3948035],[113.9769637,22.3947824],[113.9765951,22.3946745],[113.9765888,22.3946926],[113.9765812,22.3947137],[113.9769489,22.3948256]],[[113.9773823,22.3975731],[113.9773987,22.3975757],[113.9774115,22.3975776],[113.9774714,22.3972427],[113.9774586,22.3972407],[113.9774422,22.3972382],[113.9773823,22.3975731]],[[113.9778959,22.4000901],[113.9780355,22.4004011],[113.9780491,22.4003952],[113.9780624,22.4003908],[113.9779227,22.4000798],[113.9779095,22.4000849],[113.9778959,22.4000901]],[[113.9795032,22.4033338],[113.9793568,22.4029998],[113.9793397,22.4030062],[113.9793278,22.4030107],[113.9794754,22.4033443],[113.9794844,22.4033409],[113.9795032,22.4033338]],[[113.978763,22.4069369],[113.9787725,22.4069352],[113.9787896,22.4069323],[113.9787203,22.4065825],[113.9787012,22.4065857],[113.9786914,22.4065874],[113.978763,22.4069369]],[[113.9782981,22.4117252],[113.9782828,22.4117294],[113.9782685,22.4117336],[113.9782878,22.4117921],[113.9782711,22.4120102],[113.9784053,22.4121748],[113.9784263,22.4121691],[113.9784415,22.4121648],[113.9782981,22.4117252]],[[113.9815701,22.4183746],[113.9816717,22.418547],[113.9817329,22.4186508],[113.9817488,22.4186778],[113.9817694,22.4186675],[113.9815907,22.4183643],[113.981579,22.4183701],[113.9815701,22.4183746]],[[113.9864721,22.4237612],[113.9862126,22.4234929],[113.9862048,22.4234994],[113.9861955,22.4235071],[113.9864549,22.4237754],[113.9864642,22.4237677],[113.9864721,22.4237612]],[[113.9923172,22.4298461],[113.9923248,22.4298385],[113.9923394,22.429824],[113.9920562,22.4295886],[113.9920459,22.4295989],[113.992034,22.4296108],[113.9923172,22.4298461]],[[113.9975666,22.4338037],[113.9975774,22.4337903],[113.9975902,22.4337744],[113.9972979,22.4335726],[113.9972861,22.4335873],[113.9972742,22.4336019],[113.9975666,22.4338037]],[[114.0072375,22.4402418],[114.0072463,22.44023],[114.0072576,22.4402147],[114.0069184,22.4399996],[114.0069084,22.4400131],[114.0068984,22.4400266],[114.0072375,22.4402418]],[[114.0119524,22.442909],[114.0119587,22.442896],[114.011965,22.4428832],[114.0116119,22.4427355],[114.011606,22.4427476],[114.0115993,22.4427612],[114.0119524,22.442909]],[[114.0196391,22.4444283],[114.0200317,22.4444953],[114.0200339,22.4444846],[114.0200363,22.4444726],[114.0196437,22.4444056],[114.0196414,22.4444177],[114.0196391,22.4444283]],[[114.0235791,22.4445955],[114.024142,22.4445817],[114.0241419,22.444575],[114.0241414,22.4445585],[114.0235784,22.4445724],[114.0235787,22.4445861],[114.0235791,22.4445955]],[[114.0264222,22.4445654],[114.0268117,22.4445622],[114.0268116,22.4445521],[114.0268115,22.4445397],[114.026422,22.4445434],[114.0264221,22.4445563],[114.0264222,22.4445654]],[[114.0287833,22.4445504],[114.0291652,22.4445469],[114.029165,22.4445355],[114.0291649,22.4445239],[114.028783,22.4445272],[114.0287831,22.444538],[114.0287833,22.4445504]],[[113.9666595,22.3725334],[113.9665396,22.3727339],[113.9665063,22.3727738],[113.9664758,22.3728014],[113.9664401,22.3728245],[113.9663835,22.3728483]],[[113.9663835,22.3728483],[113.9662548,22.3728841]],[[113.9662548,22.3728841],[113.9661379,22.3729184]],[[113.9661379,22.3729184],[113.966015,22.372956]],[[113.966015,22.372956],[113.9658756,22.3729959]],[[113.9658756,22.3729959],[113.9658381,22.3730067]],[[113.9658381,22.3730067],[113.9657667,22.3730107],[113.9657026,22.373004],[113.9656472,22.3729864],[113.9656172,22.3729714]],[[113.9656172,22.3729714],[113.965558,22.3729262],[113.965511,22.3728621],[113.9654933,22.3728188],[113.9654843,22.3727732],[113.9654903,22.3726896],[113.9655164,22.3726252],[113.9655559,22.3725731],[113.9656191,22.3725247],[113.9657082,22.3724921]],[[113.9657082,22.3724921],[113.9662449,22.372341],[113.9673146,22.3720667],[113.9673721,22.3720583],[113.9674192,22.3720569],[113.9674761,22.3720576],[113.9675343,22.3720496],[113.9676219,22.3720303],[113.9677271,22.3720228],[113.9678269,22.3720395],[113.9679063,22.3720713],[113.967988,22.372126],[113.9680557,22.3722142],[113.9681035,22.3723482],[113.9681157,22.3724507]],[[113.9681157,22.3724507],[113.9681163,22.3724738],[113.9681113,22.3725332],[113.9681012,22.3726192],[113.9680914,22.3727021],[113.9680828,22.3727688],[113.9680664,22.3729074],[113.9680508,22.3729987],[113.9680328,22.3730772],[113.968009,22.3731597],[113.9679847,22.3732342],[113.9679583,22.3733018],[113.9679245,22.3733758],[113.9678888,22.3734474],[113.9678378,22.3735392],[113.9677818,22.3736319],[113.9676057,22.373902],[113.9675398,22.3740091],[113.9674747,22.3741216],[113.9669614,22.3750295],[113.9668501,22.3752272],[113.9666903,22.3755122],[113.9665955,22.3756822],[113.9665728,22.3757297],[113.9665501,22.3757834],[113.9665328,22.3758343],[113.9665181,22.3758876],[113.9665077,22.3759388],[113.9664998,22.375996],[113.9664962,22.3760626],[113.9664984,22.3761302],[113.966506,22.3761962],[113.9665184,22.3762658],[113.9665367,22.3763426],[113.9666235,22.3766723],[113.966645,22.3767442],[113.9666723,22.3768268],[113.9669124,22.3774874],[113.966936,22.3775526],[113.96697,22.377646],[113.9669958,22.377717],[113.9670241,22.3777896],[113.9670523,22.3778564],[113.9670813,22.3779186],[113.9671135,22.3779786],[113.9671519,22.3780421],[113.9671874,22.3780926],[113.9672317,22.3781472],[113.9672816,22.3782007],[113.9673305,22.378247],[113.9673837,22.3782929],[113.967448,22.3783431],[113.9675223,22.378395],[113.9676029,22.3784475],[113.9676591,22.3784822],[113.9679194,22.378637]],[[113.9679194,22.378637],[113.9690627,22.379317]],[[113.9690627,22.379317],[113.9696266,22.3796524],[113.9696689,22.3796792],[113.9698262,22.379784],[113.9698979,22.3798366],[113.9699496,22.3798784],[113.9699991,22.3799221],[113.970044,22.3799674],[113.9700896,22.3800201],[113.9701317,22.3800764],[113.9701682,22.3801349],[113.9702013,22.380199],[113.9702279,22.3802619],[113.9702519,22.380332],[113.9702732,22.3804117],[113.9702884,22.380489],[113.9703076,22.3806371],[113.9703171,22.3807577]],[[113.9703171,22.3807577],[113.9703558,22.3812447],[113.9703779,22.3814734],[113.9704964,22.3830392],[113.9705106,22.3831838],[113.9705196,22.3832343],[113.9705304,22.3832765],[113.9705457,22.3833116],[113.9705655,22.383344],[113.9705916,22.3833748],[113.9706254,22.3834015],[113.9706617,22.383422],[113.9707011,22.3834372],[113.9707425,22.3834467],[113.9707849,22.3834502],[113.9727218,22.3833417],[113.9730479,22.3833279],[113.9732515,22.3833162],[113.9740649,22.3832717],[113.9746593,22.3832517]],[[113.9746593,22.3832517],[113.9747026,22.3832509],[113.9747364,22.3832533],[113.974766,22.3832595],[113.9747949,22.3832699],[113.9748243,22.3832846],[113.9748505,22.3833008],[113.9748845,22.3833329]],[[113.9748845,22.3833329],[113.974906,22.3833608],[113.9749225,22.3833942],[113.9749346,22.383429],[113.9749551,22.3835347],[113.9749703,22.3837838],[113.9750012,22.3842903],[113.975019,22.3845834],[113.9750324,22.3848009],[113.9750584,22.385203],[113.9750726,22.385471],[113.9750822,22.3859573]],[[113.9750822,22.3859573],[113.9750881,22.3864821],[113.9750806,22.3866421],[113.9750698,22.3868707]],[[113.9750698,22.3868707],[113.9750802,22.3873256],[113.9750793,22.3873366]],[[113.9750793,22.3873366],[113.9750826,22.3875746],[113.9750798,22.3878343],[113.9750819,22.3879246]],[[113.9750819,22.3879246],[113.9750905,22.3880336],[113.975138,22.3883454],[113.9751479,22.388441],[113.9751539,22.3886081],[113.9751545,22.3886412],[113.9751577,22.3887033],[113.9751484,22.3892107],[113.9751287,22.3896253],[113.9751082,22.3898196],[113.9750206,22.3902006],[113.9749668,22.3903902]],[[113.9749668,22.3903902],[113.9748931,22.3906623],[113.9748595,22.3908034],[113.9748518,22.3908773],[113.9748518,22.3909371],[113.9748535,22.3910041],[113.9748608,22.3913037],[113.9748666,22.391576],[113.9748695,22.3917164],[113.9748753,22.3918095],[113.9748876,22.3919192],[113.9749063,22.3920215],[113.9749358,22.3921383]],[[113.9749358,22.3921383],[113.9749599,22.3922312],[113.9749743,22.3923491],[113.9749815,22.3924639],[113.9749867,22.3925987],[113.9749827,22.3927049],[113.9749679,22.3928247],[113.9749339,22.3929633],[113.9748949,22.3930745]],[[113.9748949,22.3930745],[113.9748471,22.3931833],[113.9747873,22.3932799],[113.9747236,22.3933693],[113.974673,22.3934527],[113.974649,22.3935098],[113.9745955,22.3936561]],[[113.9745955,22.3936561],[113.9745799,22.3937138],[113.974572,22.3937596],[113.9745702,22.3938053],[113.9745769,22.3938501],[113.9745895,22.3938878],[113.9746176,22.3939286],[113.9746758,22.3939787],[113.9747387,22.3940134]],[[113.9747387,22.3940134],[113.9751045,22.3941357],[113.9757984,22.3943736]],[[113.9757984,22.3943736],[113.9759862,22.3944413],[113.9763134,22.3945629],[113.9764188,22.3945973],[113.9767772,22.3947007],[113.9770599,22.3947842],[113.9774214,22.3948923],[113.9774717,22.3949107],[113.9775164,22.3949323],[113.9775615,22.3949579],[113.977608,22.3949875],[113.9776517,22.3950268],[113.9776969,22.3950776],[113.9777348,22.3951305],[113.9777639,22.3951914],[113.9777794,22.3952502],[113.9777864,22.3953134],[113.9777872,22.3953788],[113.9777812,22.3954497],[113.9777702,22.3955133],[113.9775768,22.3966597]],[[113.9775768,22.3966597],[113.9774906,22.3972007],[113.9774588,22.3974043],[113.9774053,22.3977117],[113.977394,22.3977988],[113.9773875,22.397925],[113.9773838,22.3980213],[113.9773798,22.3982401],[113.9773763,22.398354],[113.9773829,22.3984744],[113.9773929,22.3985922],[113.9774239,22.3987898],[113.9774694,22.3990033],[113.9775158,22.3991479],[113.9775797,22.399325],[113.9776102,22.3993969],[113.9776837,22.3995648],[113.9777339,22.399668],[113.9778064,22.3998013],[113.9778673,22.3999253],[113.9779194,22.4000349],[113.9780179,22.4002502],[113.9781754,22.4006042],[113.978222,22.4007154],[113.9782971,22.4009121],[113.9783781,22.4011079],[113.9784052,22.4011656],[113.9784404,22.4012291],[113.9784974,22.4013287],[113.979137,22.4025195],[113.9791973,22.402631],[113.9792692,22.4027719],[113.9793215,22.4028823],[113.9794346,22.4031419],[113.9795621,22.403439],[113.9795823,22.403499],[113.979599,22.4035524],[113.9796145,22.4036109],[113.9796288,22.4036764],[113.9796408,22.4037498],[113.9796472,22.4038112],[113.9796508,22.403873],[113.979652,22.4039428],[113.9796489,22.404017],[113.9796404,22.4040973],[113.9796272,22.4041751],[113.9796091,22.4042505],[113.9795872,22.4043215],[113.9795596,22.4043952],[113.9795314,22.4044608],[113.9794955,22.404533],[113.9794495,22.4046136],[113.9793961,22.4046949],[113.9793424,22.4047708],[113.9790281,22.4051797],[113.9789748,22.4052555],[113.9789184,22.4053426],[113.9788587,22.4054439],[113.9788076,22.4055395],[113.978771,22.4056183],[113.9787362,22.4057056],[113.9787093,22.405788]],[[113.9787093,22.405788],[113.9786871,22.4058927],[113.9786743,22.4059843],[113.9786665,22.4060979],[113.9786696,22.4061933],[113.9786827,22.4063069],[113.9786952,22.4063926],[113.9787252,22.4065422],[113.9787706,22.4067658],[113.9788244,22.4070377],[113.9788834,22.4073163],[113.9788931,22.40738],[113.9788995,22.4074427],[113.9789009,22.4074998],[113.9788967,22.4075562],[113.9788876,22.4076085],[113.9788695,22.4076685],[113.9788461,22.4077206],[113.9788222,22.4077616],[113.9787715,22.4078312],[113.9787245,22.4078807],[113.9786524,22.4079433],[113.9780433,22.4083966],[113.9779771,22.4084531],[113.9779333,22.4084946],[113.9778847,22.4085445],[113.9778292,22.4086059],[113.9777761,22.4086769],[113.9777316,22.4087469],[113.9776936,22.4088172],[113.9776694,22.4088718],[113.9776463,22.4089387],[113.9776287,22.4090026],[113.977617,22.4090637],[113.9776101,22.4091159],[113.9776067,22.4091635],[113.9776066,22.4092165],[113.9776097,22.4092811],[113.9776244,22.4093774],[113.9776412,22.409468],[113.9776604,22.4095479],[113.9781112,22.41101]],[[113.9781112,22.41101],[113.978197,22.4113008]],[[113.978197,22.4113008],[113.9782145,22.4113541]],[[113.9782145,22.4113541],[113.9782745,22.4115854],[113.9782975,22.4116635],[113.9783156,22.4117167]],[[113.9783156,22.4117167],[113.9784003,22.4119738],[113.9784924,22.4122527]],[[113.9784924,22.4122527],[113.978513,22.4123221],[113.9785331,22.4123771],[113.9785422,22.4124034],[113.978562,22.4124681],[113.9785775,22.4125229],[113.9785863,22.4125585]],[[113.9785863,22.4125585],[113.9786905,22.4130601],[113.9787352,22.4132491],[113.9787617,22.4133526],[113.9787992,22.4134569],[113.9788331,22.4135419],[113.9788784,22.4136296],[113.9789325,22.4137195],[113.9789892,22.4137945],[113.9790393,22.41386],[113.9791021,22.4139323],[113.979158,22.4139959],[113.9794093,22.4143086]],[[113.9794093,22.4143086],[113.9795228,22.414444],[113.9796423,22.4145987],[113.979709,22.4146868],[113.9797728,22.4147891],[113.9804144,22.4160169]],[[113.9804144,22.4160169],[113.9810735,22.4173095]],[[113.9810735,22.4173095],[113.9812262,22.4176039]],[[113.9812262,22.4176039],[113.9817121,22.4184953],[113.9818293,22.4186953],[113.9819656,22.4188987],[113.9822295,22.4192777],[113.982596,22.4197296],[113.9831606,22.4203205],[113.9839927,22.4211621],[113.9840268,22.4211966],[113.9840667,22.4212402],[113.9841099,22.4212837],[113.9847399,22.4219126]],[[113.9847399,22.4219126],[113.9849224,22.4221007],[113.9849373,22.4221158]],[[113.9849373,22.4221158],[113.9849475,22.422127],[113.9849843,22.4221673],[113.9850175,22.4222014],[113.985042,22.4222273],[113.9863554,22.4236166],[113.9865729,22.4238468],[113.9867828,22.4240675],[113.9871897,22.4244956],[113.9872171,22.4245244],[113.9872667,22.4245786],[113.9881352,22.4255277],[113.9890071,22.4264542],[113.9890498,22.4264995],[113.9891023,22.4265545],[113.9900727,22.4275894],[113.9901199,22.4276397],[113.9902553,22.4277835],[113.9903292,22.4278604],[113.991343,22.4289159],[113.9913938,22.4289688],[113.9914544,22.4290276],[113.9917282,22.4292932],[113.9922035,22.4296983],[113.9924352,22.4298877],[113.9930255,22.4303941],[113.9931347,22.4304827],[113.9932168,22.430552],[113.9939613,22.4311541],[113.9942795,22.4314091],[113.9944142,22.4315154],[113.9945535,22.4316217],[113.9946958,22.4317257],[113.9948214,22.431817],[113.9949498,22.4319031],[113.9951308,22.4320265],[113.995438,22.4322448],[113.9961724,22.4327613],[113.9962113,22.4327884],[113.9974391,22.4336572],[113.9976374,22.4337979],[113.9983669,22.4343098],[113.9984436,22.4343631],[113.9988653,22.434662],[113.9989107,22.4346946],[113.9992029,22.4349088],[113.9996437,22.4352325],[113.99985,22.4353863],[113.9999974,22.4354858],[114.0002048,22.4356285],[114.0002497,22.4356622]],[[114.0002497,22.4356622],[114.0003059,22.4357029],[114.0003242,22.4357178],[114.0005297,22.4358616],[114.0006761,22.4359646],[114.0007743,22.4360355]],[[114.0007743,22.4360355],[114.0017421,22.4367184],[114.0023176,22.4371115],[114.0033486,22.4377648]],[[114.0033486,22.4377648],[114.0034232,22.4378093],[114.0035406,22.4378794],[114.0039991,22.4381559]],[[114.0039991,22.4381559],[114.0041514,22.4382562],[114.0044102,22.438418],[114.0045892,22.4385271]],[[114.0045892,22.4385271],[114.0070936,22.4400905],[114.0073552,22.440255],[114.0081859,22.4407791],[114.0082642,22.4408287],[114.0083137,22.4408564],[114.0083572,22.4408838],[114.0093233,22.4414918],[114.0102223,22.4420307],[114.010415,22.4421445],[114.0105048,22.4421952],[114.0106451,22.4422691],[114.0108399,22.4423716],[114.0110563,22.4424802],[114.0111495,22.4425268],[114.0111972,22.4425483],[114.01123,22.4425623],[114.0113392,22.4426082],[114.0117742,22.4427957],[114.0120703,22.4429111],[114.0125531,22.4431073],[114.013021,22.4432718],[114.0134762,22.4434179],[114.0139142,22.4435485],[114.0143368,22.4436488],[114.0147299,22.4437347],[114.015219,22.4438305],[114.0161339,22.4439909]],[[114.0161339,22.4439909],[114.0162348,22.4440091],[114.0163597,22.4440302],[114.0165286,22.4440653],[114.0166357,22.4440856],[114.0167047,22.444095],[114.0167901,22.4441025],[114.0168561,22.4441055],[114.0169272,22.4441062],[114.0169926,22.4441072],[114.0170905,22.4441041],[114.0174815,22.4440907],[114.0176053,22.4440837],[114.0177346,22.4440815],[114.017844,22.444086],[114.0179585,22.4440945],[114.0180542,22.4441071],[114.0181441,22.4441227],[114.0199068,22.4444307],[114.020159,22.4444753],[114.0206673,22.4445625],[114.0207534,22.4445751],[114.0208351,22.4445836],[114.0209243,22.4445888],[114.0210195,22.44459],[114.0220994,22.4445782],[114.022142,22.4445781],[114.0222027,22.4445774],[114.0222957,22.4445766],[114.0223674,22.4445753],[114.0232439,22.4445601],[114.0238842,22.4445455],[114.0243467,22.4445428],[114.0250671,22.4445555],[114.025165,22.444556],[114.025646,22.4445437]],[[114.025646,22.4445437],[114.0259822,22.444536]],[[114.0259822,22.444536],[114.0266578,22.444527],[114.0269613,22.4445247],[114.0279358,22.4445175],[114.0289746,22.4445026],[114.0292315,22.4444968],[114.0292773,22.4444952],[114.0294947,22.4444877],[114.0296268,22.4444876],[114.0316802,22.4444543],[114.0317309,22.4444553],[114.0318013,22.4444593],[114.0318605,22.4444664],[114.0319217,22.4444758],[114.0319847,22.4444888],[114.0320308,22.4445011],[114.0320632,22.4445126],[114.0321016,22.444529],[114.0321288,22.4445428],[114.0321712,22.4445691],[114.0322122,22.4445999],[114.0322648,22.4446424],[114.0323076,22.4446811],[114.0323447,22.4447179],[114.0323953,22.4447714],[114.0325898,22.4449898],[114.0326544,22.4450628],[114.0327046,22.4451188]],[[114.0327046,22.4451188],[114.0328056,22.4452313]],[[114.0328056,22.4452313],[114.032848,22.4452802],[114.0328865,22.4453225],[114.0329202,22.4453601],[114.0329673,22.4454132],[114.0330123,22.4454588],[114.0330584,22.4455011],[114.033111,22.4455452],[114.0331771,22.4455951],[114.0332339,22.4456332],[114.0333107,22.4456795],[114.0333689,22.4457109],[114.0334263,22.4457374],[114.0334787,22.445758],[114.0335335,22.445776],[114.0335811,22.4457891],[114.0336281,22.4457999],[114.0337185,22.445818],[114.0338109,22.4458281],[114.033904,22.4458304],[114.0340033,22.4458286]],[[114.0340033,22.4458286],[114.0340899,22.4458081],[114.0341346,22.4457911],[114.0341699,22.445769],[114.034205,22.4457473]],[[114.034205,22.4457473],[114.0343217,22.4456615],[114.034333,22.445653]],[[114.034333,22.445653],[114.0343791,22.4456212],[114.0343922,22.445612]],[[114.0343922,22.445612],[114.0344241,22.445595],[114.0344553,22.445581],[114.0344865,22.4455719],[114.0345264,22.4455647],[114.0345662,22.4455628],[114.0347843,22.4455614]]]}},{"type":"Feature","properties":{"kind":"route","routeCode":"615","name":"MTR Light Rail 615","serviceNames":["Light Rail 615 (Tuen Mun Ferry Pier â Yuen Long)","Light Rail 615 (Yuen Long â Tuen Mun Ferry Pier)"],"osmRelationIds":[3680520,6481434],"osmWayCount":139},"geometry":{"type":"MultiLineString","coordinates":[[[114.0348739,22.4457396],[114.0348742,22.445724],[114.0348737,22.4457091],[114.0344515,22.4457104],[114.0344517,22.4457267],[114.0344518,22.4457413],[114.0348739,22.4457396]],[[114.0297434,22.4444453],[114.0303139,22.4444386],[114.0303137,22.4444244],[114.0303135,22.4444147],[114.0297431,22.4444213],[114.0297432,22.4444308],[114.0297434,22.4444453]],[[114.0271098,22.4444572],[114.02754,22.4444504],[114.0275402,22.444459],[114.0275404,22.4444701],[114.0271102,22.4444769],[114.02711,22.4444666],[114.0271098,22.4444572]],[[114.0235791,22.4445004],[114.0241423,22.4444904],[114.024142,22.4444766],[114.0241417,22.4444673],[114.0235785,22.4444773],[114.0235787,22.444486],[114.0235791,22.4445004]],[[114.0202836,22.444452],[114.0206769,22.4445153],[114.0206781,22.4445088],[114.0206812,22.4444926],[114.0202879,22.4444292],[114.020286,22.4444379],[114.0202836,22.444452]],[[114.0125769,22.4430619],[114.0125834,22.4430478],[114.0125889,22.4430359],[114.0122322,22.4428957],[114.0122262,22.4429112],[114.0122203,22.4429217],[114.0125769,22.4430619]],[[114.0078272,22.4404852],[114.0078473,22.4404582],[114.0075081,22.440243],[114.0075014,22.4402521],[114.007488,22.4402701],[114.0078272,22.4404852]],[[113.9976296,22.4337257],[113.9976417,22.4337112],[113.9976538,22.4336967],[113.997365,22.4334906],[113.9973518,22.4335064],[113.9973408,22.4335196],[113.9976296,22.4337257]],[[113.9923735,22.4297841],[113.9923853,22.4297725],[113.9923951,22.4297628],[113.9921129,22.4295263],[113.9920914,22.4295476],[113.9923735,22.4297841]],[[113.9869738,22.4241537],[113.9867143,22.4238855],[113.9867064,22.423892],[113.9866972,22.4238996],[113.9869567,22.4241679],[113.9869641,22.4241617],[113.9869738,22.4241537]],[[113.9819082,22.4186793],[113.9821075,22.4189714],[113.9821273,22.4189598],[113.9820601,22.4188612],[113.9819281,22.4186677],[113.9819185,22.4186733],[113.9819082,22.4186793]],[[113.9784141,22.4115812],[113.9783874,22.4116227],[113.9784093,22.4116972],[113.9783951,22.4117007],[113.9783788,22.4117057],[113.9785509,22.4122509],[113.9785667,22.4122458],[113.9785806,22.4122435],[113.9785489,22.4121406],[113.9785808,22.4121317],[113.9785453,22.4120145],[113.9784982,22.4118589],[113.9784141,22.4115812]],[[113.9723721,22.4072626],[113.9727473,22.4073613],[113.9727521,22.4073454],[113.9727547,22.407337],[113.9723796,22.4072383],[113.9723721,22.4072626]],[[113.968991,22.4067566],[113.969095,22.4067193],[113.969343,22.4066304],[113.9693476,22.4066414],[113.9693615,22.4066744],[113.9690094,22.4068005],[113.9689956,22.4067676],[113.968991,22.4067566]],[[113.9662554,22.4076737],[113.9666102,22.4075974],[113.9666063,22.4075817],[113.9666023,22.4075661],[113.9662479,22.407644],[113.9662516,22.4076586],[113.9662554,22.4076737]],[[113.9634913,22.4065157],[113.9637208,22.4067748],[113.9637455,22.4067561],[113.963516,22.406497],[113.9635052,22.4065051],[113.9634913,22.4065157]],[[113.9642963,22.4053472],[113.9646823,22.4052934],[113.9646756,22.4052521],[113.9642896,22.4053059],[113.9642926,22.4053242],[113.9642963,22.4053472]],[[113.9678528,22.40158],[113.9678334,22.4015816],[113.9678141,22.4015833],[113.9678056,22.4014987],[113.967794,22.4014145],[113.9677794,22.4013306],[113.9677618,22.4012473],[113.9677808,22.4012438],[113.9677999,22.4012404],[113.9678177,22.4013243],[113.9678325,22.4014094],[113.9678442,22.4014948],[113.9678528,22.40158]],[[113.9673981,22.396982],[113.9673698,22.3972077],[113.9673552,22.3972069],[113.9673479,22.3973264],[113.9673188,22.3973249],[113.9673399,22.396979],[113.9673593,22.39698],[113.967369,22.3969805],[113.9673779,22.396981],[113.9673981,22.396982]],[[113.9674918,22.3944924],[113.9675288,22.3944931],[113.9675349,22.3942182],[113.9675267,22.394218],[113.9674979,22.3942175],[113.9674918,22.3944924]],[[113.9673851,22.3910766],[113.9674112,22.3910659],[113.9672556,22.3907366],[113.9672467,22.3907404],[113.9672314,22.3907469],[113.9673851,22.3910766]],[[113.9651471,22.3854051],[113.965164,22.3853977],[113.9651776,22.3853917],[113.9650229,22.3850897],[113.9650074,22.3850965],[113.9649924,22.3851031],[113.9651471,22.3854051]],[[113.9633618,22.381647],[113.963447,22.3819936],[113.9634944,22.3819836],[113.9634092,22.381637],[113.9633855,22.381642],[113.9633618,22.381647]],[[113.9618988,22.3782514],[113.9616767,22.37797],[113.9616669,22.3779763],[113.9616513,22.3779864],[113.9618734,22.3782678],[113.9618851,22.3782609],[113.9618988,22.3782514]],[[113.9610712,22.375297],[113.9610896,22.3753095],[113.9611035,22.3753182],[113.9613139,22.3750439],[113.9613009,22.3750336],[113.9612815,22.3750227],[113.9610712,22.375297]],[[113.9668804,22.3727455],[113.966889,22.3727741],[113.9672399,22.3726828],[113.9672313,22.3726541],[113.9668804,22.3727455]],[[114.034664,22.4456917],[114.0349805,22.4456913],[114.0350597,22.4456904],[114.0351057,22.4456845],[114.0351444,22.4456712],[114.0351881,22.4456532]],[[114.0351881,22.4456532],[114.0352029,22.4456397],[114.0352558,22.4456022]],[[114.0352558,22.4456022],[114.0353985,22.4455007],[114.0354335,22.4454886],[114.0354711,22.4454807]],[[114.0354711,22.4454807],[114.0358064,22.4454754],[114.0358599,22.4454598],[114.0359121,22.4454314],[114.0359501,22.4453948],[114.0359772,22.4453619],[114.0360002,22.4453165]],[[114.0360002,22.4453165],[114.0360053,22.4453022],[114.0360174,22.4452629],[114.0360215,22.4452236],[114.0360221,22.4451755],[114.0360147,22.4451278],[114.0359996,22.4450817],[114.0359862,22.4450435],[114.0359665,22.4450077],[114.0359411,22.444975],[114.0359107,22.4449463],[114.0358687,22.4449181],[114.035822,22.4448974],[114.0357719,22.4448848],[114.0357202,22.4448808],[114.0356742,22.444882],[114.0356293,22.4448911],[114.0355868,22.4449075],[114.0355484,22.4449309],[114.0355137,22.4449621],[114.0354861,22.4449988],[114.0354666,22.4450398]],[[114.0354666,22.4450398],[114.0354579,22.4450692],[114.03542,22.4452166],[114.035389,22.4452862],[114.0353451,22.4453478],[114.03529,22.4453895],[114.0352264,22.4454098],[114.0351614,22.4454134],[114.0348688,22.4454135],[114.0346197,22.4454141],[114.0345815,22.4454203],[114.0345455,22.4454325],[114.0345192,22.4454459],[114.03432,22.4455852],[114.0342442,22.4456358],[114.0341999,22.445652],[114.0341502,22.4456632],[114.0339969,22.445677]],[[114.0339969,22.445677],[114.0339253,22.4456895],[114.0338689,22.4457069],[114.033826,22.4457256],[114.0337912,22.445741],[114.0337472,22.4457557],[114.0337027,22.4457628],[114.0336795,22.4457646],[114.0336568,22.4457637],[114.0336284,22.4457602],[114.0335993,22.4457538],[114.033579,22.4457476],[114.0335586,22.4457399],[114.0334031,22.4456739],[114.0333474,22.4456478],[114.0332925,22.4456196],[114.0332332,22.4455844],[114.0331629,22.4455371],[114.0331191,22.4455042],[114.0330722,22.4454653],[114.0330245,22.4454226],[114.0329672,22.4453645],[114.0329464,22.4453413],[114.0328738,22.4452587],[114.0328318,22.4452121]],[[114.0328318,22.4452121],[114.0327309,22.445099]],[[114.0327309,22.445099],[114.0326797,22.4450427],[114.0323472,22.4446709],[114.0323126,22.4446339],[114.0322829,22.4446044],[114.0322565,22.4445809],[114.032231,22.4445598],[114.0322002,22.4445358],[114.032172,22.4445177],[114.0321441,22.444503],[114.0321197,22.4444899],[114.032081,22.4444752],[114.0320485,22.4444633],[114.032014,22.4444529],[114.0319679,22.4444421],[114.0319212,22.444434],[114.0318706,22.4444275],[114.0318124,22.4444228],[114.0317689,22.4444209],[114.0300285,22.4444481],[114.0296754,22.4444501],[114.0296265,22.4444518],[114.0294695,22.4444514],[114.029295,22.444457],[114.0292742,22.4444574],[114.0279452,22.4444809],[114.0273253,22.4444841],[114.0269604,22.4444869],[114.0259777,22.4444946]],[[114.0259777,22.4444946],[114.0256491,22.4445032]],[[114.0256491,22.4445032],[114.0251652,22.4445188],[114.025067,22.444519],[114.0243628,22.4445077],[114.0238837,22.4445167],[114.0232438,22.4445266],[114.0224164,22.4445393],[114.0223667,22.4445395],[114.0222946,22.444541],[114.0222026,22.4445419],[114.022142,22.4445425],[114.0212934,22.4445531],[114.0212209,22.4445568],[114.0211339,22.4445586],[114.0209854,22.4445568],[114.0208855,22.4445518],[114.0207806,22.4445433],[114.020673,22.4445307],[114.0204769,22.4444986],[114.0201647,22.4444468],[114.0180787,22.4440799],[114.0179876,22.4440682],[114.0178922,22.4440582],[114.0177817,22.4440517],[114.0176543,22.4440515],[114.0175292,22.4440548],[114.0171656,22.4440657],[114.0170775,22.4440684],[114.0169776,22.4440693],[114.0168816,22.4440702],[114.0167923,22.4440676],[114.0167179,22.4440622],[114.0166265,22.4440513],[114.0165858,22.4440426],[114.0163127,22.4439894],[114.0161244,22.4439523]],[[114.0161244,22.4439523],[114.0152285,22.4437911],[114.0147414,22.4437007],[114.0143425,22.4436053],[114.0139255,22.4435052],[114.0134874,22.4433776],[114.0130256,22.4432323],[114.0125937,22.4430832],[114.0123818,22.4429984],[114.0120859,22.4428778],[114.0117962,22.4427628],[114.0113544,22.4425773],[114.0112466,22.442532],[114.0112136,22.4425182],[114.0111645,22.4424975],[114.0110755,22.4424502],[114.0108483,22.4423337],[114.0106623,22.4422337],[114.0105271,22.442161],[114.0104332,22.4421057],[114.0102609,22.4420041],[114.0093445,22.441452],[114.008386,22.4408534],[114.0083426,22.4408263],[114.0082871,22.4407952],[114.0082091,22.4407477],[114.0076412,22.4403959],[114.0073771,22.4402249],[114.0051756,22.4388429]],[[114.0051756,22.4388429],[114.0051431,22.438814],[114.0050939,22.4387621],[114.0050597,22.4387257],[114.0050148,22.4386907],[114.0045881,22.4384217],[114.0045299,22.4383898],[114.0044768,22.438362],[114.0044213,22.4383352],[114.0043091,22.4382863],[114.0042579,22.4382609],[114.0042073,22.4382342],[114.0040224,22.4381255]],[[114.0040224,22.4381255],[114.0038205,22.4380091],[114.003603,22.4378788]],[[114.003603,22.4378788],[114.0035618,22.4378499],[114.0034437,22.4377799],[114.0023462,22.437077],[114.0017678,22.4366864],[114.000799,22.4360086],[114.0007385,22.4359651],[114.0006988,22.4359379],[114.0005539,22.4358357],[114.0003606,22.4357026],[114.0003149,22.4356643],[114.0000239,22.4354616],[113.9998084,22.4353115],[113.9995586,22.4351176],[113.9994053,22.4350076],[113.9993193,22.4349458],[113.9990608,22.4347549],[113.9985812,22.4344188],[113.9984659,22.4343376],[113.9976598,22.4337709],[113.9974676,22.4336358],[113.9963135,22.432809],[113.9962358,22.4327574],[113.9954643,22.4322122],[113.9951562,22.431997],[113.9949768,22.4318728],[113.9948469,22.4317846],[113.9947232,22.4316963],[113.9945822,22.4315893],[113.9944456,22.431484],[113.9943112,22.4313766],[113.9939943,22.4311222],[113.9932437,22.4305219],[113.9931585,22.4304499],[113.9930519,22.4303625],[113.9924606,22.4298594],[113.9922253,22.4296735],[113.9917474,22.4292722],[113.9914853,22.4290072],[113.991422,22.4289431],[113.9913731,22.4288921],[113.9903639,22.4278392],[113.9902901,22.4277596],[113.9901476,22.4276166],[113.990099,22.4275647],[113.9891302,22.4265287],[113.9890798,22.4264768],[113.9890353,22.4264284],[113.9873102,22.4245539],[113.9872564,22.4244954],[113.9872292,22.4244676],[113.986814,22.424044],[113.9866045,22.4238234],[113.9863809,22.4235915],[113.9850826,22.4222074],[113.9850621,22.4221855],[113.9850331,22.4221565],[113.9849862,22.4221099],[113.9849704,22.4220943]],[[113.9849704,22.4220943],[113.9849531,22.4220778],[113.9849228,22.4220469],[113.9847707,22.4218922]],[[113.9847707,22.4218922],[113.9841508,22.4212619],[113.9840999,22.4212102],[113.9840607,22.4211693],[113.9840253,22.4211339],[113.9836162,22.4207249],[113.9831888,22.4202938],[113.9826262,22.4197025],[113.9822655,22.4192552],[113.9820934,22.4190296],[113.9819948,22.4188831],[113.9818604,22.4186794],[113.9817461,22.418477],[113.9813143,22.417675],[113.9812229,22.4174969]],[[113.9812229,22.4174969],[113.9810717,22.4172022]],[[113.9810717,22.4172022],[113.9804534,22.4159974]],[[113.9804534,22.4159974],[113.980311,22.4157199],[113.979814,22.4147732],[113.9797492,22.4146634],[113.9796838,22.4145701],[113.9795583,22.4144178],[113.9794518,22.4142879]],[[113.9794518,22.4142879],[113.979194,22.4139845],[113.9791343,22.4139185],[113.979071,22.4138449],[113.9790203,22.4137793],[113.9789689,22.41371],[113.9789159,22.4136202],[113.9788715,22.413535],[113.9788345,22.4134416],[113.978802,22.4133451],[113.9787741,22.4132431],[113.9787301,22.4130553],[113.9786243,22.4125511]],[[113.9786243,22.4125511],[113.9786122,22.4124951],[113.9786008,22.4124512],[113.9785867,22.4124038],[113.9785677,22.4123443],[113.9785561,22.4123097],[113.9785459,22.412281]],[[113.9785459,22.412281],[113.9784408,22.4119631]],[[113.9784408,22.4119631],[113.9783454,22.4116745]],[[113.9783454,22.4116745],[113.9783383,22.4116518],[113.9782786,22.4114549]],[[113.9782786,22.4114549],[113.9782318,22.4112941]],[[113.9782318,22.4112941],[113.9782237,22.411232],[113.9782188,22.4111847],[113.9782157,22.4111223],[113.9782128,22.4110536],[113.9782021,22.4109961],[113.9781915,22.4109538],[113.9778136,22.4096566],[113.9777924,22.409596],[113.9777678,22.4095392],[113.9777355,22.4094791],[113.9776397,22.4093417]],[[113.9776397,22.4093417],[113.9776071,22.409306],[113.9775765,22.4092844],[113.9775427,22.409267],[113.9774967,22.4092498],[113.9774535,22.409242],[113.977413,22.4092423],[113.9773638,22.409248],[113.9773189,22.4092574],[113.9771932,22.4092874]],[[113.9771932,22.4092874],[113.9764108,22.4094658]],[[113.9764108,22.4094658],[113.9763063,22.4094903],[113.9762819,22.4094948],[113.9762659,22.4094978],[113.9762302,22.4095021],[113.9762034,22.409502],[113.9761754,22.4094989],[113.9761466,22.4094912],[113.976115,22.4094778],[113.976084,22.4094577],[113.9760497,22.4094294],[113.9760254,22.4094051],[113.975999,22.4093731],[113.97597,22.4093346]],[[113.97597,22.4093346],[113.9759064,22.409218],[113.975874,22.409166],[113.975846,22.4091249],[113.9758092,22.4090745],[113.9757727,22.4090268],[113.9757058,22.4089453],[113.9756339,22.4088635],[113.9755538,22.4087805],[113.9754662,22.4086939],[113.9753839,22.4086158],[113.9753039,22.4085457],[113.975217,22.408472],[113.9751215,22.4083955],[113.9750112,22.4083123],[113.9748786,22.4082187],[113.9747388,22.4081282],[113.9745927,22.4080412],[113.9744187,22.4079466],[113.9743358,22.4079044],[113.9742012,22.4078405],[113.9740948,22.4077941],[113.9739817,22.4077474],[113.9738495,22.4076958],[113.9737547,22.4076611],[113.9736123,22.407612],[113.9735348,22.4075874],[113.973398,22.4075461],[113.9732055,22.4074949],[113.9728574,22.4074048],[113.9725636,22.4073283],[113.9714169,22.4070319],[113.9713066,22.4070035],[113.9712229,22.4069823],[113.9708155,22.4068625],[113.9705517,22.4067789],[113.9701234,22.4066432],[113.9700527,22.4066226],[113.9699847,22.4066074],[113.96991,22.4065955],[113.9698311,22.4065881],[113.969767,22.4065885],[113.9697008,22.4065948],[113.9696443,22.4066031],[113.969588,22.4066138],[113.9695335,22.4066278],[113.9694749,22.4066458],[113.9694176,22.4066663],[113.9691898,22.4067479],[113.969061,22.4067941],[113.9689909,22.4068192],[113.9689414,22.4068369],[113.9688893,22.4068556],[113.9673012,22.4074208],[113.9672192,22.4074505],[113.9670985,22.4074927],[113.9669948,22.4075226],[113.9669204,22.4075429],[113.9668189,22.4075675],[113.9667138,22.4075906]],[[113.9667138,22.4075906],[113.9664372,22.4076484],[113.9662107,22.4076976],[113.9658958,22.4077668],[113.9658245,22.4077788],[113.9657523,22.4077876],[113.9656652,22.4077928],[113.965589,22.4077925],[113.9655098,22.4077889],[113.9654211,22.407781],[113.965342,22.4077695],[113.9652602,22.4077543],[113.9650393,22.4077121],[113.9648454,22.4076697],[113.9647875,22.4076549],[113.9647246,22.4076356],[113.964658,22.4076114],[113.9646068,22.4075899],[113.9645548,22.4075651],[113.9645061,22.4075365],[113.9644699,22.4075131],[113.9644271,22.4074822],[113.9643929,22.4074551],[113.9640732,22.4071795],[113.9640205,22.4071318],[113.9639651,22.4070777],[113.9639165,22.4070276],[113.9638855,22.4069939],[113.963733,22.4068182]],[[113.963733,22.4068182],[113.9635936,22.4066563],[113.9635264,22.4065783]],[[113.9635264,22.4065783],[113.9634059,22.4064391],[113.9633719,22.4063923],[113.963344,22.4063491],[113.9633129,22.4062911],[113.9632891,22.4062353],[113.9632662,22.4061667],[113.9632538,22.4061155],[113.9632477,22.4060731],[113.9632438,22.406014],[113.963245,22.4059567],[113.9632506,22.4059032],[113.9632595,22.4058542],[113.9632755,22.4057945],[113.9632844,22.4057684],[113.9632979,22.405734],[113.9633199,22.4056883],[113.9633422,22.4056494],[113.9633465,22.4056432],[113.9633619,22.4056206],[113.9633708,22.4056089],[113.963382,22.4055943],[113.9634028,22.4055695],[113.9634329,22.4055391],[113.9634541,22.4055194],[113.9634859,22.4054938],[113.9635208,22.4054701],[113.9635623,22.4054462],[113.9636153,22.4054195],[113.9636595,22.4054013],[113.9637069,22.4053847],[113.9637571,22.4053712],[113.9638047,22.4053612],[113.96417,22.4053091],[113.9644805,22.4052659],[113.9648955,22.4052068],[113.964944,22.4051949],[113.9650144,22.4051683],[113.9657368,22.4048431]],[[113.9657368,22.4048431],[113.965781,22.4048162],[113.9659183,22.4047226],[113.9661451,22.4045683],[113.9662081,22.4045199],[113.9662706,22.404468],[113.9663572,22.4043883],[113.966464,22.4042843],[113.9666188,22.4041329]],[[113.9666188,22.4041329],[113.9670052,22.4037534],[113.9670379,22.4037171],[113.967084,22.4036642],[113.9671218,22.403614],[113.9671583,22.4035613],[113.9671991,22.403493],[113.9675387,22.402872],[113.9676061,22.4027372],[113.9676461,22.4026426],[113.9676925,22.4025168],[113.967721,22.4024267],[113.9677479,22.4023276],[113.9677686,22.4022389],[113.9677848,22.4021445],[113.9677986,22.4020354],[113.9678085,22.4018963],[113.9678098,22.4017751],[113.9678031,22.4015955],[113.9677935,22.4015],[113.967782,22.4014161],[113.9677675,22.4013326],[113.9677112,22.4010504],[113.9676942,22.4009636],[113.9676777,22.4008848],[113.9676546,22.4007695],[113.9674751,22.3997771],[113.9673643,22.3992773]],[[113.9673643,22.3992773],[113.9673468,22.3991885],[113.9673113,22.3990287],[113.9672832,22.3988677],[113.9672624,22.3987057],[113.967249,22.3985431],[113.967243,22.39838],[113.9672444,22.3982169],[113.9672546,22.3980351],[113.9673067,22.3973242],[113.9673172,22.3971513],[113.9673278,22.396978],[113.9673396,22.3968102],[113.9673445,22.3967411]],[[113.9673445,22.3967411],[113.9673742,22.3963205]],[[113.9673742,22.3963205],[113.9673955,22.3960364],[113.9673977,22.3960037],[113.9674234,22.3955459],[113.9674377,22.3954524],[113.9674591,22.3953616],[113.9674791,22.3952828],[113.9674863,22.3952462],[113.9674917,22.3952062],[113.9675028,22.3950662]],[[113.9675028,22.3950662],[113.9675173,22.394833],[113.9675146,22.394785],[113.9675094,22.3947479],[113.9674752,22.3945742],[113.9674734,22.3945404],[113.9674801,22.3943558],[113.9674911,22.3940961],[113.9674912,22.393379],[113.9675137,22.392492],[113.9674934,22.3915309],[113.9674845,22.3914361],[113.9674725,22.3913611],[113.9674534,22.391286],[113.967429,22.3912168],[113.9673995,22.391145],[113.9672929,22.3909179],[113.9671516,22.3906158],[113.9661735,22.3885266],[113.9660679,22.3882902],[113.9659884,22.3880929],[113.9659385,22.3879513],[113.9658824,22.387761],[113.965864,22.3876927],[113.9658365,22.3875693],[113.9658135,22.3874577],[113.965647,22.3865952],[113.9656245,22.3864935],[113.9655905,22.3863641],[113.9655539,22.3862567],[113.9655288,22.3861946],[113.9654933,22.3861161],[113.9651628,22.3854554],[113.9650567,22.3852573],[113.9649214,22.3849881],[113.964798,22.3847419],[113.964515,22.3842506],[113.964375,22.3840187],[113.9640264,22.3833323],[113.963962,22.3831954],[113.9638927,22.3830528],[113.9638323,22.3829287],[113.9635567,22.382304],[113.9634591,22.3820935],[113.9634352,22.3819961],[113.9633926,22.3818228],[113.9633268,22.3815549],[113.9632822,22.3813735],[113.9632615,22.3812894],[113.9632268,22.3811482],[113.9631602,22.3808886],[113.9630202,22.3802974],[113.9629325,22.3799302],[113.9627892,22.3795854],[113.9625583,22.3791951],[113.9618629,22.3782752],[113.9617525,22.3781351],[113.9615671,22.377904],[113.9604786,22.3765756],[113.9604308,22.3765161],[113.9603966,22.3764622],[113.960365,22.3763941],[113.9603514,22.3763334],[113.960346,22.376261],[113.9603454,22.3762048],[113.9603497,22.3761453],[113.9603698,22.3760677],[113.9603935,22.3760081],[113.960423,22.3759578],[113.960449,22.3759211],[113.9604959,22.3758727],[113.9605352,22.3758334],[113.9609968,22.3753928],[113.9610453,22.3753267],[113.961216,22.3750842],[113.9613926,22.3748676],[113.9614622,22.3747834],[113.9615235,22.3747046],[113.9616433,22.3745508],[113.9618003,22.3743754],[113.9620985,22.3740234],[113.9621505,22.3739696],[113.9622071,22.37392],[113.9622678,22.3738747],[113.962337,22.3738315],[113.96241,22.3737939],[113.9624664,22.3737645],[113.9625249,22.373739],[113.9625752,22.3737217],[113.9626459,22.3737006],[113.9627076,22.3736878],[113.9649391,22.3733021],[113.9651811,22.37324],[113.9656019,22.3731243],[113.9656571,22.3731074]],[[113.9656571,22.3731074],[113.9666044,22.3728361],[113.9666774,22.3728176],[113.9667269,22.3728017],[113.9667779,22.3727798],[113.9668208,22.372752],[113.9668751,22.3727279],[113.9670515,22.3726799],[113.9672795,22.3726149],[113.9673536,22.3725927],[113.9674134,22.3725544],[113.9674585,22.3725035],[113.9674847,22.3724494],[113.9674959,22.372386],[113.9674896,22.3723269],[113.9674651,22.3722665],[113.9674284,22.3722187],[113.9673874,22.3721852],[113.9673574,22.3721683],[113.9673353,22.3721589],[113.9673159,22.3721524],[113.9672724,22.3721434],[113.9672121,22.3721426],[113.9671295,22.3721569]],[[113.9671295,22.3721569],[113.9670403,22.3721796]],[[113.9670403,22.3721796],[113.9669055,22.3722155]],[[113.9669055,22.3722155],[113.9667754,22.37225]],[[113.9667754,22.37225],[113.9666512,22.3722853]],[[113.9666512,22.3722853],[113.9666005,22.3723094],[113.9665622,22.3723388],[113.9665414,22.3723634],[113.9664154,22.3725946]],[[113.9662616,22.3727277],[113.9662811,22.3727373],[113.9662985,22.3727459],[113.9664693,22.372448],[113.9664507,22.3724389],[113.9664323,22.3724299],[113.9662616,22.3727277]],[[113.9610125,22.3751926],[113.9610305,22.3752044],[113.9610466,22.375215],[113.9612576,22.3749401],[113.9612405,22.3749288],[113.9612235,22.3749177],[113.9610125,22.3751926]],[[113.9618253,22.3783016],[113.9616033,22.3780202],[113.9615899,22.3780288],[113.9615779,22.3780366],[113.9617999,22.3783179],[113.9618253,22.3783016]],[[113.9633831,22.382007],[113.9632979,22.3816604],[113.9632884,22.3816624],[113.963279,22.3816644],[113.9632695,22.3816664],[113.9633546,22.382013],[113.9633831,22.382007]],[[113.9650532,22.3854438],[113.965069,22.3854369],[113.9650837,22.3854304],[113.964929,22.3851284],[113.9649103,22.3851366],[113.9648985,22.3851418],[113.9650532,22.3854438]],[[113.9670432,22.3905438],[113.9670596,22.3905372],[113.9669052,22.3902071],[113.9668889,22.3902145],[113.9668788,22.3902191],[113.9670334,22.3905478],[113.9670432,22.3905438]],[[113.9673838,22.3944911],[113.9674029,22.3944915],[113.9674256,22.3944921],[113.9674329,22.3942172],[113.9674086,22.3942166],[113.9673911,22.3942163],[113.9673838,22.3944911]],[[113.9672721,22.3969732],[113.9672527,22.3969722],[113.967243,22.3969717],[113.9672218,22.3973198],[113.9672315,22.3973203],[113.9672509,22.3973213],[113.9672721,22.3969732]],[[113.9676544,22.4012545],[113.9676735,22.4012512],[113.9676926,22.4012479],[113.9677125,22.4013417],[113.9677267,22.4014234],[113.967738,22.4015056],[113.9677473,22.4015988],[113.9677279,22.4015999],[113.9677085,22.4016011],[113.9676993,22.4015095],[113.9676882,22.4014286],[113.9676742,22.401348],[113.9676544,22.4012545]],[[113.9642812,22.4052429],[113.9646644,22.4051901],[113.9646588,22.4051557],[113.9642756,22.4052085],[113.9642788,22.4052283],[113.9642812,22.4052429]],[[113.9634185,22.4065713],[113.9636466,22.4068324],[113.9636658,22.4068181],[113.9634377,22.406557],[113.9634279,22.4065643],[113.9634185,22.4065713]],[[113.9662676,22.4077663],[113.9666456,22.4076843],[113.9666429,22.4076737],[113.9666392,22.4076591],[113.9662611,22.4077406],[113.966265,22.4077558],[113.9662676,22.4077663]],[[113.9690322,22.406855],[113.9693843,22.4067288],[113.9693948,22.406754],[113.9692793,22.4067954],[113.9692188,22.406817],[113.9691583,22.4068387],[113.9690428,22.4068801],[113.9690322,22.406855]],[[113.972349,22.4073468],[113.9727226,22.4074449],[113.9727254,22.4074359],[113.9727291,22.4074237],[113.9723556,22.4073256],[113.972349,22.4073468]],[[113.9782981,22.4117252],[113.9782828,22.4117294],[113.9782685,22.4117336],[113.9782878,22.4117921],[113.9782711,22.4120102],[113.9784053,22.4121748],[113.9784263,22.4121691],[113.9784415,22.4121648],[113.9782981,22.4117252]],[[113.9815701,22.4183746],[113.9816717,22.418547],[113.9817329,22.4186508],[113.9817488,22.4186778],[113.9817694,22.4186675],[113.9815907,22.4183643],[113.981579,22.4183701],[113.9815701,22.4183746]],[[113.9864721,22.4237612],[113.9862126,22.4234929],[113.9862048,22.4234994],[113.9861955,22.4235071],[113.9864549,22.4237754],[113.9864642,22.4237677],[113.9864721,22.4237612]],[[113.9923172,22.4298461],[113.9923248,22.4298385],[113.9923394,22.429824],[113.9920562,22.4295886],[113.9920459,22.4295989],[113.992034,22.4296108],[113.9923172,22.4298461]],[[113.9975666,22.4338037],[113.9975774,22.4337903],[113.9975902,22.4337744],[113.9972979,22.4335726],[113.9972861,22.4335873],[113.9972742,22.4336019],[113.9975666,22.4338037]],[[114.0072375,22.4402418],[114.0072463,22.44023],[114.0072576,22.4402147],[114.0069184,22.4399996],[114.0069084,22.4400131],[114.0068984,22.4400266],[114.0072375,22.4402418]],[[114.0119524,22.442909],[114.0119587,22.442896],[114.011965,22.4428832],[114.0116119,22.4427355],[114.011606,22.4427476],[114.0115993,22.4427612],[114.0119524,22.442909]],[[114.0196391,22.4444283],[114.0200317,22.4444953],[114.0200339,22.4444846],[114.0200363,22.4444726],[114.0196437,22.4444056],[114.0196414,22.4444177],[114.0196391,22.4444283]],[[114.0235791,22.4445955],[114.024142,22.4445817],[114.0241419,22.444575],[114.0241414,22.4445585],[114.0235784,22.4445724],[114.0235787,22.4445861],[114.0235791,22.4445955]],[[114.0264222,22.4445654],[114.0268117,22.4445622],[114.0268116,22.4445521],[114.0268115,22.4445397],[114.026422,22.4445434],[114.0264221,22.4445563],[114.0264222,22.4445654]],[[114.0287833,22.4445504],[114.0291652,22.4445469],[114.029165,22.4445355],[114.0291649,22.4445239],[114.028783,22.4445272],[114.0287831,22.444538],[114.0287833,22.4445504]],[[113.9664154,22.3725946],[113.9663037,22.3727867],[113.9662612,22.3728401],[113.9662303,22.3728692],[113.9661925,22.3728936],[113.9661379,22.3729184]],[[113.9661379,22.3729184],[113.966015,22.372956]],[[113.966015,22.372956],[113.9658756,22.3729959]],[[113.9658756,22.3729959],[113.9658381,22.3730067]],[[113.9658381,22.3730067],[113.9656427,22.3730627]],[[113.9656427,22.3730627],[113.9655893,22.3730791],[113.96517,22.3731966],[113.9649235,22.3732574],[113.9626643,22.3736545],[113.9625623,22.3736816],[113.9624782,22.3737122],[113.9623914,22.3737537],[113.9623134,22.3737953],[113.9622395,22.3738428],[113.9621787,22.373889],[113.9621217,22.3739393],[113.962069,22.3739934],[113.9617659,22.3743483],[113.9616072,22.3745302],[113.9614815,22.37469],[113.9614271,22.3747608],[113.9613632,22.3748446],[113.9611818,22.3750618],[113.9610196,22.375309],[113.9609698,22.3753707],[113.9605085,22.3758092],[113.9604628,22.3758511],[113.9604161,22.375896],[113.9603856,22.3759347],[113.9603523,22.3759898],[113.960328,22.3760529],[113.9603119,22.3761134],[113.9603061,22.3761641],[113.9603027,22.3762252],[113.9603027,22.376261],[113.9603088,22.3763343],[113.9603246,22.3764018],[113.9603577,22.3764751],[113.9603904,22.3765327],[113.9604442,22.3765993],[113.9615406,22.3779217],[113.9617261,22.378153],[113.9618369,22.3782934],[113.9625305,22.3792234],[113.9627531,22.3796047],[113.9628875,22.3799413],[113.9629822,22.3803086],[113.9630901,22.3808185],[113.9631866,22.3811567],[113.963221,22.3812966],[113.9632865,22.3815634],[113.9633523,22.3818312],[113.9633949,22.3820045],[113.9634135,22.3820803],[113.9634696,22.3823086],[113.9635386,22.3824649],[113.9637561,22.3829581],[113.9639513,22.3833641],[113.9641791,22.3838126],[113.9642971,22.3839977],[113.9644765,22.3842642],[113.9647607,22.3847685],[113.9648798,22.3850055],[113.9650155,22.3852754],[113.9651206,22.3854739],[113.9652145,22.3856484],[113.9654596,22.3861361],[113.9655141,22.3862623],[113.9655528,22.3863681],[113.9655853,22.3864842],[113.9655999,22.3865456],[113.9657709,22.3874318],[113.9658141,22.3876421],[113.9658303,22.3877101],[113.9658593,22.3878167],[113.9658901,22.3879238],[113.9659273,22.3880331],[113.9659932,22.3882077],[113.9661225,22.3884976],[113.9669957,22.3903668],[113.9671183,22.390629],[113.9673345,22.3910914],[113.9673634,22.3911576],[113.9673922,22.3912328],[113.9674194,22.3913165],[113.9674325,22.3913651],[113.9674434,22.3914218],[113.9674561,22.3915355],[113.9674614,22.3924921],[113.9674357,22.3933753],[113.9674488,22.3940957],[113.9674427,22.394355],[113.9674341,22.3945717]],[[113.9674341,22.3945717],[113.967432,22.3947795],[113.9674301,22.3948289],[113.9673841,22.3955203]],[[113.9673841,22.3955203],[113.9673617,22.3958623]],[[113.9673617,22.3958623],[113.9673508,22.3960169],[113.9673376,22.3962074],[113.9673431,22.396278],[113.9673202,22.3966145],[113.967301,22.3968061],[113.9672842,22.3969743],[113.9672736,22.397149],[113.967263,22.3973219],[113.9672108,22.3980341],[113.9672007,22.3982157],[113.9671993,22.3983805],[113.9672054,22.3985453],[113.9672189,22.3987096],[113.9672399,22.3988733],[113.9672683,22.399036],[113.9673038,22.3991975],[113.9673387,22.3993713],[113.9674323,22.3997854]],[[113.9674323,22.3997854],[113.9676204,22.4007755],[113.9676425,22.4008875],[113.9676584,22.4009657],[113.967676,22.4010559],[113.9677244,22.4013397],[113.9677387,22.4014218],[113.9677501,22.4015044],[113.9677594,22.4015981],[113.9677686,22.4017626],[113.9677675,22.4018965],[113.9677576,22.4020402],[113.9677469,22.4021258],[113.96771,22.4023204],[113.9676818,22.4024246],[113.9676495,22.4025224],[113.9676011,22.4026484],[113.9674809,22.4029003],[113.9672326,22.4033557]],[[113.9672326,22.4033557],[113.9671135,22.4035119],[113.967031,22.4036108],[113.9669347,22.403714],[113.9663025,22.4043375],[113.9661864,22.4044473],[113.9661008,22.4045201],[113.9660073,22.4045957],[113.9659538,22.4046359],[113.9658097,22.4047367],[113.9656985,22.4048119],[113.9656347,22.4048509]],[[113.9656347,22.4048509],[113.9650159,22.4051295],[113.9649769,22.405144],[113.9649256,22.4051607],[113.9648802,22.4051724],[113.9648371,22.4051803],[113.9644748,22.4052311],[113.9641646,22.4052737],[113.9637986,22.4053234],[113.9637596,22.4053307],[113.9636935,22.4053474],[113.9636319,22.4053682],[113.9635897,22.4053861],[113.9635457,22.4054082],[113.9635087,22.4054297],[113.9634755,22.4054512],[113.9634442,22.4054749],[113.9634096,22.4055047],[113.9633872,22.4055271],[113.9633608,22.4055561],[113.9633392,22.4055828],[113.963319,22.4056112],[113.9633138,22.4056194],[113.963304,22.4056348],[113.9632975,22.405645],[113.9632722,22.4056897],[113.9632504,22.4057358],[113.9632375,22.4057688],[113.9632244,22.4058092],[113.9632119,22.4058615],[113.9632039,22.4059132],[113.9631988,22.4059758],[113.9631996,22.4060324],[113.9632052,22.4060944],[113.9632137,22.4061454],[113.9632261,22.406194],[113.963246,22.4062508],[113.9632737,22.4063095],[113.9633055,22.4063654],[113.963337,22.4064134],[113.9633737,22.4064623],[113.9634761,22.4065821]],[[113.9634761,22.4065821],[113.9635618,22.40668],[113.9637013,22.4068417]],[[113.9637013,22.4068417],[113.9638471,22.4070096],[113.9638743,22.4070395],[113.963927,22.4070947],[113.9639864,22.4071516],[113.9640594,22.4072167],[113.9643129,22.4074369],[113.9643788,22.407492],[113.9644306,22.4075325],[113.9644796,22.4075666],[113.9645289,22.4075963],[113.9645823,22.407624],[113.9646336,22.407647],[113.9646883,22.4076668],[113.964754,22.4076871],[113.9648196,22.4077037],[113.9650318,22.4077454],[113.9652492,22.4077881],[113.9654249,22.4078216],[113.9654998,22.4078315],[113.9655729,22.4078381],[113.9656353,22.4078397],[113.9656899,22.4078381],[113.965749,22.4078335],[113.9658148,22.4078243],[113.9658674,22.4078142],[113.9659796,22.4077886]],[[113.9659796,22.4077886],[113.9662203,22.4077351],[113.9664466,22.4076858],[113.9668341,22.4076025],[113.9669257,22.4075812],[113.9669967,22.4075611],[113.9671,22.4075288],[113.9672203,22.4074863],[113.9673034,22.4074567],[113.9689034,22.4068891],[113.9689543,22.4068709],[113.9690049,22.4068527],[113.9692039,22.4067815],[113.9694318,22.4066996],[113.9694901,22.4066778],[113.9695498,22.4066597],[113.9696108,22.4066455],[113.9696727,22.4066352],[113.9697352,22.4066288],[113.9697981,22.4066265],[113.9698609,22.4066282],[113.9699235,22.4066339],[113.9699855,22.4066436],[113.9700466,22.4066572],[113.9701066,22.4066747],[113.9705394,22.4068111],[113.9708173,22.4068987],[113.9712054,22.4070125],[113.9712872,22.4070338],[113.9713986,22.4070631],[113.9725555,22.4073625],[113.9728479,22.4074378],[113.9733211,22.4075596],[113.9735206,22.4076188],[113.9737493,22.4076957],[113.9739464,22.4077704],[113.9740404,22.407809],[113.9741858,22.4078731],[113.9743164,22.4079344],[113.974398,22.4079772],[113.97461,22.4080939],[113.974751,22.4081802],[113.974908,22.4082853],[113.9750688,22.4084027],[113.9751961,22.4085039],[113.975321,22.4086114],[113.9754163,22.4086985],[113.9755127,22.4087922],[113.9756041,22.4088882],[113.9756954,22.4089919],[113.9757696,22.409085],[113.9758352,22.4091783],[113.9758753,22.4092414],[113.9759158,22.4093114],[113.9759947,22.4094537]],[[113.9759947,22.4094537],[113.9760124,22.4094746],[113.976028,22.4094898],[113.976049,22.4095049],[113.9760699,22.409517],[113.9760911,22.409527],[113.9761165,22.4095361],[113.9761459,22.4095426],[113.9761737,22.4095456],[113.9762002,22.4095454],[113.9762456,22.4095414],[113.9762863,22.4095334],[113.976296,22.4095312],[113.9764498,22.4094968]],[[113.9764498,22.4094968],[113.9772001,22.4093254]],[[113.9772001,22.4093254],[113.9772812,22.4093092],[113.9773302,22.4093051],[113.97738,22.4093064],[113.9774321,22.4093172],[113.9774801,22.4093365],[113.9775235,22.4093679],[113.9775616,22.4094092],[113.9775842,22.4094401],[113.9776039,22.409476]],[[113.9776039,22.409476],[113.9780457,22.4109846],[113.9780622,22.4110335],[113.9780859,22.4110857],[113.9781206,22.4111488],[113.9781521,22.4112],[113.9781738,22.411241],[113.978197,22.4113008]],[[113.978197,22.4113008],[113.9782145,22.4113541]],[[113.9782145,22.4113541],[113.9782745,22.4115854],[113.9782975,22.4116635],[113.9783156,22.4117167]],[[113.9783156,22.4117167],[113.9784003,22.4119738],[113.9784924,22.4122527]],[[113.9784924,22.4122527],[113.978513,22.4123221],[113.9785331,22.4123771],[113.9785422,22.4124034],[113.978562,22.4124681],[113.9785775,22.4125229],[113.9785863,22.4125585]],[[113.9785863,22.4125585],[113.9786905,22.4130601],[113.9787352,22.4132491],[113.9787617,22.4133526],[113.9787992,22.4134569],[113.9788331,22.4135419],[113.9788784,22.4136296],[113.9789325,22.4137195],[113.9789892,22.4137945],[113.9790393,22.41386],[113.9791021,22.4139323],[113.979158,22.4139959],[113.9794093,22.4143086]],[[113.9794093,22.4143086],[113.9795228,22.414444],[113.9796423,22.4145987],[113.979709,22.4146868],[113.9797728,22.4147891],[113.9804144,22.4160169]],[[113.9804144,22.4160169],[113.9810735,22.4173095]],[[113.9810735,22.4173095],[113.9812262,22.4176039]],[[113.9812262,22.4176039],[113.9817121,22.4184953],[113.9818293,22.4186953],[113.9819656,22.4188987],[113.9822295,22.4192777],[113.982596,22.4197296],[113.9831606,22.4203205],[113.9839927,22.4211621],[113.9840268,22.4211966],[113.9840667,22.4212402],[113.9841099,22.4212837],[113.9847399,22.4219126]],[[113.9847399,22.4219126],[113.9849224,22.4221007],[113.9849373,22.4221158]],[[113.9849373,22.4221158],[113.9849475,22.422127],[113.9849843,22.4221673],[113.9850175,22.4222014],[113.985042,22.4222273],[113.9863554,22.4236166],[113.9865729,22.4238468],[113.9867828,22.4240675],[113.9871897,22.4244956],[113.9872171,22.4245244],[113.9872667,22.4245786],[113.9881352,22.4255277],[113.9890071,22.4264542],[113.9890498,22.4264995],[113.9891023,22.4265545],[113.9900727,22.4275894],[113.9901199,22.4276397],[113.9902553,22.4277835],[113.9903292,22.4278604],[113.991343,22.4289159],[113.9913938,22.4289688],[113.9914544,22.4290276],[113.9917282,22.4292932],[113.9922035,22.4296983],[113.9924352,22.4298877],[113.9930255,22.4303941],[113.9931347,22.4304827],[113.9932168,22.430552],[113.9939613,22.4311541],[113.9942795,22.4314091],[113.9944142,22.4315154],[113.9945535,22.4316217],[113.9946958,22.4317257],[113.9948214,22.431817],[113.9949498,22.4319031],[113.9951308,22.4320265],[113.995438,22.4322448],[113.9961724,22.4327613],[113.9962113,22.4327884],[113.9974391,22.4336572],[113.9976374,22.4337979],[113.9983669,22.4343098],[113.9984436,22.4343631],[113.9988653,22.434662],[113.9989107,22.4346946],[113.9992029,22.4349088],[113.9996437,22.4352325],[113.99985,22.4353863],[113.9999974,22.4354858],[114.0002048,22.4356285],[114.0002497,22.4356622]],[[114.0002497,22.4356622],[114.0003059,22.4357029],[114.0003242,22.4357178],[114.0005297,22.4358616],[114.0006761,22.4359646],[114.0007743,22.4360355]],[[114.0007743,22.4360355],[114.0017421,22.4367184],[114.0023176,22.4371115],[114.0033486,22.4377648]],[[114.0033486,22.4377648],[114.0034232,22.4378093],[114.0035406,22.4378794],[114.0039991,22.4381559]],[[114.0039991,22.4381559],[114.0041514,22.4382562],[114.0044102,22.438418],[114.0045892,22.4385271]],[[114.0045892,22.4385271],[114.0070936,22.4400905],[114.0073552,22.440255],[114.0081859,22.4407791],[114.0082642,22.4408287],[114.0083137,22.4408564],[114.0083572,22.4408838],[114.0093233,22.4414918],[114.0102223,22.4420307],[114.010415,22.4421445],[114.0105048,22.4421952],[114.0106451,22.4422691],[114.0108399,22.4423716],[114.0110563,22.4424802],[114.0111495,22.4425268],[114.0111972,22.4425483],[114.01123,22.4425623],[114.0113392,22.4426082],[114.0117742,22.4427957],[114.0120703,22.4429111],[114.0125531,22.4431073],[114.013021,22.4432718],[114.0134762,22.4434179],[114.0139142,22.4435485],[114.0143368,22.4436488],[114.0147299,22.4437347],[114.015219,22.4438305],[114.0161339,22.4439909]],[[114.0161339,22.4439909],[114.0162348,22.4440091],[114.0163597,22.4440302],[114.0165286,22.4440653],[114.0166357,22.4440856],[114.0167047,22.444095],[114.0167901,22.4441025],[114.0168561,22.4441055],[114.0169272,22.4441062],[114.0169926,22.4441072],[114.0170905,22.4441041],[114.0174815,22.4440907],[114.0176053,22.4440837],[114.0177346,22.4440815],[114.017844,22.444086],[114.0179585,22.4440945],[114.0180542,22.4441071],[114.0181441,22.4441227],[114.0199068,22.4444307],[114.020159,22.4444753],[114.0206673,22.4445625],[114.0207534,22.4445751],[114.0208351,22.4445836],[114.0209243,22.4445888],[114.0210195,22.44459],[114.0220994,22.4445782],[114.022142,22.4445781],[114.0222027,22.4445774],[114.0222957,22.4445766],[114.0223674,22.4445753],[114.0232439,22.4445601],[114.0238842,22.4445455],[114.0243467,22.4445428],[114.0250671,22.4445555],[114.025165,22.444556],[114.025646,22.4445437]],[[114.025646,22.4445437],[114.0259822,22.444536]],[[114.0259822,22.444536],[114.0266578,22.444527],[114.0269613,22.4445247],[114.0279358,22.4445175],[114.0289746,22.4445026],[114.0292315,22.4444968],[114.0292773,22.4444952],[114.0294947,22.4444877],[114.0296268,22.4444876],[114.0316802,22.4444543],[114.0317309,22.4444553],[114.0318013,22.4444593],[114.0318605,22.4444664],[114.0319217,22.4444758],[114.0319847,22.4444888],[114.0320308,22.4445011],[114.0320632,22.4445126],[114.0321016,22.444529],[114.0321288,22.4445428],[114.0321712,22.4445691],[114.0322122,22.4445999],[114.0322648,22.4446424],[114.0323076,22.4446811],[114.0323447,22.4447179],[114.0323953,22.4447714],[114.0325898,22.4449898],[114.0326544,22.4450628],[114.0327046,22.4451188]],[[114.0327046,22.4451188],[114.0328056,22.4452313]],[[114.0328056,22.4452313],[114.032848,22.4452802],[114.0328865,22.4453225],[114.0329202,22.4453601],[114.0329673,22.4454132],[114.0330123,22.4454588],[114.0330584,22.4455011],[114.033111,22.4455452],[114.0331771,22.4455951],[114.0332339,22.4456332],[114.0333107,22.4456795],[114.0333689,22.4457109],[114.0334263,22.4457374],[114.0334787,22.445758],[114.0335335,22.445776],[114.0335811,22.4457891],[114.0336281,22.4457999],[114.0337185,22.445818],[114.0338109,22.4458281],[114.033904,22.4458304],[114.0340033,22.4458286]],[[114.0340033,22.4458286],[114.0340899,22.4458081],[114.0341346,22.4457911],[114.0341699,22.445769],[114.034205,22.4457473]],[[114.034205,22.4457473],[114.0342584,22.4457236],[114.03431,22.4457085],[114.034351,22.4456997],[114.0343973,22.4456947],[114.0344518,22.4456926],[114.034664,22.4456917]]]}},{"type":"Feature","properties":{"kind":"route","routeCode":"614P","name":"MTR Light Rail 614P","serviceNames":["Light Rail 614P (Siu Hong â Tuen Mun Ferry Pier)","Light Rail 614P (Tuen Mun Ferry Pier â Siu Hong)"],"osmRelationIds":[5955256,5955257],"osmWayCount":83},"geometry":{"type":"MultiLineString","coordinates":[[[113.9780665,22.4119864],[113.9780992,22.4120037],[113.9781535,22.4119162],[113.978168,22.4119246],[113.9781832,22.4119334],[113.9781305,22.412018],[113.9781377,22.4120436],[113.9782711,22.4120102],[113.9782878,22.4117921],[113.9782685,22.4117336],[113.9782349,22.4117121],[113.9780665,22.4119864]],[[113.9788592,22.4069204],[113.9788759,22.4069175],[113.9788828,22.4069163],[113.9788125,22.4065659],[113.9788038,22.4065674],[113.9787878,22.4065702],[113.9788592,22.4069204]],[[113.97958,22.4033043],[113.9795889,22.4033009],[113.9794422,22.4029648],[113.9794301,22.4029693],[113.979418,22.4029738],[113.9795647,22.40331],[113.97958,22.4033043]],[[113.9779772,22.400063],[113.9781184,22.4003733],[113.9781349,22.4003677],[113.9781467,22.4003624],[113.9780054,22.400052],[113.9779926,22.400057],[113.9779772,22.400063]],[[113.9774731,22.397588],[113.9774934,22.3975908],[113.9775032,22.3975924],[113.9775614,22.3972547],[113.9775476,22.3972524],[113.9775308,22.3972505],[113.9774731,22.397588]],[[113.9769905,22.3947004],[113.977004,22.3946641],[113.9770122,22.3946391],[113.9769828,22.3946311],[113.9766369,22.3945303],[113.9766285,22.3945567],[113.9766177,22.3945896],[113.9769905,22.3947004]],[[113.9750902,22.3915187],[113.9751051,22.3915184],[113.9751315,22.3915181],[113.9751388,22.3915179],[113.9751351,22.3913293],[113.9751251,22.3913303],[113.975108,22.3913297],[113.9751056,22.3912077],[113.9750934,22.3912079],[113.9750841,22.3912081],[113.9750902,22.3915187]],[[113.9751343,22.387796],[113.9751566,22.3877959],[113.9751818,22.3877958],[113.9751833,22.387353],[113.9751606,22.387353],[113.9751358,22.3873531],[113.9751343,22.387796]],[[113.9750905,22.3843994],[113.9750784,22.3844],[113.9750663,22.3844007],[113.9750882,22.38476],[113.9751003,22.3847594],[113.9751125,22.3847587],[113.9750905,22.3843994]],[[113.9728143,22.3832495],[113.9728152,22.3832624],[113.9728161,22.3832771],[113.9731808,22.3832591],[113.9731808,22.3832483],[113.9731777,22.383231],[113.9728143,22.3832495]],[[113.9704526,22.3813575],[113.9704328,22.3809863],[113.9704212,22.3809868],[113.970407,22.3809875],[113.9704268,22.3813587],[113.9704408,22.3813581],[113.9704526,22.3813575]],[[113.9668364,22.3754206],[113.9668284,22.3754167],[113.9668087,22.3754073],[113.9669865,22.3750883],[113.9670076,22.3750984],[113.9670153,22.3751021],[113.9668364,22.3754206]],[[113.9662616,22.3727277],[113.9662811,22.3727373],[113.9662985,22.3727459],[113.9664693,22.372448],[113.9664507,22.3724389],[113.9664323,22.3724299],[113.9662616,22.3727277]],[[113.9781323,22.4118367],[113.978225,22.411693],[113.9782487,22.4116488],[113.9782556,22.4116333],[113.9782745,22.4115854],[113.978282,22.4115488],[113.9782852,22.4115189],[113.9782839,22.4114874],[113.9782786,22.4114549]],[[113.9782786,22.4114549],[113.9782318,22.4112941]],[[113.9782318,22.4112941],[113.9781544,22.4110005]],[[113.9781544,22.4110005],[113.9780094,22.4105221],[113.9777018,22.4095471],[113.9776822,22.4094652],[113.9776682,22.4093902],[113.977656,22.4093021],[113.9776496,22.4092131],[113.9776488,22.4091527],[113.9776533,22.4091005],[113.9776602,22.409058],[113.9776723,22.4090018],[113.9776891,22.4089482],[113.9777162,22.4088757],[113.9777409,22.4088219],[113.9777713,22.4087646],[113.9778029,22.4087163],[113.9778282,22.4086827],[113.9778731,22.4086282],[113.9779148,22.4085814],[113.9779645,22.4085299],[113.9780199,22.4084778],[113.9780947,22.4084155],[113.9786673,22.4079828],[113.9787313,22.4079291],[113.9788054,22.4078574],[113.9788437,22.407809],[113.9788714,22.4077647],[113.9788944,22.4077207],[113.978917,22.4076637],[113.978932,22.407606],[113.9789418,22.4075395],[113.9789441,22.4074586],[113.97894,22.4074053],[113.9789309,22.4073448],[113.9788651,22.4070313],[113.978811,22.4067586],[113.9787657,22.4065348],[113.9787352,22.4063803],[113.9787252,22.4063118],[113.9787165,22.4062512],[113.9787111,22.4061937],[113.9787068,22.4061103],[113.9787129,22.4060021],[113.9787273,22.4058949],[113.9787478,22.4057988]],[[113.9787478,22.4057988],[113.9787825,22.4056955],[113.9788305,22.4055825],[113.9788853,22.4054724],[113.9789356,22.4053857],[113.9789967,22.4052904],[113.9790746,22.4051808],[113.9791378,22.4050963],[113.9793843,22.40478],[113.9794394,22.4047037],[113.9794734,22.4046547],[113.9795018,22.4046105],[113.9795341,22.4045537],[113.9795804,22.4044609],[113.9796147,22.4043779],[113.9796346,22.4043177],[113.9796622,22.4042187],[113.9796761,22.4041511],[113.9796859,22.4040841],[113.9796925,22.4040166],[113.9796959,22.4039329],[113.9796946,22.4038616],[113.9796903,22.4037941],[113.9796826,22.4037288],[113.9796722,22.4036697],[113.9796565,22.4036023],[113.979637,22.4035332],[113.9796212,22.403484],[113.9795989,22.4034263],[113.979469,22.4031278],[113.9793563,22.4028683],[113.979304,22.4027573],[113.9792275,22.4026114],[113.9791679,22.4025054],[113.9785347,22.4013192],[113.9784864,22.4012244],[113.9784517,22.4011604],[113.9784228,22.4011013],[113.9783332,22.4009015],[113.9782593,22.4007084],[113.9782084,22.4005926],[113.9780452,22.4002411],[113.9779501,22.4000232],[113.9779046,22.399918],[113.9778467,22.3997987],[113.9777702,22.3996549],[113.9777203,22.3995536],[113.9776477,22.3993876],[113.9776211,22.3993224],[113.9775547,22.3991426],[113.9775091,22.3989994],[113.9774648,22.3987895],[113.9774338,22.3985902],[113.9774212,22.3984661],[113.9774146,22.3983597],[113.9774163,22.3982396],[113.977423,22.3980226],[113.9774251,22.3979246],[113.9774324,22.3978051],[113.9774438,22.3977171],[113.9774907,22.3974112],[113.9775258,22.3972066],[113.9776226,22.3966679]],[[113.9776226,22.3966679],[113.9778161,22.3955223],[113.9778266,22.3954501],[113.9778324,22.3953778],[113.977831,22.3953126],[113.9778235,22.395245],[113.9778131,22.3951983],[113.9777954,22.3951505],[113.9777724,22.395108],[113.9777419,22.3950661],[113.9777019,22.3950188],[113.9776491,22.3949708],[113.9775959,22.3949287],[113.9775386,22.3948957],[113.97749,22.3948725],[113.9774325,22.394852],[113.9770742,22.3947441],[113.9767912,22.3946624],[113.9764342,22.394557],[113.9763259,22.3945228],[113.9760088,22.3944003],[113.9758171,22.3943298]],[[113.9758171,22.3943298],[113.9751222,22.3940956],[113.9747669,22.3939748]],[[113.9747669,22.3939748],[113.9747072,22.3939339],[113.9746712,22.3938881],[113.9746444,22.3938336],[113.9746323,22.3937757],[113.9746344,22.393731],[113.9746462,22.3936682]],[[113.9746462,22.3936682],[113.9746934,22.3935253],[113.9747184,22.3934673],[113.9747622,22.3933911],[113.9748281,22.3932963],[113.9748853,22.3931997],[113.9749346,22.3930902]],[[113.9749346,22.3930902],[113.9749757,22.3929762],[113.9750108,22.3928313],[113.9750269,22.3927041],[113.9750311,22.3926005],[113.9750231,22.3924668],[113.9750151,22.3923505],[113.9750029,22.3921529]],[[113.9750029,22.3921529],[113.9750029,22.3920735],[113.9750092,22.3920069],[113.9750229,22.3919379],[113.9750429,22.3918667],[113.9750596,22.3917984],[113.9750686,22.3917464],[113.9750727,22.3916893],[113.9750738,22.3916359],[113.9750666,22.3913686],[113.9750572,22.3910505],[113.9750501,22.3906037],[113.9750526,22.3904926],[113.9750592,22.3903956],[113.9750754,22.3902579]],[[113.9750754,22.3902579],[113.9751529,22.3898256],[113.9751753,22.3896298],[113.9751877,22.3892082],[113.9751971,22.388824]],[[113.9751971,22.388824],[113.9751947,22.3886412],[113.9751945,22.3885761],[113.9751913,22.3884407],[113.9751807,22.3883402],[113.9751372,22.388032],[113.9751269,22.3879246]],[[113.9751269,22.3879246],[113.9751264,22.3878348],[113.9751228,22.3875741],[113.9751236,22.3873561]],[[113.9751236,22.3873561],[113.9751237,22.3873263],[113.9751086,22.3868723],[113.9751195,22.3866414],[113.9751269,22.3864817],[113.9751211,22.3859569],[113.9751121,22.3854689],[113.9751011,22.3852882]],[[113.9751011,22.3852882],[113.9750712,22.3847989],[113.9750578,22.3845814],[113.97504,22.3842883],[113.9750091,22.3837818],[113.9749939,22.3835327],[113.9749846,22.3833875]],[[113.9749846,22.3833875],[113.9749744,22.3833553],[113.9749611,22.383327],[113.9749445,22.3833001],[113.974919,22.383272],[113.9748899,22.3832477],[113.9748579,22.3832285],[113.974826,22.3832163],[113.9748019,22.3832097],[113.974776,22.3832057],[113.9747459,22.383203],[113.9747184,22.3832028],[113.9746368,22.3832072]],[[113.9746368,22.3832072],[113.9740588,22.3832317],[113.9732491,22.3832678],[113.9730445,22.3832794],[113.9727186,22.3832953],[113.9708657,22.3834125],[113.9708117,22.3834074],[113.9707593,22.3833941],[113.97071,22.383373],[113.9706652,22.3833446],[113.9706308,22.3833147],[113.9706015,22.3832806],[113.9705778,22.3832429],[113.9705601,22.3832024],[113.9705489,22.3831601],[113.9705334,22.3830361],[113.9704186,22.3814719],[113.9703882,22.3811755],[113.9703548,22.3807557]],[[113.9703548,22.3807557],[113.9703446,22.3806355],[113.9703289,22.3804856],[113.9703218,22.3804342],[113.9703105,22.3803778],[113.9702988,22.3803318],[113.9702813,22.3802729],[113.97026,22.3802155],[113.9702329,22.3801563],[113.9701984,22.380096],[113.9701609,22.3800376],[113.9701221,22.3799857],[113.9700862,22.3799443],[113.9700437,22.379902],[113.9700002,22.3798648],[113.9699478,22.3798236],[113.9698734,22.3797685],[113.9698338,22.3797411],[113.9690776,22.37929]],[[113.9690776,22.37929],[113.9679391,22.3786108]],[[113.9679391,22.3786108],[113.9676711,22.3784509],[113.9675814,22.3783943],[113.9674959,22.3783365],[113.9674311,22.3782879],[113.9673721,22.3782383],[113.9673125,22.3781837],[113.9672577,22.378124],[113.9672135,22.3780689],[113.9671749,22.3780121],[113.9671439,22.3779584],[113.9671151,22.3779028],[113.9670811,22.3778278],[113.9670476,22.3777465],[113.9670066,22.3776338],[113.9669726,22.3775403],[113.9669491,22.3774756],[113.9666871,22.3767549],[113.9666588,22.3766656],[113.9665779,22.376358],[113.9665628,22.376288],[113.9665511,22.3762144],[113.9665434,22.376147],[113.9665408,22.3760793],[113.9665431,22.3760153],[113.9665497,22.3759611],[113.966561,22.3759001],[113.9665754,22.3758421],[113.9665924,22.3757896],[113.9666157,22.3757311],[113.9666447,22.3756697],[113.9667235,22.3755285],[113.9668826,22.3752432],[113.9669936,22.3750449],[113.9675104,22.3741293],[113.9675661,22.3740339],[113.9676263,22.3739367],[113.9676933,22.3738331],[113.9678154,22.3736478],[113.9678823,22.3735373],[113.9679265,22.3734587],[113.9679634,22.373386],[113.9679914,22.3733251],[113.9680189,22.3732547],[113.9680538,22.3731519],[113.9680782,22.3730706],[113.9680958,22.3729917],[113.9681097,22.3729071],[113.9681211,22.3728145],[113.9681263,22.3727695],[113.9681351,22.372699],[113.9681451,22.3726155],[113.9681551,22.3725311],[113.9681574,22.3724653],[113.9681585,22.3724414]],[[113.9681585,22.3724414],[113.9681466,22.3723402],[113.9680959,22.3721976],[113.9680236,22.3721005],[113.9679304,22.3720371],[113.9678408,22.3720022],[113.9677314,22.3719839],[113.9676158,22.3719888],[113.9675222,22.3720107],[113.9674695,22.3720323],[113.9674192,22.3720569],[113.9673796,22.3720817],[113.9673218,22.3721049],[113.9672994,22.3721138],[113.9671295,22.3721569]],[[113.9671295,22.3721569],[113.9670403,22.3721796]],[[113.9670403,22.3721796],[113.9669055,22.3722155]],[[113.9669055,22.3722155],[113.9667754,22.37225]],[[113.9667754,22.37225],[113.9666512,22.3722853]],[[113.9666512,22.3722853],[113.9666005,22.3723094],[113.9665622,22.3723388],[113.9665414,22.3723634],[113.9664154,22.3725946]],[[113.9664976,22.3726764],[113.9665171,22.372686],[113.9665345,22.3726945],[113.9667052,22.3723967],[113.9666867,22.3723876],[113.9666683,22.3723786],[113.9664976,22.3726764]],[[113.9669348,22.3750676],[113.9669062,22.3750536],[113.9668919,22.3750466],[113.9667145,22.3753619],[113.9667288,22.3753688],[113.9667576,22.3753826],[113.9669348,22.3750676]],[[113.9703578,22.3814301],[113.970338,22.3810588],[113.9703238,22.3810595],[113.9703122,22.38106],[113.970332,22.3814312],[113.9703451,22.3814306],[113.9703578,22.3814301]],[[113.9728209,22.3833535],[113.9728215,22.3833634],[113.9728223,22.3833794],[113.9731781,22.3833626],[113.9731774,22.383349],[113.9731767,22.3833361],[113.9728209,22.3833535]],[[113.9749887,22.3844047],[113.9749765,22.3844054],[113.9749644,22.384406],[113.9749864,22.3847653],[113.9749985,22.3847647],[113.9750106,22.3847641],[113.9749887,22.3844047]],[[113.9750141,22.3877998],[113.9750374,22.3877997],[113.9750615,22.3877996],[113.9750595,22.3873539],[113.9750379,22.3873539],[113.975012,22.387354],[113.9750141,22.3877998]],[[113.974805,22.3914577],[113.9748179,22.3914573],[113.9748525,22.3914563],[113.9748417,22.3911437],[113.9748262,22.3911443],[113.9747942,22.3911451],[113.974805,22.3914577]],[[113.9769489,22.3948256],[113.976956,22.3948035],[113.9769637,22.3947824],[113.9765951,22.3946745],[113.9765888,22.3946926],[113.9765812,22.3947137],[113.9769489,22.3948256]],[[113.9773823,22.3975731],[113.9773987,22.3975757],[113.9774115,22.3975776],[113.9774714,22.3972427],[113.9774586,22.3972407],[113.9774422,22.3972382],[113.9773823,22.3975731]],[[113.9778959,22.4000901],[113.9780355,22.4004011],[113.9780491,22.4003952],[113.9780624,22.4003908],[113.9779227,22.4000798],[113.9779095,22.4000849],[113.9778959,22.4000901]],[[113.9795032,22.4033338],[113.9793568,22.4029998],[113.9793397,22.4030062],[113.9793278,22.4030107],[113.9794754,22.4033443],[113.9794844,22.4033409],[113.9795032,22.4033338]],[[113.978763,22.4069369],[113.9787725,22.4069352],[113.9787896,22.4069323],[113.9787203,22.4065825],[113.9787012,22.4065857],[113.9786914,22.4065874],[113.978763,22.4069369]],[[113.9779778,22.411967],[113.9781646,22.4116615],[113.9781446,22.4116508],[113.9781202,22.4116375],[113.9780214,22.4117909],[113.9780299,22.4117958],[113.9780377,22.4118001],[113.9780123,22.4118411],[113.9780208,22.4118456],[113.9780277,22.4118491],[113.9779615,22.4119586],[113.9779694,22.4119627],[113.9779778,22.411967]],[[113.9666595,22.3725334],[113.9665396,22.3727339],[113.9665063,22.3727738],[113.9664758,22.3728014],[113.9664401,22.3728245],[113.9663835,22.3728483]],[[113.9663835,22.3728483],[113.9662548,22.3728841]],[[113.9662548,22.3728841],[113.9661379,22.3729184]],[[113.9661379,22.3729184],[113.966015,22.372956]],[[113.966015,22.372956],[113.9658756,22.3729959]],[[113.9658756,22.3729959],[113.9658381,22.3730067]],[[113.9658381,22.3730067],[113.9657667,22.3730107],[113.9657026,22.373004],[113.9656472,22.3729864],[113.9656172,22.3729714]],[[113.9656172,22.3729714],[113.965558,22.3729262],[113.965511,22.3728621],[113.9654933,22.3728188],[113.9654843,22.3727732],[113.9654903,22.3726896],[113.9655164,22.3726252],[113.9655559,22.3725731],[113.9656191,22.3725247],[113.9657082,22.3724921]],[[113.9657082,22.3724921],[113.9662449,22.372341],[113.9673146,22.3720667],[113.9673721,22.3720583],[113.9674192,22.3720569],[113.9674761,22.3720576],[113.9675343,22.3720496],[113.9676219,22.3720303],[113.9677271,22.3720228],[113.9678269,22.3720395],[113.9679063,22.3720713],[113.967988,22.372126],[113.9680557,22.3722142],[113.9681035,22.3723482],[113.9681157,22.3724507]],[[113.9681157,22.3724507],[113.9681163,22.3724738],[113.9681113,22.3725332],[113.9681012,22.3726192],[113.9680914,22.3727021],[113.9680828,22.3727688],[113.9680664,22.3729074],[113.9680508,22.3729987],[113.9680328,22.3730772],[113.968009,22.3731597],[113.9679847,22.3732342],[113.9679583,22.3733018],[113.9679245,22.3733758],[113.9678888,22.3734474],[113.9678378,22.3735392],[113.9677818,22.3736319],[113.9676057,22.373902],[113.9675398,22.3740091],[113.9674747,22.3741216],[113.9669614,22.3750295],[113.9668501,22.3752272],[113.9666903,22.3755122],[113.9665955,22.3756822],[113.9665728,22.3757297],[113.9665501,22.3757834],[113.9665328,22.3758343],[113.9665181,22.3758876],[113.9665077,22.3759388],[113.9664998,22.375996],[113.9664962,22.3760626],[113.9664984,22.3761302],[113.966506,22.3761962],[113.9665184,22.3762658],[113.9665367,22.3763426],[113.9666235,22.3766723],[113.966645,22.3767442],[113.9666723,22.3768268],[113.9669124,22.3774874],[113.966936,22.3775526],[113.96697,22.377646],[113.9669958,22.377717],[113.9670241,22.3777896],[113.9670523,22.3778564],[113.9670813,22.3779186],[113.9671135,22.3779786],[113.9671519,22.3780421],[113.9671874,22.3780926],[113.9672317,22.3781472],[113.9672816,22.3782007],[113.9673305,22.378247],[113.9673837,22.3782929],[113.967448,22.3783431],[113.9675223,22.378395],[113.9676029,22.3784475],[113.9676591,22.3784822],[113.9679194,22.378637]],[[113.9679194,22.378637],[113.9690627,22.379317]],[[113.9690627,22.379317],[113.9696266,22.3796524],[113.9696689,22.3796792],[113.9698262,22.379784],[113.9698979,22.3798366],[113.9699496,22.3798784],[113.9699991,22.3799221],[113.970044,22.3799674],[113.9700896,22.3800201],[113.9701317,22.3800764],[113.9701682,22.3801349],[113.9702013,22.380199],[113.9702279,22.3802619],[113.9702519,22.380332],[113.9702732,22.3804117],[113.9702884,22.380489],[113.9703076,22.3806371],[113.9703171,22.3807577]],[[113.9703171,22.3807577],[113.9703558,22.3812447],[113.9703779,22.3814734],[113.9704964,22.3830392],[113.9705106,22.3831838],[113.9705196,22.3832343],[113.9705304,22.3832765],[113.9705457,22.3833116],[113.9705655,22.383344],[113.9705916,22.3833748],[113.9706254,22.3834015],[113.9706617,22.383422],[113.9707011,22.3834372],[113.9707425,22.3834467],[113.9707849,22.3834502],[113.9727218,22.3833417],[113.9730479,22.3833279],[113.9732515,22.3833162],[113.9740649,22.3832717],[113.9746593,22.3832517]],[[113.9746593,22.3832517],[113.9747026,22.3832509],[113.9747364,22.3832533],[113.974766,22.3832595],[113.9747949,22.3832699],[113.9748243,22.3832846],[113.9748505,22.3833008],[113.9748845,22.3833329]],[[113.9748845,22.3833329],[113.974906,22.3833608],[113.9749225,22.3833942],[113.9749346,22.383429],[113.9749551,22.3835347],[113.9749703,22.3837838],[113.9750012,22.3842903],[113.975019,22.3845834],[113.9750324,22.3848009],[113.9750584,22.385203],[113.9750726,22.385471],[113.9750822,22.3859573]],[[113.9750822,22.3859573],[113.9750881,22.3864821],[113.9750806,22.3866421],[113.9750698,22.3868707]],[[113.9750698,22.3868707],[113.9750802,22.3873256],[113.9750793,22.3873366]],[[113.9750793,22.3873366],[113.9750826,22.3875746],[113.9750798,22.3878343],[113.9750819,22.3879246]],[[113.9750819,22.3879246],[113.9750905,22.3880336],[113.975138,22.3883454],[113.9751479,22.388441],[113.9751539,22.3886081],[113.9751545,22.3886412],[113.9751577,22.3887033],[113.9751484,22.3892107],[113.9751287,22.3896253],[113.9751082,22.3898196],[113.9750206,22.3902006],[113.9749668,22.3903902]],[[113.9749668,22.3903902],[113.9748931,22.3906623],[113.9748595,22.3908034],[113.9748518,22.3908773],[113.9748518,22.3909371],[113.9748535,22.3910041],[113.9748608,22.3913037],[113.9748666,22.391576],[113.9748695,22.3917164],[113.9748753,22.3918095],[113.9748876,22.3919192],[113.9749063,22.3920215],[113.9749358,22.3921383]],[[113.9749358,22.3921383],[113.9749599,22.3922312],[113.9749743,22.3923491],[113.9749815,22.3924639],[113.9749867,22.3925987],[113.9749827,22.3927049],[113.9749679,22.3928247],[113.9749339,22.3929633],[113.9748949,22.3930745]],[[113.9748949,22.3930745],[113.9748471,22.3931833],[113.9747873,22.3932799],[113.9747236,22.3933693],[113.974673,22.3934527],[113.974649,22.3935098],[113.9745955,22.3936561]],[[113.9745955,22.3936561],[113.9745799,22.3937138],[113.974572,22.3937596],[113.9745702,22.3938053],[113.9745769,22.3938501],[113.9745895,22.3938878],[113.9746176,22.3939286],[113.9746758,22.3939787],[113.9747387,22.3940134]],[[113.9747387,22.3940134],[113.9751045,22.3941357],[113.9757984,22.3943736]],[[113.9757984,22.3943736],[113.9759862,22.3944413],[113.9763134,22.3945629],[113.9764188,22.3945973],[113.9767772,22.3947007],[113.9770599,22.3947842],[113.9774214,22.3948923],[113.9774717,22.3949107],[113.9775164,22.3949323],[113.9775615,22.3949579],[113.977608,22.3949875],[113.9776517,22.3950268],[113.9776969,22.3950776],[113.9777348,22.3951305],[113.9777639,22.3951914],[113.9777794,22.3952502],[113.9777864,22.3953134],[113.9777872,22.3953788],[113.9777812,22.3954497],[113.9777702,22.3955133],[113.9775768,22.3966597]],[[113.9775768,22.3966597],[113.9774906,22.3972007],[113.9774588,22.3974043],[113.9774053,22.3977117],[113.977394,22.3977988],[113.9773875,22.397925],[113.9773838,22.3980213],[113.9773798,22.3982401],[113.9773763,22.398354],[113.9773829,22.3984744],[113.9773929,22.3985922],[113.9774239,22.3987898],[113.9774694,22.3990033],[113.9775158,22.3991479],[113.9775797,22.399325],[113.9776102,22.3993969],[113.9776837,22.3995648],[113.9777339,22.399668],[113.9778064,22.3998013],[113.9778673,22.3999253],[113.9779194,22.4000349],[113.9780179,22.4002502],[113.9781754,22.4006042],[113.978222,22.4007154],[113.9782971,22.4009121],[113.9783781,22.4011079],[113.9784052,22.4011656],[113.9784404,22.4012291],[113.9784974,22.4013287],[113.979137,22.4025195],[113.9791973,22.402631],[113.9792692,22.4027719],[113.9793215,22.4028823],[113.9794346,22.4031419],[113.9795621,22.403439],[113.9795823,22.403499],[113.979599,22.4035524],[113.9796145,22.4036109],[113.9796288,22.4036764],[113.9796408,22.4037498],[113.9796472,22.4038112],[113.9796508,22.403873],[113.979652,22.4039428],[113.9796489,22.404017],[113.9796404,22.4040973],[113.9796272,22.4041751],[113.9796091,22.4042505],[113.9795872,22.4043215],[113.9795596,22.4043952],[113.9795314,22.4044608],[113.9794955,22.404533],[113.9794495,22.4046136],[113.9793961,22.4046949],[113.9793424,22.4047708],[113.9790281,22.4051797],[113.9789748,22.4052555],[113.9789184,22.4053426],[113.9788587,22.4054439],[113.9788076,22.4055395],[113.978771,22.4056183],[113.9787362,22.4057056],[113.9787093,22.405788]],[[113.9787093,22.405788],[113.9786871,22.4058927],[113.9786743,22.4059843],[113.9786665,22.4060979],[113.9786696,22.4061933],[113.9786827,22.4063069],[113.9786952,22.4063926],[113.9787252,22.4065422],[113.9787706,22.4067658],[113.9788244,22.4070377],[113.9788834,22.4073163],[113.9788931,22.40738],[113.9788995,22.4074427],[113.9789009,22.4074998],[113.9788967,22.4075562],[113.9788876,22.4076085],[113.9788695,22.4076685],[113.9788461,22.4077206],[113.9788222,22.4077616],[113.9787715,22.4078312],[113.9787245,22.4078807],[113.9786524,22.4079433],[113.9780433,22.4083966],[113.9779771,22.4084531],[113.9779333,22.4084946],[113.9778847,22.4085445],[113.9778292,22.4086059],[113.9777761,22.4086769],[113.9777316,22.4087469],[113.9776936,22.4088172],[113.9776694,22.4088718],[113.9776463,22.4089387],[113.9776287,22.4090026],[113.977617,22.4090637],[113.9776101,22.4091159],[113.9776067,22.4091635],[113.9776066,22.4092165],[113.9776097,22.4092811],[113.9776244,22.4093774],[113.9776412,22.409468],[113.9776604,22.4095479],[113.9781112,22.41101]],[[113.9781112,22.41101],[113.978197,22.4113008]],[[113.978197,22.4113008],[113.9782145,22.4113541]],[[113.9782145,22.4113541],[113.9782247,22.4114212],[113.9782271,22.4114705],[113.9782256,22.4115149],[113.9782209,22.4115548],[113.9782112,22.4115915],[113.9781992,22.4116264],[113.9781756,22.4116699],[113.9780884,22.4118129]]]}},{"type":"Feature","properties":{"kind":"route","routeCode":"615P","name":"MTR Light Rail 615P","serviceNames":["Light Rail 615P (Siu Hong â Tuen Mun Ferry Pier)","Light Rail 615P (Tuen Mun Ferry Pier â Siu Hong)"],"osmRelationIds":[5955258,5955259],"osmWayCount":67},"geometry":{"type":"MultiLineString","coordinates":[[[113.9779778,22.411967],[113.9781646,22.4116615],[113.9781446,22.4116508],[113.9781202,22.4116375],[113.9780214,22.4117909],[113.9780299,22.4117958],[113.9780377,22.4118001],[113.9780123,22.4118411],[113.9780208,22.4118456],[113.9780277,22.4118491],[113.9779615,22.4119586],[113.9779694,22.4119627],[113.9779778,22.411967]],[[113.9764402,22.4104093],[113.9764205,22.4102884],[113.976393,22.410292],[113.9764186,22.4104627],[113.9764351,22.4106547],[113.9764641,22.4106529],[113.976455,22.4105365],[113.9764402,22.4104093]],[[113.9723721,22.4072626],[113.9727473,22.4073613],[113.9727521,22.4073454],[113.9727547,22.407337],[113.9723796,22.4072383],[113.9723721,22.4072626]],[[113.968991,22.4067566],[113.969095,22.4067193],[113.969343,22.4066304],[113.9693476,22.4066414],[113.9693615,22.4066744],[113.9690094,22.4068005],[113.9689956,22.4067676],[113.968991,22.4067566]],[[113.9662554,22.4076737],[113.9666102,22.4075974],[113.9666063,22.4075817],[113.9666023,22.4075661],[113.9662479,22.407644],[113.9662516,22.4076586],[113.9662554,22.4076737]],[[113.9634913,22.4065157],[113.9637208,22.4067748],[113.9637455,22.4067561],[113.963516,22.406497],[113.9635052,22.4065051],[113.9634913,22.4065157]],[[113.9642963,22.4053472],[113.9646823,22.4052934],[113.9646756,22.4052521],[113.9642896,22.4053059],[113.9642926,22.4053242],[113.9642963,22.4053472]],[[113.9678528,22.40158],[113.9678334,22.4015816],[113.9678141,22.4015833],[113.9678056,22.4014987],[113.967794,22.4014145],[113.9677794,22.4013306],[113.9677618,22.4012473],[113.9677808,22.4012438],[113.9677999,22.4012404],[113.9678177,22.4013243],[113.9678325,22.4014094],[113.9678442,22.4014948],[113.9678528,22.40158]],[[113.9673981,22.396982],[113.9673698,22.3972077],[113.9673552,22.3972069],[113.9673479,22.3973264],[113.9673188,22.3973249],[113.9673399,22.396979],[113.9673593,22.39698],[113.967369,22.3969805],[113.9673779,22.396981],[113.9673981,22.396982]],[[113.9674918,22.3944924],[113.9675288,22.3944931],[113.9675349,22.3942182],[113.9675267,22.394218],[113.9674979,22.3942175],[113.9674918,22.3944924]],[[113.9673851,22.3910766],[113.9674112,22.3910659],[113.9672556,22.3907366],[113.9672467,22.3907404],[113.9672314,22.3907469],[113.9673851,22.3910766]],[[113.9651471,22.3854051],[113.965164,22.3853977],[113.9651776,22.3853917],[113.9650229,22.3850897],[113.9650074,22.3850965],[113.9649924,22.3851031],[113.9651471,22.3854051]],[[113.9633618,22.381647],[113.963447,22.3819936],[113.9634944,22.3819836],[113.9634092,22.381637],[113.9633855,22.381642],[113.9633618,22.381647]],[[113.9618988,22.3782514],[113.9616767,22.37797],[113.9616669,22.3779763],[113.9616513,22.3779864],[113.9618734,22.3782678],[113.9618851,22.3782609],[113.9618988,22.3782514]],[[113.9610712,22.375297],[113.9610896,22.3753095],[113.9611035,22.3753182],[113.9613139,22.3750439],[113.9613009,22.3750336],[113.9612815,22.3750227],[113.9610712,22.375297]],[[113.9668804,22.3727455],[113.966889,22.3727741],[113.9672399,22.3726828],[113.9672313,22.3726541],[113.9668804,22.3727455]],[[113.9780884,22.4118129],[113.9779655,22.4120138],[113.9779407,22.4120494],[113.977916,22.4120714],[113.9778839,22.4120895],[113.977839,22.4121079],[113.9777975,22.4121205]],[[113.9777975,22.4121205],[113.9772041,22.4122744],[113.9769782,22.4123317],[113.9769139,22.4123448],[113.9768215,22.4123598],[113.9767738,22.412365],[113.9767272,22.4123673],[113.9766888,22.4123676],[113.9766434,22.412365],[113.9766015,22.4123601],[113.9765613,22.4123516],[113.9765223,22.4123395],[113.9764616,22.4123048],[113.9764365,22.4122844],[113.9764093,22.4122589],[113.9763859,22.4122334],[113.9763647,22.4122063],[113.9763476,22.4121781],[113.9763337,22.4121482],[113.9763233,22.4121177],[113.9763161,22.4120874],[113.9763117,22.4120571],[113.9763105,22.4120199],[113.9763131,22.4119738],[113.9763194,22.4119222],[113.976327,22.4118789],[113.9763549,22.4117543],[113.9763761,22.4116316],[113.976384,22.4115774],[113.9763877,22.4115391],[113.9764091,22.4112633],[113.9764183,22.4111048],[113.9764215,22.4109941],[113.9764234,22.4107746],[113.9764234,22.4107716],[113.9764214,22.4106807],[113.976413,22.410552],[113.9763956,22.4103997],[113.9763682,22.4102332],[113.9763517,22.4101563],[113.9763336,22.4100841],[113.9763187,22.4100358],[113.9762992,22.4099845],[113.9762504,22.4098747],[113.9762204,22.409815]],[[113.9762204,22.409815],[113.9761588,22.4096888],[113.9760699,22.409517],[113.97597,22.4093346]],[[113.97597,22.4093346],[113.9759064,22.409218],[113.975874,22.409166],[113.975846,22.4091249],[113.9758092,22.4090745],[113.9757727,22.4090268],[113.9757058,22.4089453],[113.9756339,22.4088635],[113.9755538,22.4087805],[113.9754662,22.4086939],[113.9753839,22.4086158],[113.9753039,22.4085457],[113.975217,22.408472],[113.9751215,22.4083955],[113.9750112,22.4083123],[113.9748786,22.4082187],[113.9747388,22.4081282],[113.9745927,22.4080412],[113.9744187,22.4079466],[113.9743358,22.4079044],[113.9742012,22.4078405],[113.9740948,22.4077941],[113.9739817,22.4077474],[113.9738495,22.4076958],[113.9737547,22.4076611],[113.9736123,22.407612],[113.9735348,22.4075874],[113.973398,22.4075461],[113.9732055,22.4074949],[113.9728574,22.4074048],[113.9725636,22.4073283],[113.9714169,22.4070319],[113.9713066,22.4070035],[113.9712229,22.4069823],[113.9708155,22.4068625],[113.9705517,22.4067789],[113.9701234,22.4066432],[113.9700527,22.4066226],[113.9699847,22.4066074],[113.96991,22.4065955],[113.9698311,22.4065881],[113.969767,22.4065885],[113.9697008,22.4065948],[113.9696443,22.4066031],[113.969588,22.4066138],[113.9695335,22.4066278],[113.9694749,22.4066458],[113.9694176,22.4066663],[113.9691898,22.4067479],[113.969061,22.4067941],[113.9689909,22.4068192],[113.9689414,22.4068369],[113.9688893,22.4068556],[113.9673012,22.4074208],[113.9672192,22.4074505],[113.9670985,22.4074927],[113.9669948,22.4075226],[113.9669204,22.4075429],[113.9668189,22.4075675],[113.9667138,22.4075906]],[[113.9667138,22.4075906],[113.9664372,22.4076484],[113.9662107,22.4076976],[113.9658958,22.4077668],[113.9658245,22.4077788],[113.9657523,22.4077876],[113.9656652,22.4077928],[113.965589,22.4077925],[113.9655098,22.4077889],[113.9654211,22.407781],[113.965342,22.4077695],[113.9652602,22.4077543],[113.9650393,22.4077121],[113.9648454,22.4076697],[113.9647875,22.4076549],[113.9647246,22.4076356],[113.964658,22.4076114],[113.9646068,22.4075899],[113.9645548,22.4075651],[113.9645061,22.4075365],[113.9644699,22.4075131],[113.9644271,22.4074822],[113.9643929,22.4074551],[113.9640732,22.4071795],[113.9640205,22.4071318],[113.9639651,22.4070777],[113.9639165,22.4070276],[113.9638855,22.4069939],[113.963733,22.4068182]],[[113.963733,22.4068182],[113.9635936,22.4066563],[113.9635264,22.4065783]],[[113.9635264,22.4065783],[113.9634059,22.4064391],[113.9633719,22.4063923],[113.963344,22.4063491],[113.9633129,22.4062911],[113.9632891,22.4062353],[113.9632662,22.4061667],[113.9632538,22.4061155],[113.9632477,22.4060731],[113.9632438,22.406014],[113.963245,22.4059567],[113.9632506,22.4059032],[113.9632595,22.4058542],[113.9632755,22.4057945],[113.9632844,22.4057684],[113.9632979,22.405734],[113.9633199,22.4056883],[113.9633422,22.4056494],[113.9633465,22.4056432],[113.9633619,22.4056206],[113.9633708,22.4056089],[113.963382,22.4055943],[113.9634028,22.4055695],[113.9634329,22.4055391],[113.9634541,22.4055194],[113.9634859,22.4054938],[113.9635208,22.4054701],[113.9635623,22.4054462],[113.9636153,22.4054195],[113.9636595,22.4054013],[113.9637069,22.4053847],[113.9637571,22.4053712],[113.9638047,22.4053612],[113.96417,22.4053091],[113.9644805,22.4052659],[113.9648955,22.4052068],[113.964944,22.4051949],[113.9650144,22.4051683],[113.9657368,22.4048431]],[[113.9657368,22.4048431],[113.965781,22.4048162],[113.9659183,22.4047226],[113.9661451,22.4045683],[113.9662081,22.4045199],[113.9662706,22.404468],[113.9663572,22.4043883],[113.966464,22.4042843],[113.9666188,22.4041329]],[[113.9666188,22.4041329],[113.9670052,22.4037534],[113.9670379,22.4037171],[113.967084,22.4036642],[113.9671218,22.403614],[113.9671583,22.4035613],[113.9671991,22.403493],[113.9675387,22.402872],[113.9676061,22.4027372],[113.9676461,22.4026426],[113.9676925,22.4025168],[113.967721,22.4024267],[113.9677479,22.4023276],[113.9677686,22.4022389],[113.9677848,22.4021445],[113.9677986,22.4020354],[113.9678085,22.4018963],[113.9678098,22.4017751],[113.9678031,22.4015955],[113.9677935,22.4015],[113.967782,22.4014161],[113.9677675,22.4013326],[113.9677112,22.4010504],[113.9676942,22.4009636],[113.9676777,22.4008848],[113.9676546,22.4007695],[113.9674751,22.3997771],[113.9673643,22.3992773]],[[113.9673643,22.3992773],[113.9673468,22.3991885],[113.9673113,22.3990287],[113.9672832,22.3988677],[113.9672624,22.3987057],[113.967249,22.3985431],[113.967243,22.39838],[113.9672444,22.3982169],[113.9672546,22.3980351],[113.9673067,22.3973242],[113.9673172,22.3971513],[113.9673278,22.396978],[113.9673396,22.3968102],[113.9673445,22.3967411]],[[113.9673445,22.3967411],[113.9673742,22.3963205]],[[113.9673742,22.3963205],[113.9673955,22.3960364],[113.9673977,22.3960037],[113.9674234,22.3955459],[113.9674377,22.3954524],[113.9674591,22.3953616],[113.9674791,22.3952828],[113.9674863,22.3952462],[113.9674917,22.3952062],[113.9675028,22.3950662]],[[113.9675028,22.3950662],[113.9675173,22.394833],[113.9675146,22.394785],[113.9675094,22.3947479],[113.9674752,22.3945742],[113.9674734,22.3945404],[113.9674801,22.3943558],[113.9674911,22.3940961],[113.9674912,22.393379],[113.9675137,22.392492],[113.9674934,22.3915309],[113.9674845,22.3914361],[113.9674725,22.3913611],[113.9674534,22.391286],[113.967429,22.3912168],[113.9673995,22.391145],[113.9672929,22.3909179],[113.9671516,22.3906158],[113.9661735,22.3885266],[113.9660679,22.3882902],[113.9659884,22.3880929],[113.9659385,22.3879513],[113.9658824,22.387761],[113.965864,22.3876927],[113.9658365,22.3875693],[113.9658135,22.3874577],[113.965647,22.3865952],[113.9656245,22.3864935],[113.9655905,22.3863641],[113.9655539,22.3862567],[113.9655288,22.3861946],[113.9654933,22.3861161],[113.9651628,22.3854554],[113.9650567,22.3852573],[113.9649214,22.3849881],[113.964798,22.3847419],[113.964515,22.3842506],[113.964375,22.3840187],[113.9640264,22.3833323],[113.963962,22.3831954],[113.9638927,22.3830528],[113.9638323,22.3829287],[113.9635567,22.382304],[113.9634591,22.3820935],[113.9634352,22.3819961],[113.9633926,22.3818228],[113.9633268,22.3815549],[113.9632822,22.3813735],[113.9632615,22.3812894],[113.9632268,22.3811482],[113.9631602,22.3808886],[113.9630202,22.3802974],[113.9629325,22.3799302],[113.9627892,22.3795854],[113.9625583,22.3791951],[113.9618629,22.3782752],[113.9617525,22.3781351],[113.9615671,22.377904],[113.9604786,22.3765756],[113.9604308,22.3765161],[113.9603966,22.3764622],[113.960365,22.3763941],[113.9603514,22.3763334],[113.960346,22.376261],[113.9603454,22.3762048],[113.9603497,22.3761453],[113.9603698,22.3760677],[113.9603935,22.3760081],[113.960423,22.3759578],[113.960449,22.3759211],[113.9604959,22.3758727],[113.9605352,22.3758334],[113.9609968,22.3753928],[113.9610453,22.3753267],[113.961216,22.3750842],[113.9613926,22.3748676],[113.9614622,22.3747834],[113.9615235,22.3747046],[113.9616433,22.3745508],[113.9618003,22.3743754],[113.9620985,22.3740234],[113.9621505,22.3739696],[113.9622071,22.37392],[113.9622678,22.3738747],[113.962337,22.3738315],[113.96241,22.3737939],[113.9624664,22.3737645],[113.9625249,22.373739],[113.9625752,22.3737217],[113.9626459,22.3737006],[113.9627076,22.3736878],[113.9649391,22.3733021],[113.9651811,22.37324],[113.9656019,22.3731243],[113.9656571,22.3731074]],[[113.9656571,22.3731074],[113.9666044,22.3728361],[113.9666774,22.3728176],[113.9667269,22.3728017],[113.9667779,22.3727798],[113.9668208,22.372752],[113.9668751,22.3727279],[113.9670515,22.3726799],[113.9672795,22.3726149],[113.9673536,22.3725927],[113.9674134,22.3725544],[113.9674585,22.3725035],[113.9674847,22.3724494],[113.9674959,22.372386],[113.9674896,22.3723269],[113.9674651,22.3722665],[113.9674284,22.3722187],[113.9673874,22.3721852],[113.9673574,22.3721683],[113.9673353,22.3721589],[113.9673159,22.3721524],[113.9672724,22.3721434],[113.9672121,22.3721426],[113.9671295,22.3721569]],[[113.9671295,22.3721569],[113.9670403,22.3721796]],[[113.9670403,22.3721796],[113.9669055,22.3722155]],[[113.9669055,22.3722155],[113.9668495,22.3722411],[113.9668072,22.3722742],[113.9667856,22.3723],[113.9666595,22.3725334]],[[113.9662616,22.3727277],[113.9662811,22.3727373],[113.9662985,22.3727459],[113.9664693,22.372448],[113.9664507,22.3724389],[113.9664323,22.3724299],[113.9662616,22.3727277]],[[113.9610125,22.3751926],[113.9610305,22.3752044],[113.9610466,22.375215],[113.9612576,22.3749401],[113.9612405,22.3749288],[113.9612235,22.3749177],[113.9610125,22.3751926]],[[113.9618253,22.3783016],[113.9616033,22.3780202],[113.9615899,22.3780288],[113.9615779,22.3780366],[113.9617999,22.3783179],[113.9618253,22.3783016]],[[113.9633831,22.382007],[113.9632979,22.3816604],[113.9632884,22.3816624],[113.963279,22.3816644],[113.9632695,22.3816664],[113.9633546,22.382013],[113.9633831,22.382007]],[[113.9650532,22.3854438],[113.965069,22.3854369],[113.9650837,22.3854304],[113.964929,22.3851284],[113.9649103,22.3851366],[113.9648985,22.3851418],[113.9650532,22.3854438]],[[113.9670432,22.3905438],[113.9670596,22.3905372],[113.9669052,22.3902071],[113.9668889,22.3902145],[113.9668788,22.3902191],[113.9670334,22.3905478],[113.9670432,22.3905438]],[[113.9673838,22.3944911],[113.9674029,22.3944915],[113.9674256,22.3944921],[113.9674329,22.3942172],[113.9674086,22.3942166],[113.9673911,22.3942163],[113.9673838,22.3944911]],[[113.9672721,22.3969732],[113.9672527,22.3969722],[113.967243,22.3969717],[113.9672218,22.3973198],[113.9672315,22.3973203],[113.9672509,22.3973213],[113.9672721,22.3969732]],[[113.9676544,22.4012545],[113.9676735,22.4012512],[113.9676926,22.4012479],[113.9677125,22.4013417],[113.9677267,22.4014234],[113.967738,22.4015056],[113.9677473,22.4015988],[113.9677279,22.4015999],[113.9677085,22.4016011],[113.9676993,22.4015095],[113.9676882,22.4014286],[113.9676742,22.401348],[113.9676544,22.4012545]],[[113.9642812,22.4052429],[113.9646644,22.4051901],[113.9646588,22.4051557],[113.9642756,22.4052085],[113.9642788,22.4052283],[113.9642812,22.4052429]],[[113.9634185,22.4065713],[113.9636466,22.4068324],[113.9636658,22.4068181],[113.9634377,22.406557],[113.9634279,22.4065643],[113.9634185,22.4065713]],[[113.9662676,22.4077663],[113.9666456,22.4076843],[113.9666429,22.4076737],[113.9666392,22.4076591],[113.9662611,22.4077406],[113.966265,22.4077558],[113.9662676,22.4077663]],[[113.9690322,22.406855],[113.9693843,22.4067288],[113.9693948,22.406754],[113.9692793,22.4067954],[113.9692188,22.406817],[113.9691583,22.4068387],[113.9690428,22.4068801],[113.9690322,22.406855]],[[113.972349,22.4073468],[113.9727226,22.4074449],[113.9727254,22.4074359],[113.9727291,22.4074237],[113.9723556,22.4073256],[113.972349,22.4073468]],[[113.9763641,22.4111594],[113.9763705,22.4107966],[113.9763525,22.4107965],[113.976341,22.4107962],[113.976334,22.4111579],[113.9763446,22.4111585],[113.9763641,22.4111594]],[[113.9780665,22.4119864],[113.9780992,22.4120037],[113.9781535,22.4119162],[113.978168,22.4119246],[113.9781832,22.4119334],[113.9781305,22.412018],[113.9781377,22.4120436],[113.9782711,22.4120102],[113.9782878,22.4117921],[113.9782685,22.4117336],[113.9782349,22.4117121],[113.9780665,22.4119864]],[[113.9664154,22.3725946],[113.9663037,22.3727867],[113.9662612,22.3728401],[113.9662303,22.3728692],[113.9661925,22.3728936],[113.9661379,22.3729184]],[[113.9661379,22.3729184],[113.966015,22.372956]],[[113.966015,22.372956],[113.9658756,22.3729959]],[[113.9658756,22.3729959],[113.9658381,22.3730067]],[[113.9658381,22.3730067],[113.9656427,22.3730627]],[[113.9656427,22.3730627],[113.9655893,22.3730791],[113.96517,22.3731966],[113.9649235,22.3732574],[113.9626643,22.3736545],[113.9625623,22.3736816],[113.9624782,22.3737122],[113.9623914,22.3737537],[113.9623134,22.3737953],[113.9622395,22.3738428],[113.9621787,22.373889],[113.9621217,22.3739393],[113.962069,22.3739934],[113.9617659,22.3743483],[113.9616072,22.3745302],[113.9614815,22.37469],[113.9614271,22.3747608],[113.9613632,22.3748446],[113.9611818,22.3750618],[113.9610196,22.375309],[113.9609698,22.3753707],[113.9605085,22.3758092],[113.9604628,22.3758511],[113.9604161,22.375896],[113.9603856,22.3759347],[113.9603523,22.3759898],[113.960328,22.3760529],[113.9603119,22.3761134],[113.9603061,22.3761641],[113.9603027,22.3762252],[113.9603027,22.376261],[113.9603088,22.3763343],[113.9603246,22.3764018],[113.9603577,22.3764751],[113.9603904,22.3765327],[113.9604442,22.3765993],[113.9615406,22.3779217],[113.9617261,22.378153],[113.9618369,22.3782934],[113.9625305,22.3792234],[113.9627531,22.3796047],[113.9628875,22.3799413],[113.9629822,22.3803086],[113.9630901,22.3808185],[113.9631866,22.3811567],[113.963221,22.3812966],[113.9632865,22.3815634],[113.9633523,22.3818312],[113.9633949,22.3820045],[113.9634135,22.3820803],[113.9634696,22.3823086],[113.9635386,22.3824649],[113.9637561,22.3829581],[113.9639513,22.3833641],[113.9641791,22.3838126],[113.9642971,22.3839977],[113.9644765,22.3842642],[113.9647607,22.3847685],[113.9648798,22.3850055],[113.9650155,22.3852754],[113.9651206,22.3854739],[113.9652145,22.3856484],[113.9654596,22.3861361],[113.9655141,22.3862623],[113.9655528,22.3863681],[113.9655853,22.3864842],[113.9655999,22.3865456],[113.9657709,22.3874318],[113.9658141,22.3876421],[113.9658303,22.3877101],[113.9658593,22.3878167],[113.9658901,22.3879238],[113.9659273,22.3880331],[113.9659932,22.3882077],[113.9661225,22.3884976],[113.9669957,22.3903668],[113.9671183,22.390629],[113.9673345,22.3910914],[113.9673634,22.3911576],[113.9673922,22.3912328],[113.9674194,22.3913165],[113.9674325,22.3913651],[113.9674434,22.3914218],[113.9674561,22.3915355],[113.9674614,22.3924921],[113.9674357,22.3933753],[113.9674488,22.3940957],[113.9674427,22.394355],[113.9674341,22.3945717]],[[113.9674341,22.3945717],[113.967432,22.3947795],[113.9674301,22.3948289],[113.9673841,22.3955203]],[[113.9673841,22.3955203],[113.9673617,22.3958623]],[[113.9673617,22.3958623],[113.9673508,22.3960169],[113.9673376,22.3962074],[113.9673431,22.396278],[113.9673202,22.3966145],[113.967301,22.3968061],[113.9672842,22.3969743],[113.9672736,22.397149],[113.967263,22.3973219],[113.9672108,22.3980341],[113.9672007,22.3982157],[113.9671993,22.3983805],[113.9672054,22.3985453],[113.9672189,22.3987096],[113.9672399,22.3988733],[113.9672683,22.399036],[113.9673038,22.3991975],[113.9673387,22.3993713],[113.9674323,22.3997854]],[[113.9674323,22.3997854],[113.9676204,22.4007755],[113.9676425,22.4008875],[113.9676584,22.4009657],[113.967676,22.4010559],[113.9677244,22.4013397],[113.9677387,22.4014218],[113.9677501,22.4015044],[113.9677594,22.4015981],[113.9677686,22.4017626],[113.9677675,22.4018965],[113.9677576,22.4020402],[113.9677469,22.4021258],[113.96771,22.4023204],[113.9676818,22.4024246],[113.9676495,22.4025224],[113.9676011,22.4026484],[113.9674809,22.4029003],[113.9672326,22.4033557]],[[113.9672326,22.4033557],[113.9671135,22.4035119],[113.967031,22.4036108],[113.9669347,22.403714],[113.9663025,22.4043375],[113.9661864,22.4044473],[113.9661008,22.4045201],[113.9660073,22.4045957],[113.9659538,22.4046359],[113.9658097,22.4047367],[113.9656985,22.4048119],[113.9656347,22.4048509]],[[113.9656347,22.4048509],[113.9650159,22.4051295],[113.9649769,22.405144],[113.9649256,22.4051607],[113.9648802,22.4051724],[113.9648371,22.4051803],[113.9644748,22.4052311],[113.9641646,22.4052737],[113.9637986,22.4053234],[113.9637596,22.4053307],[113.9636935,22.4053474],[113.9636319,22.4053682],[113.9635897,22.4053861],[113.9635457,22.4054082],[113.9635087,22.4054297],[113.9634755,22.4054512],[113.9634442,22.4054749],[113.9634096,22.4055047],[113.9633872,22.4055271],[113.9633608,22.4055561],[113.9633392,22.4055828],[113.963319,22.4056112],[113.9633138,22.4056194],[113.963304,22.4056348],[113.9632975,22.405645],[113.9632722,22.4056897],[113.9632504,22.4057358],[113.9632375,22.4057688],[113.9632244,22.4058092],[113.9632119,22.4058615],[113.9632039,22.4059132],[113.9631988,22.4059758],[113.9631996,22.4060324],[113.9632052,22.4060944],[113.9632137,22.4061454],[113.9632261,22.406194],[113.963246,22.4062508],[113.9632737,22.4063095],[113.9633055,22.4063654],[113.963337,22.4064134],[113.9633737,22.4064623],[113.9634761,22.4065821]],[[113.9634761,22.4065821],[113.9635618,22.40668],[113.9637013,22.4068417]],[[113.9637013,22.4068417],[113.9638471,22.4070096],[113.9638743,22.4070395],[113.963927,22.4070947],[113.9639864,22.4071516],[113.9640594,22.4072167],[113.9643129,22.4074369],[113.9643788,22.407492],[113.9644306,22.4075325],[113.9644796,22.4075666],[113.9645289,22.4075963],[113.9645823,22.407624],[113.9646336,22.407647],[113.9646883,22.4076668],[113.964754,22.4076871],[113.9648196,22.4077037],[113.9650318,22.4077454],[113.9652492,22.4077881],[113.9654249,22.4078216],[113.9654998,22.4078315],[113.9655729,22.4078381],[113.9656353,22.4078397],[113.9656899,22.4078381],[113.965749,22.4078335],[113.9658148,22.4078243],[113.9658674,22.4078142],[113.9659796,22.4077886]],[[113.9659796,22.4077886],[113.9662203,22.4077351],[113.9664466,22.4076858],[113.9668341,22.4076025],[113.9669257,22.4075812],[113.9669967,22.4075611],[113.9671,22.4075288],[113.9672203,22.4074863],[113.9673034,22.4074567],[113.9689034,22.4068891],[113.9689543,22.4068709],[113.9690049,22.4068527],[113.9692039,22.4067815],[113.9694318,22.4066996],[113.9694901,22.4066778],[113.9695498,22.4066597],[113.9696108,22.4066455],[113.9696727,22.4066352],[113.9697352,22.4066288],[113.9697981,22.4066265],[113.9698609,22.4066282],[113.9699235,22.4066339],[113.9699855,22.4066436],[113.9700466,22.4066572],[113.9701066,22.4066747],[113.9705394,22.4068111],[113.9708173,22.4068987],[113.9712054,22.4070125],[113.9712872,22.4070338],[113.9713986,22.4070631],[113.9725555,22.4073625],[113.9728479,22.4074378],[113.9733211,22.4075596],[113.9735206,22.4076188],[113.9737493,22.4076957],[113.9739464,22.4077704],[113.9740404,22.407809],[113.9741858,22.4078731],[113.9743164,22.4079344],[113.974398,22.4079772],[113.97461,22.4080939],[113.974751,22.4081802],[113.974908,22.4082853],[113.9750688,22.4084027],[113.9751961,22.4085039],[113.975321,22.4086114],[113.9754163,22.4086985],[113.9755127,22.4087922],[113.9756041,22.4088882],[113.9756954,22.4089919],[113.9757696,22.409085],[113.9758352,22.4091783],[113.9758753,22.4092414],[113.9759158,22.4093114],[113.9759947,22.4094537]],[[113.9759947,22.4094537],[113.9760576,22.4095671],[113.9760779,22.409607],[113.9761013,22.409653],[113.9761673,22.4097866]],[[113.9761673,22.4097866],[113.9761971,22.4098484],[113.9762478,22.4099611],[113.9762734,22.4100264],[113.976293,22.4100856],[113.9763151,22.4101637],[113.9763308,22.4102334],[113.976358,22.4104025],[113.9763781,22.4105813],[113.9763843,22.4106822],[113.9763873,22.4107674],[113.9763848,22.4110146],[113.9763742,22.4112232],[113.9763516,22.4115307],[113.9763475,22.4115734],[113.9763391,22.4116331],[113.9763138,22.4117657],[113.9762823,22.4118894],[113.9762693,22.4119624],[113.9762651,22.4120173],[113.9762656,22.4120434],[113.9762705,22.4120883],[113.9762745,22.4121117],[113.9762834,22.4121424],[113.9762965,22.4121738],[113.9763092,22.4121975],[113.9763247,22.4122218],[113.9763454,22.4122508],[113.9763623,22.4122709],[113.9763797,22.4122894],[113.9764037,22.4123118],[113.9764237,22.4123286],[113.9764378,22.4123384],[113.9764478,22.4123453],[113.9764705,22.4123589],[113.976503,22.4123742],[113.9765355,22.412386],[113.9765682,22.4123942],[113.9765998,22.4124004],[113.9766414,22.4124061],[113.9766766,22.4124086],[113.9767133,22.4124091],[113.9767677,22.4124056],[113.9768042,22.4124015],[113.9768453,22.4123957],[113.9768842,22.4123881],[113.9769354,22.4123773],[113.9775919,22.4122114],[113.9778058,22.4121559]],[[113.9778058,22.4121559],[113.977852,22.412144],[113.9778997,22.4121271],[113.9779421,22.4121035],[113.9779758,22.4120751],[113.9780063,22.4120356],[113.9781323,22.4118367]]]}},{"type":"Feature","properties":{"kind":"stop","name":"Tin Yat","reference":"550","routeCodes":["751","751P"],"osmNodeIds":[2304841359]},"geometry":{"type":"Point","coordinates":[113.9993185,22.4667478]}},{"type":"Feature","properties":{"kind":"stop","name":"Tin Fu","reference":"480","routeCodes":["705","751","751P","761P"],"osmNodeIds":[1777130732]},"geometry":{"type":"Point","coordinates":[113.9976819,22.4645568]}},{"type":"Feature","properties":{"kind":"stop","name":"Chung Fu","reference":"468","routeCodes":["705","751","751P","761P"],"osmNodeIds":[1783169565]},"geometry":{"type":"Point","coordinates":[113.9970051,22.4619992]}},{"type":"Feature","properties":{"kind":"stop","name":"Chestwood","reference":"490","routeCodes":["751","751P"],"osmNodeIds":[1783169564]},"geometry":{"type":"Point","coordinates":[113.9995715,22.4597012]}},{"type":"Feature","properties":{"kind":"stop","name":"Tin Wing","reference":"500","routeCodes":["706","751","751P"],"osmNodeIds":[1783169572]},"geometry":{"type":"Point","coordinates":[114.0028292,22.4595274]}},{"type":"Feature","properties":{"kind":"stop","name":"Ginza","reference":"455","routeCodes":["706","751","751P"],"osmNodeIds":[279447664]},"geometry":{"type":"Point","coordinates":[114.0049707,22.4575666]}},{"type":"Feature","properties":{"kind":"stop","name":"Tin Wu","reference":"450","routeCodes":["706","751","751P"],"osmNodeIds":[279447972]},"geometry":{"type":"Point","coordinates":[114.0057105,22.454932]}},{"type":"Feature","properties":{"kind":"stop","name":"Tin Tsz","reference":"435","routeCodes":["706","751","751P"],"osmNodeIds":[279448176]},"geometry":{"type":"Point","coordinates":[114.0060687,22.4527625]}},{"type":"Feature","properties":{"kind":"stop","name":"Tin Shui Wai","reference":"430","routeCodes":["706","751","751P"],"osmNodeIds":[279448431]},"geometry":{"type":"Point","coordinates":[114.0060439,22.4493741]}},{"type":"Feature","properties":{"kind":"stop","name":"Hang Mei Tsuen","reference":"425","routeCodes":["751","751P","761P"],"osmNodeIds":[1777130723]},"geometry":{"type":"Point","coordinates":[114.0056138,22.4451156]}},{"type":"Feature","properties":{"kind":"stop","name":"Hung Shui Kiu","reference":"380","routeCodes":["610","614","615","751","751P"],"osmNodeIds":[1735275623]},"geometry":{"type":"Point","coordinates":[113.9974676,22.4336358]}},{"type":"Feature","properties":{"kind":"stop","name":"Chung Uk Tsuen","reference":"370","routeCodes":["610","614","615","751","751P"],"osmNodeIds":[1735275615]},"geometry":{"type":"Point","coordinates":[113.9922253,22.4296735]}},{"type":"Feature","properties":{"kind":"stop","name":"Nai Wai","reference":"360","routeCodes":["610","614","615","751","751P"],"osmNodeIds":[1735275650]},"geometry":{"type":"Point","coordinates":[113.986814,22.424044]}},{"type":"Feature","properties":{"kind":"stop","name":"Lam Tei","reference":"350","routeCodes":["610","614","615","751","751P"],"osmNodeIds":[1735275633]},"geometry":{"type":"Point","coordinates":[113.9819948,22.4188831]}},{"type":"Feature","properties":{"kind":"stop","name":"Siu Hong","reference":"100","routeCodes":["610","614","615","751","751P"],"osmNodeIds":[1716515092]},"geometry":{"type":"Point","coordinates":[113.9784408,22.4119631]}},{"type":"Feature","properties":{"kind":"stop","name":"Tuen Mun Hospital","reference":"090","routeCodes":["610","751"],"osmNodeIds":[1716515133]},"geometry":{"type":"Point","coordinates":[113.9771307,22.4078086]}},{"type":"Feature","properties":{"kind":"stop","name":"Affluence","reference":"080","routeCodes":["610","751"],"osmNodeIds":[1716515023]},"geometry":{"type":"Point","coordinates":[113.9758686,22.4035116]}},{"type":"Feature","properties":{"kind":"stop","name":"Choy Yee Bridge","reference":"075","routeCodes":["507","751"],"osmNodeIds":[1716515029]},"geometry":{"type":"Point","coordinates":[113.9745756,22.4003342]}},{"type":"Feature","properties":{"kind":"stop","name":"Ho Tin","reference":"070","routeCodes":["507","751"],"osmNodeIds":[1716515032]},"geometry":{"type":"Point","coordinates":[113.9731181,22.397448]}},{"type":"Feature","properties":{"kind":"stop","name":"Tuen Mun","reference":"295","routeCodes":["505","507","751"],"osmNodeIds":[299402688]},"geometry":{"type":"Point","coordinates":[113.9730817,22.3938547]}},{"type":"Feature","properties":{"kind":"stop","name":"Town Centre","reference":"280","routeCodes":["505","507","614","614P","751"],"osmNodeIds":[1719431829]},"geometry":{"type":"Point","coordinates":[113.9750666,22.3913686]}},{"type":"Feature","properties":{"kind":"stop","name":"Yau Oi","reference":"275","routeCodes":["751"],"osmNodeIds":[2303992318]},"geometry":{"type":"Point","coordinates":[113.9735852,22.3867019]}},{"type":"Feature","properties":{"kind":"stop","name":"Tin Shui Wai","reference":"430","routeCodes":["705"],"osmNodeIds":[1784785708]},"geometry":{"type":"Point","coordinates":[114.00591,22.4494881]}},{"type":"Feature","properties":{"kind":"stop","name":"Tin Tsz","reference":"435","routeCodes":["705","751","751P"],"osmNodeIds":[1783169571]},"geometry":{"type":"Point","coordinates":[114.006036,22.4527465]}},{"type":"Feature","properties":{"kind":"stop","name":"Tin Wu","reference":"450","routeCodes":["705","751","751P"],"osmNodeIds":[1783169577]},"geometry":{"type":"Point","coordinates":[114.0056769,22.4549411]}},{"type":"Feature","properties":{"kind":"stop","name":"Ginza","reference":"455","routeCodes":["705","751","751P"],"osmNodeIds":[1783169567]},"geometry":{"type":"Point","coordinates":[114.0049475,22.4575383]}},{"type":"Feature","properties":{"kind":"stop","name":"Tin Wing","reference":"500","routeCodes":["705"],"osmNodeIds":[4788509628]},"geometry":{"type":"Point","coordinates":[114.0023817,22.4597405]}},{"type":"Feature","properties":{"kind":"stop","name":"Tin Yuet","reference":"510","routeCodes":["705"],"osmNodeIds":[1777130781]},"geometry":{"type":"Point","coordinates":[114.001595,22.4627676]}},{"type":"Feature","properties":{"kind":"stop","name":"Tin Sau","reference":"520","routeCodes":["705"],"osmNodeIds":[1777130761]},"geometry":{"type":"Point","coordinates":[114.0028777,22.4655254]}},{"type":"Feature","properties":{"kind":"stop","name":"Wetland Park","reference":"530","routeCodes":["705"],"osmNodeIds":[1777130789]},"geometry":{"type":"Point","coordinates":[114.0025104,22.4695421]}},{"type":"Feature","properties":{"kind":"stop","name":"Tin Heng","reference":"540","routeCodes":["705"],"osmNodeIds":[1777130743]},"geometry":{"type":"Point","coordinates":[114.0007733,22.4697143]}},{"type":"Feature","properties":{"kind":"stop","name":"Tin Yat","reference":"550","routeCodes":["705"],"osmNodeIds":[1777130767]},"geometry":{"type":"Point","coordinates":[113.9988215,22.4670133]}},{"type":"Feature","properties":{"kind":"stop","name":"Tin Shui","reference":"460","routeCodes":["705","761P"],"osmNodeIds":[1784785709]},"geometry":{"type":"Point","coordinates":[113.9994144,22.4558962]}},{"type":"Feature","properties":{"kind":"stop","name":"Locwood","reference":"448","routeCodes":["705","761P"],"osmNodeIds":[1784785705]},"geometry":{"type":"Point","coordinates":[114.0011278,22.4530876]}},{"type":"Feature","properties":{"kind":"stop","name":"Tin Yiu","reference":"445","routeCodes":["705","761P"],"osmNodeIds":[1784785711]},"geometry":{"type":"Point","coordinates":[114.0027833,22.4503653]}},{"type":"Feature","properties":{"kind":"stop","name":"Tin Yiu","reference":"445","routeCodes":["706","761P"],"osmNodeIds":[279442612]},"geometry":{"type":"Point","coordinates":[114.0027493,22.4503513]}},{"type":"Feature","properties":{"kind":"stop","name":"Locwood","reference":"448","routeCodes":["706","761P"],"osmNodeIds":[279442637]},"geometry":{"type":"Point","coordinates":[114.0010998,22.453067]}},{"type":"Feature","properties":{"kind":"stop","name":"Tin Shui","reference":"460","routeCodes":["706","761P"],"osmNodeIds":[279447559]},"geometry":{"type":"Point","coordinates":[113.9993853,22.4558814]}},{"type":"Feature","properties":{"kind":"stop","name":"Chung Fu","reference":"468","routeCodes":["706","751","751P","761P"],"osmNodeIds":[1783169566]},"geometry":{"type":"Point","coordinates":[113.9969703,22.4620153]}},{"type":"Feature","properties":{"kind":"stop","name":"Tin Fu","reference":"480","routeCodes":["706","751","751P","761P"],"osmNodeIds":[1777130737]},"geometry":{"type":"Point","coordinates":[113.9976446,22.4645667]}},{"type":"Feature","properties":{"kind":"stop","name":"Tin Yat","reference":"550","routeCodes":["706","751"],"osmNodeIds":[1777130772]},"geometry":{"type":"Point","coordinates":[113.9987878,22.4670313]}},{"type":"Feature","properties":{"kind":"stop","name":"Tin Heng","reference":"540","routeCodes":["706"],"osmNodeIds":[1777130750]},"geometry":{"type":"Point","coordinates":[114.0007447,22.4697388]}},{"type":"Feature","properties":{"kind":"stop","name":"Wetland Park","reference":"530","routeCodes":["706"],"osmNodeIds":[1777130795]},"geometry":{"type":"Point","coordinates":[114.0025471,22.4695513]}},{"type":"Feature","properties":{"kind":"stop","name":"Tin Sau","reference":"520","routeCodes":["706"],"osmNodeIds":[1777130755]},"geometry":{"type":"Point","coordinates":[114.0029157,22.4655122]}},{"type":"Feature","properties":{"kind":"stop","name":"Tin Yuet","reference":"510","routeCodes":["706"],"osmNodeIds":[1777130773]},"geometry":{"type":"Point","coordinates":[114.001634,22.4627679]}},{"type":"Feature","properties":{"kind":"stop","name":"Yuen Long","reference":"600","routeCodes":["761P"],"osmNodeIds":[513338211]},"geometry":{"type":"Point","coordinates":[114.0346217,22.4457565]}},{"type":"Feature","properties":{"kind":"stop","name":"Tai Tong Road","reference":"590","routeCodes":["610","614","615","761P"],"osmNodeIds":[279249033]},"geometry":{"type":"Point","coordinates":[114.0300285,22.4444481]}},{"type":"Feature","properties":{"kind":"stop","name":"Hong Lok Road","reference":"580","routeCodes":["610","614","615","761P"],"osmNodeIds":[279249261]},"geometry":{"type":"Point","coordinates":[114.0273253,22.4444841]}},{"type":"Feature","properties":{"kind":"stop","name":"Fung Nin Road","reference":"570","routeCodes":["610","614","615","761P"],"osmNodeIds":[1979749245]},"geometry":{"type":"Point","coordinates":[114.0238837,22.4445167]}},{"type":"Feature","properties":{"kind":"stop","name":"Shui Pin Wai","reference":"560","routeCodes":["610","614","615","761P"],"osmNodeIds":[1979749251]},"geometry":{"type":"Point","coordinates":[114.0204769,22.4444986]}},{"type":"Feature","properties":{"kind":"stop","name":"Ping Shan","reference":"400","routeCodes":["610","614","615","761P"],"osmNodeIds":[1735275653]},"geometry":{"type":"Point","coordinates":[114.0123818,22.4429984]}},{"type":"Feature","properties":{"kind":"stop","name":"Tong Fong Tsuen","reference":"390","routeCodes":["610","614","615","761P"],"osmNodeIds":[1735275664]},"geometry":{"type":"Point","coordinates":[114.0076412,22.4403959]}},{"type":"Feature","properties":{"kind":"stop","name":"Hang Mei Tsuen","reference":"425","routeCodes":["751","761P"],"osmNodeIds":[279442592]},"geometry":{"type":"Point","coordinates":[114.0055761,22.4451033]}},{"type":"Feature","properties":{"kind":"stop","name":"Tin Yat","reference":"550","routeCodes":["761P"],"osmNodeIds":[2304841354]},"geometry":{"type":"Point","coordinates":[113.9992407,22.4667895]}},{"type":"Feature","properties":{"kind":"stop","name":"Siu Hong","reference":"100","routeCodes":["505","614P","615P"],"osmNodeIds":[2812747293]},"geometry":{"type":"Point","coordinates":[113.9781323,22.4118367]}},{"type":"Feature","properties":{"kind":"stop","name":"Ching Chung","reference":"120","routeCodes":["505","615","615P"],"osmNodeIds":[1716515027]},"geometry":{"type":"Point","coordinates":[113.9725636,22.4073283]}},{"type":"Feature","properties":{"kind":"stop","name":"Kin Sang","reference":"130","routeCodes":["505","615","615P"],"osmNodeIds":[1716515042]},"geometry":{"type":"Point","coordinates":[113.9691898,22.4067479]}},{"type":"Feature","properties":{"kind":"stop","name":"Tin King","reference":"140","routeCodes":["505","615","615P"],"osmNodeIds":[1716518234]},"geometry":{"type":"Point","coordinates":[113.9664372,22.4076484]}},{"type":"Feature","properties":{"kind":"stop","name":"Leung King","reference":"150","routeCodes":["505","507","615","615P"],"osmNodeIds":[1716515044]},"geometry":{"type":"Point","coordinates":[113.9635936,22.4066563]}},{"type":"Feature","properties":{"kind":"stop","name":"San Wai","reference":"160","routeCodes":["505","507","615","615P"],"osmNodeIds":[1716515080]},"geometry":{"type":"Point","coordinates":[113.9644805,22.4052659]}},{"type":"Feature","properties":{"kind":"stop","name":"Shek Pai","reference":"170","routeCodes":["505","610","615","615P"],"osmNodeIds":[1716515083]},"geometry":{"type":"Point","coordinates":[113.967782,22.4014161]}},{"type":"Feature","properties":{"kind":"stop","name":"Ming Kum","reference":"200","routeCodes":["505","610","615","615P"],"osmNodeIds":[1716515054]},"geometry":{"type":"Point","coordinates":[113.9673172,22.3971513]}},{"type":"Feature","properties":{"kind":"stop","name":"Kin On","reference":"060","routeCodes":["505"],"osmNodeIds":[1716515038]},"geometry":{"type":"Point","coordinates":[113.9689046,22.3951896]}},{"type":"Feature","properties":{"kind":"stop","name":"On Ting","reference":"270","routeCodes":["505","507","614","614P"],"osmNodeIds":[1712155451]},"geometry":{"type":"Point","coordinates":[113.9751228,22.3875741]}},{"type":"Feature","properties":{"kind":"stop","name":"Siu Lun","reference":"265","routeCodes":["505","507","614","614P"],"osmNodeIds":[797776531]},"geometry":{"type":"Point","coordinates":[113.9750578,22.3845814]}},{"type":"Feature","properties":{"kind":"stop","name":"Sam Shing","reference":"920","routeCodes":["505"],"osmNodeIds":[1719431775]},"geometry":{"type":"Point","coordinates":[113.976693,22.3827864]}},{"type":"Feature","properties":{"kind":"stop","name":"Tuen Mun Ferry Pier","reference":"001","routeCodes":["507"],"osmNodeIds":[1723162821]},"geometry":{"type":"Point","coordinates":[113.96629,22.3726294]}},{"type":"Feature","properties":{"kind":"stop","name":"Siu Hei","reference":"240","routeCodes":["507","614","614P"],"osmNodeIds":[1719431790]},"geometry":{"type":"Point","coordinates":[113.9668501,22.3752272]}},{"type":"Feature","properties":{"kind":"stop","name":"Hoi Wong Road","reference":"250","routeCodes":["507","614","614P"],"osmNodeIds":[1719431841]},"geometry":{"type":"Point","coordinates":[113.9703558,22.3812447]}},{"type":"Feature","properties":{"kind":"stop","name":"Goodview Garden","reference":"260","routeCodes":["507","614","614P"],"osmNodeIds":[1719431742]},"geometry":{"type":"Point","coordinates":[113.9730479,22.3833279]}},{"type":"Feature","properties":{"kind":"stop","name":"Siu Lun","reference":"265","routeCodes":["505","507","614","614P"],"osmNodeIds":[1719431800]},"geometry":{"type":"Point","coordinates":[113.975019,22.3845834]}},{"type":"Feature","properties":{"kind":"stop","name":"On Ting","reference":"270","routeCodes":["505","507","614","614P","751"],"osmNodeIds":[1719431757]},"geometry":{"type":"Point","coordinates":[113.9750826,22.3875746]}},{"type":"Feature","properties":{"kind":"stop","name":"Town Centre","reference":"280","routeCodes":["505","507","614","614P","751"],"osmNodeIds":[1719431809]},"geometry":{"type":"Point","coordinates":[113.9748608,22.3913037]}},{"type":"Feature","properties":{"kind":"stop","name":"Tuen Mun","reference":"295","routeCodes":["505","507","751"],"osmNodeIds":[1716515132]},"geometry":{"type":"Point","coordinates":[113.9730692,22.3938077]}},{"type":"Feature","properties":{"kind":"stop","name":"Ho Tin","reference":"070","routeCodes":["507","751"],"osmNodeIds":[696727744]},"geometry":{"type":"Point","coordinates":[113.9728873,22.3967567]}},{"type":"Feature","properties":{"kind":"stop","name":"Choy Yee Bridge","reference":"075","routeCodes":["507","751"],"osmNodeIds":[1711045136]},"geometry":{"type":"Point","coordinates":[113.9741138,22.3998135]}},{"type":"Feature","properties":{"kind":"stop","name":"Ngan Wai","reference":"230","routeCodes":["507","610"],"osmNodeIds":[1716515057]},"geometry":{"type":"Point","coordinates":[113.9748548,22.4024199]}},{"type":"Feature","properties":{"kind":"stop","name":"Tai Hing (South)","reference":"220","routeCodes":["507","610"],"osmNodeIds":[1716515118]},"geometry":{"type":"Point","coordinates":[113.9719894,22.4027052]}},{"type":"Feature","properties":{"kind":"stop","name":"Tai Hing (North)","reference":"212","routeCodes":["507","610"],"osmNodeIds":[1716515104]},"geometry":{"type":"Point","coordinates":[113.9704597,22.4039179]}},{"type":"Feature","properties":{"kind":"stop","name":"San Wai","reference":"160","routeCodes":["505","507","615","615P"],"osmNodeIds":[1716515076]},"geometry":{"type":"Point","coordinates":[113.9644748,22.4052311]}},{"type":"Feature","properties":{"kind":"stop","name":"Leung King","reference":"150","routeCodes":["505","507","615","615P"],"osmNodeIds":[1710824696]},"geometry":{"type":"Point","coordinates":[113.9635618,22.40668]}},{"type":"Feature","properties":{"kind":"stop","name":"Tin King","reference":"140","routeCodes":["507"],"osmNodeIds":[2812747296]},"geometry":{"type":"Point","coordinates":[113.9663625,22.4079047]}},{"type":"Feature","properties":{"kind":"stop","name":"Tuen Mun Ferry Pier","reference":"001","routeCodes":["610"],"osmNodeIds":[1723162788]},"geometry":{"type":"Point","coordinates":[113.966538,22.3725607]}},{"type":"Feature","properties":{"kind":"stop","name":"Melody Garden","reference":"010","routeCodes":["610","615","615P"],"osmNodeIds":[770946515]},"geometry":{"type":"Point","coordinates":[113.9611818,22.3750618]}},{"type":"Feature","properties":{"kind":"stop","name":"Butterfly","reference":"015","routeCodes":["610","615","615P"],"osmNodeIds":[1716515025]},"geometry":{"type":"Point","coordinates":[113.9617261,22.378153]}},{"type":"Feature","properties":{"kind":"stop","name":"Light Rail Depot","reference":"020","routeCodes":["610","615","615P"],"osmNodeIds":[770940634]},"geometry":{"type":"Point","coordinates":[113.9633523,22.3818312]}},{"type":"Feature","properties":{"kind":"stop","name":"Lung Mun","reference":"030","routeCodes":["610","615","615P"],"osmNodeIds":[1712155450]},"geometry":{"type":"Point","coordinates":[113.9650155,22.3852754]}},{"type":"Feature","properties":{"kind":"stop","name":"Tsing Shan Tsuen","reference":"040","routeCodes":["610","615","615P"],"osmNodeIds":[770928241]},"geometry":{"type":"Point","coordinates":[113.9669957,22.3903668]}},{"type":"Feature","properties":{"kind":"stop","name":"Tsing Wun","reference":"050","routeCodes":["610","615","615P"],"osmNodeIds":[770928284]},"geometry":{"type":"Point","coordinates":[113.9674427,22.394355]}},{"type":"Feature","properties":{"kind":"stop","name":"Ming Kum","reference":"200","routeCodes":["610","615","615P"],"osmNodeIds":[1716515053]},"geometry":{"type":"Point","coordinates":[113.9672736,22.397149]}},{"type":"Feature","properties":{"kind":"stop","name":"Shek Pai","reference":"170","routeCodes":["505","610","615","615P"],"osmNodeIds":[1716515091]},"geometry":{"type":"Point","coordinates":[113.9677387,22.4014218]}},{"type":"Feature","properties":{"kind":"stop","name":"Tai Hing (North)","reference":"212","routeCodes":["507","610"],"osmNodeIds":[1716515109]},"geometry":{"type":"Point","coordinates":[113.9699703,22.4045658]}},{"type":"Feature","properties":{"kind":"stop","name":"Tai Hing (South)","reference":"220","routeCodes":["507","610"],"osmNodeIds":[1716515119]},"geometry":{"type":"Point","coordinates":[113.9720476,22.4027927]}},{"type":"Feature","properties":{"kind":"stop","name":"Ngan Wai","reference":"230","routeCodes":["507","610"],"osmNodeIds":[1716515058]},"geometry":{"type":"Point","coordinates":[113.9743705,22.4026116]}},{"type":"Feature","properties":{"kind":"stop","name":"Affluence","reference":"080","routeCodes":["610","751"],"osmNodeIds":[797780347]},"geometry":{"type":"Point","coordinates":[113.975831,22.4035202]}},{"type":"Feature","properties":{"kind":"stop","name":"Tuen Mun Hospital","reference":"090","routeCodes":["610","751"],"osmNodeIds":[797780349]},"geometry":{"type":"Point","coordinates":[113.9770954,22.4078144]}},{"type":"Feature","properties":{"kind":"stop","name":"Siu Hong","reference":"100","routeCodes":["610","614","615","751"],"osmNodeIds":[1716515096]},"geometry":{"type":"Point","coordinates":[113.9784003,22.4119738]}},{"type":"Feature","properties":{"kind":"stop","name":"Lam Tei","reference":"350","routeCodes":["610","614","615","751"],"osmNodeIds":[1735275632]},"geometry":{"type":"Point","coordinates":[113.9817121,22.4184953]}},{"type":"Feature","properties":{"kind":"stop","name":"Nai Wai","reference":"360","routeCodes":["610","614","615","751"],"osmNodeIds":[1735275648]},"geometry":{"type":"Point","coordinates":[113.9863554,22.4236166]}},{"type":"Feature","properties":{"kind":"stop","name":"Chung Uk Tsuen","reference":"370","routeCodes":["610","614","615","751"],"osmNodeIds":[1735275618]},"geometry":{"type":"Point","coordinates":[113.9922035,22.4296983]}},{"type":"Feature","properties":{"kind":"stop","name":"Hung Shui Kiu","reference":"380","routeCodes":["610","614","615","751"],"osmNodeIds":[1735275631]},"geometry":{"type":"Point","coordinates":[113.9974391,22.4336572]}},{"type":"Feature","properties":{"kind":"stop","name":"Tong Fong Tsuen","reference":"390","routeCodes":["610","614","615","761P"],"osmNodeIds":[279256141]},"geometry":{"type":"Point","coordinates":[114.0070936,22.4400905]}},{"type":"Feature","properties":{"kind":"stop","name":"Ping Shan","reference":"400","routeCodes":["610","614","615","761P"],"osmNodeIds":[279256136]},"geometry":{"type":"Point","coordinates":[114.0117742,22.4427957]}},{"type":"Feature","properties":{"kind":"stop","name":"Shui Pin Wai","reference":"560","routeCodes":["610","614","615","761P"],"osmNodeIds":[279249517]},"geometry":{"type":"Point","coordinates":[114.0199068,22.4444307]}},{"type":"Feature","properties":{"kind":"stop","name":"Fung Nin Road","reference":"570","routeCodes":["610","614","615","761P"],"osmNodeIds":[279249264]},"geometry":{"type":"Point","coordinates":[114.0238842,22.4445455]}},{"type":"Feature","properties":{"kind":"stop","name":"Hong Lok Road","reference":"580","routeCodes":["610","614","615","761P"],"osmNodeIds":[1979749248]},"geometry":{"type":"Point","coordinates":[114.0266578,22.444527]}},{"type":"Feature","properties":{"kind":"stop","name":"Tai Tong Road","reference":"590","routeCodes":["610","614","615","761P"],"osmNodeIds":[1979749256]},"geometry":{"type":"Point","coordinates":[114.0289746,22.4445026]}},{"type":"Feature","properties":{"kind":"stop","name":"Yuen Long","reference":"600","routeCodes":["610"],"osmNodeIds":[1978608713]},"geometry":{"type":"Point","coordinates":[114.0347252,22.4456269]}},{"type":"Feature","properties":{"kind":"stop","name":"Yuen Long","reference":"600","routeCodes":["614"],"osmNodeIds":[514107469]},"geometry":{"type":"Point","coordinates":[114.0347843,22.4455614]}},{"type":"Feature","properties":{"kind":"stop","name":"Fung Tei","reference":"340","routeCodes":["614","614P"],"osmNodeIds":[1716515030]},"geometry":{"type":"Point","coordinates":[113.978811,22.4067586]}},{"type":"Feature","properties":{"kind":"stop","name":"Prime View","reference":"330","routeCodes":["614","614P"],"osmNodeIds":[1716515064]},"geometry":{"type":"Point","coordinates":[113.979469,22.4031278]}},{"type":"Feature","properties":{"kind":"stop","name":"San Hui","reference":"320","routeCodes":["614","614P"],"osmNodeIds":[1716515072]},"geometry":{"type":"Point","coordinates":[113.9780452,22.4002411]}},{"type":"Feature","properties":{"kind":"stop","name":"Hoh Fuk Tong","reference":"310","routeCodes":["614","614P"],"osmNodeIds":[1716515034]},"geometry":{"type":"Point","coordinates":[113.9774907,22.3974112]}},{"type":"Feature","properties":{"kind":"stop","name":"Pui To","reference":"300","routeCodes":["614","614P"],"osmNodeIds":[1716515067]},"geometry":{"type":"Point","coordinates":[113.9767912,22.3946624]}},{"type":"Feature","properties":{"kind":"stop","name":"Goodview Garden","reference":"260","routeCodes":["507","614","614P"],"osmNodeIds":[1712155449]},"geometry":{"type":"Point","coordinates":[113.9730445,22.3832794]}},{"type":"Feature","properties":{"kind":"stop","name":"Hoi Wong Road","reference":"250","routeCodes":["507","614","614P"],"osmNodeIds":[1719431836]},"geometry":{"type":"Point","coordinates":[113.9703882,22.3811755]}},{"type":"Feature","properties":{"kind":"stop","name":"Siu Hei","reference":"240","routeCodes":["507","614","614P"],"osmNodeIds":[770928088]},"geometry":{"type":"Point","coordinates":[113.9668826,22.3752432]}},{"type":"Feature","properties":{"kind":"stop","name":"Tuen Mun Ferry Pier","reference":"001","routeCodes":["614","614P"],"osmNodeIds":[770928263]},"geometry":{"type":"Point","coordinates":[113.9666595,22.3725334]}},{"type":"Feature","properties":{"kind":"stop","name":"Yuen Long","reference":"600","routeCodes":["615"],"osmNodeIds":[513342904]},"geometry":{"type":"Point","coordinates":[114.034664,22.4456917]}},{"type":"Feature","properties":{"kind":"stop","name":"Tsing Wun","reference":"050","routeCodes":["610","615","615P"],"osmNodeIds":[1716515606]},"geometry":{"type":"Point","coordinates":[113.9674801,22.3943558]}},{"type":"Feature","properties":{"kind":"stop","name":"Tsing Shan Tsuen","reference":"040","routeCodes":["610","615","615P"],"osmNodeIds":[1716515131]},"geometry":{"type":"Point","coordinates":[113.9672929,22.3909179]}},{"type":"Feature","properties":{"kind":"stop","name":"Lung Mun","reference":"030","routeCodes":["610","615","615P"],"osmNodeIds":[1716515051]},"geometry":{"type":"Point","coordinates":[113.9650567,22.3852573]}},{"type":"Feature","properties":{"kind":"stop","name":"Light Rail Depot","reference":"020","routeCodes":["610","615","615P"],"osmNodeIds":[1716515047]},"geometry":{"type":"Point","coordinates":[113.9633926,22.3818228]}},{"type":"Feature","properties":{"kind":"stop","name":"Butterfly","reference":"015","routeCodes":["610","615","615P"],"osmNodeIds":[1716515024]},"geometry":{"type":"Point","coordinates":[113.9617525,22.3781351]}},{"type":"Feature","properties":{"kind":"stop","name":"Melody Garden","reference":"010","routeCodes":["610","615","615P"],"osmNodeIds":[1716515147]},"geometry":{"type":"Point","coordinates":[113.961216,22.3750842]}},{"type":"Feature","properties":{"kind":"stop","name":"Tuen Mun Ferry Pier","reference":"001","routeCodes":["610","615","615P"],"osmNodeIds":[1723162826]},"geometry":{"type":"Point","coordinates":[113.9670515,22.3726799]}},{"type":"Feature","properties":{"kind":"stop","name":"Pui To","reference":"300","routeCodes":["614","614P"],"osmNodeIds":[299402684]},"geometry":{"type":"Point","coordinates":[113.9767772,22.3947007]}},{"type":"Feature","properties":{"kind":"stop","name":"Hoh Fuk Tong","reference":"310","routeCodes":["614","614P"],"osmNodeIds":[1716515033]},"geometry":{"type":"Point","coordinates":[113.9774588,22.3974043]}},{"type":"Feature","properties":{"kind":"stop","name":"San Hui","reference":"320","routeCodes":["614","614P"],"osmNodeIds":[489432593]},"geometry":{"type":"Point","coordinates":[113.9780179,22.4002502]}},{"type":"Feature","properties":{"kind":"stop","name":"Prime View","reference":"330","routeCodes":["614","614P"],"osmNodeIds":[489432569]},"geometry":{"type":"Point","coordinates":[113.9794346,22.4031419]}},{"type":"Feature","properties":{"kind":"stop","name":"Fung Tei","reference":"340","routeCodes":["614","614P"],"osmNodeIds":[489432549]},"geometry":{"type":"Point","coordinates":[113.9787706,22.4067658]}},{"type":"Feature","properties":{"kind":"stop","name":"Siu Hong","reference":"100","routeCodes":["614P","615P"],"osmNodeIds":[2812747292]},"geometry":{"type":"Point","coordinates":[113.9780884,22.4118129]}},{"type":"Feature","properties":{"kind":"stop","name":"Kei Lun","reference":"110","routeCodes":["615P"],"osmNodeIds":[1716515035]},"geometry":{"type":"Point","coordinates":[113.9763956,22.4103997]}},{"type":"Feature","properties":{"kind":"stop","name":"Tuen Mun Ferry Pier","reference":"001","routeCodes":["615","615P"],"osmNodeIds":[1723162796]},"geometry":{"type":"Point","coordinates":[113.9664154,22.3725946]}},{"type":"Feature","properties":{"kind":"stop","name":"Tin King","reference":"140","routeCodes":["505","615","615P"],"osmNodeIds":[1716515130]},"geometry":{"type":"Point","coordinates":[113.9664466,22.4076858]}},{"type":"Feature","properties":{"kind":"stop","name":"Kin Sang","reference":"130","routeCodes":["505","615","615P"],"osmNodeIds":[1710824646]},"geometry":{"type":"Point","coordinates":[113.9692039,22.4067815]}},{"type":"Feature","properties":{"kind":"stop","name":"Ching Chung","reference":"120","routeCodes":["505","615","615P"],"osmNodeIds":[1716515028]},"geometry":{"type":"Point","coordinates":[113.9725555,22.4073625]}},{"type":"Feature","properties":{"kind":"stop","name":"Kei Lun","reference":"110","routeCodes":["505","615P"],"osmNodeIds":[1716515036]},"geometry":{"type":"Point","coordinates":[113.9763848,22.4110146]}},{"type":"Feature","properties":{"kind":"stop","name":"Sam Shing","reference":"920","routeCodes":["505"],"osmNodeIds":[1719431764]},"geometry":{"type":"Point","coordinates":[113.9766172,22.3824804]}},{"type":"Feature","properties":{"kind":"stop","name":"Kin On","reference":"060","routeCodes":["505"],"osmNodeIds":[1716515037]},"geometry":{"type":"Point","coordinates":[113.9688962,22.3951593]}},{"type":"Feature","properties":{"kind":"stop","name":"Shan King (South)","reference":"190","routeCodes":["505"],"osmNodeIds":[770928867]},"geometry":{"type":"Point","coordinates":[113.9660737,22.3966967]}},{"type":"Feature","properties":{"kind":"stop","name":"Shan King (North)","reference":"180","routeCodes":["505"],"osmNodeIds":[770928863]},"geometry":{"type":"Point","coordinates":[113.9666623,22.3984819]}},{"type":"Feature","properties":{"kind":"stop","name":"Tin Shui Wai","reference":"430","routeCodes":["751","751P"],"osmNodeIds":[1784785707]},"geometry":{"type":"Point","coordinates":[114.006001,22.4494045]}},{"type":"Feature","properties":{"kind":"stop","name":"Chestwood","reference":"490","routeCodes":["751","751P"],"osmNodeIds":[279447571]},"geometry":{"type":"Point","coordinates":[113.9995899,22.4596684]}}]}
